Payroll Name,Code,Designation,Store,Manager,In Date,Time In,Time Out,Actual Gap From Previous Out,Timecard Hours (as Time),Guards Name
"1, security guard",,,,,6/1/2026,9:28,14:24,,4:56,
"1, security guard",,,,,6/1/2026,15:09,20:50,0:45,5:41,
"1, security guard",,,,,6/3/2026,9:20,14:18,,4:58,
"1, security guard",,,,,6/3/2026,15:16,20:43,0:58,5:27,
"1, security guard",,,,,6/4/2026,9:29,14:26,,4:57,
"1, security guard",,,,,6/4/2026,15:23,20:44,0:57,5:21,
"1, security guard",,,,,6/5/2026,9:17,13:07,,3:50,
"1, security guard",,,,,6/5/2026,14:41,21:21,1:34,6:40,
"1, security guard",,,,,6/6/2026,9:16,10:36,,1:20,
"1, security guard",,,,,6/6/2026,10:44,14:11,0:08,3:35,
"1, security guard",,,,,6/6/2026,15:10,21:18,0:59,6:08,
"1, security guard",,,,,6/7/2026,11:20,15:01,,3:41,
"1, security guard",,,,,6/7/2026,15:53,18:40,0:52,2:47,
"1, security guard",,,,,6/9/2026,9:22,14:20,,4:58,
"1, security guard",,,,,6/9/2026,15:12,20:38,0:52,5:26,
"1, security guard",,,,,6/10/2026,9:26,14:20,,4:54,
"1, security guard",,,,,6/10/2026,15:30,20:44,1:10,5:14,
"1, security guard",,,,,6/11/2026,9:31,14:25,,4:54,
"1, security guard",,,,,6/11/2026,15:25,20:30,1:00,5:05,
"1, security guard",,,,,6/12/2026,9:21,12:37,,3:16,
"1, security guard",,,,,6/12/2026,12:47,13:01,0:10,0:24,
"1, security guard",,,,,6/12/2026,14:17,20:01,1:16,5:44,
"1, security guard",,,,,6/13/2026,9:28,14:20,,4:52,
"1, security guard",,,,,6/13/2026,15:19,21:34,0:59,6:15,
"1, security guard",,,,,6/14/2026,11:34,14:24,,2:50,
"1, security guard",,,,,6/14/2026,15:18,19:08,0:54,3:50,
"1, security guard",,,,,6/15/2026,9:18,14:10,,4:52,
"1, security guard",,,,,6/15/2026,15:46,20:20,1:36,4:34,
"1, security guard",,,,,6/16/2026,9:31,14:30,,4:59,
"1, security guard",,,,,6/16/2026,15:30,21:18,1:00,5:48,
"1, security guard",,,,,6/18/2026,9:29,14:28,,4:59,
"1, security guard",,,,,6/18/2026,15:15,20:24,0:47,5:09,
"1, security guard",,,,,6/19/2026,9:32,12:28,,2:56,
"1, security guard",,,,,6/19/2026,12:38,13:05,0:10,0:37,
"1, security guard",,,,,6/19/2026,14:45,21:24,1:40,6:39,
"1, security guard",,,,,6/20/2026,9:20,14:18,,4:58,
"1, security guard",,,,,6/20/2026,15:16,21:27,0:58,6:11,
"1, security guard",,,,,6/21/2026,11:25,14:20,,2:55,
"1, security guard",,,,,6/21/2026,14:54,19:24,0:34,4:30,
"1, security guard",,,,,6/22/2026,9:21,14:20,,4:59,
"1, security guard",,,,,6/22/2026,15:16,20:27,0:56,5:11,
"1, security guard",,,,,6/23/2026,9:19,14:18,,4:59,
"1, security guard",,,,,6/23/2026,15:22,20:22,1:04,5:00,
"1, security guard",,,,,6/24/2026,9:24,14:21,,4:57,
"1, security guard",,,,,6/24/2026,15:26,20:30,1:05,5:04,
"1, security guard",,,,,6/26/2026,9:24,12:35,,3:11,
"1, security guard",,,,,6/26/2026,12:44,13:09,0:09,0:34,
"1, security guard",,,,,6/26/2026,14:14,15:57,1:05,1:43,
"1, security guard",,,,,6/26/2026,16:07,21:22,0:10,5:25,
"1, security guard",,,,,6/27/2026,9:26,14:10,,4:44,
"1, security guard",,,,,6/27/2026,15:07,21:15,0:57,6:08,
"1, security guard",,,,,6/28/2026,10:40,13:48,,3:08,
"1, security guard",,,,,6/28/2026,14:25,19:31,0:37,5:06,
"1, security guard",,,,,6/29/2026,9:24,14:23,,4:59,
"1, security guard",,,,,6/29/2026,15:35,20:24,1:12,4:49,
"1, security guard",,,,,6/30/2026,9:23,14:21,,4:58,
"1, security guard",,,,,6/30/2026,15:27,20:14,1:06,4:47,
"2, Security Guard",AM5,Sales Associate,Oakridge,Fahad,6/1/2026,9:05,13:15,,4:10,Muhammad Aleem
"2, Security Guard",AM5,Sales Associate,Oakridge,Fahad,6/1/2026,14:18,21:18,1:03,7:00,Muhammad Aleem
"2, Security Guard",AM5,Sales Associate,Oakridge,Fahad,6/2/2026,9:04,13:38,,4:34,Muhammad Aleem
"2, Security Guard",AM5,Sales Associate,Oakridge,Fahad,6/2/2026,14:38,20:11,1:00,5:33,Muhammad Aleem
"2, Security Guard",AM5,Sales Associate,Oakridge,Fahad,6/4/2026,9:09,13:34,,4:25,Muhammad Aleem
"2, Security Guard",AM5,Sales Associate,Oakridge,Fahad,6/4/2026,14:40,20:22,1:06,5:42,Muhammad Aleem
"2, Security Guard",AM5,Sales Associate,Oakridge,Fahad,6/5/2026,9:08,13:38,,4:30,Muhammad Aleem
"2, Security Guard",AM5,Sales Associate,Oakridge,Fahad,6/5/2026,14:41,21:01,1:03,6:20,Muhammad Aleem
"2, Security Guard",AM5,Sales Associate,Oakridge,Fahad,6/6/2026,9:02,13:30,,4:28,Muhammad Aleem
"2, Security Guard",AM5,Sales Associate,Oakridge,Fahad,6/6/2026,14:30,21:24,1:00,6:54,Muhammad Aleem
"2, Security Guard",AM5,Sales Associate,Oakridge,Fahad,6/7/2026,10:02,14:48,,4:46,Muhammad Aleem
"2, Security Guard",AM5,Sales Associate,Oakridge,Fahad,6/7/2026,15:48,19:34,1:00,3:46,Muhammad Aleem
"2, Security Guard",AM5,Sales Associate,Oakridge,Fahad,6/8/2026,9:03,13:54,,4:51,Muhammad Aleem
"2, Security Guard",AM5,Sales Associate,Oakridge,Fahad,6/8/2026,14:58,20:36,1:04,5:38,Muhammad Aleem
"2, Security Guard",AM5,Sales Associate,Oakridge,Fahad,6/10/2026,9:03,13:57,,4:54,Muhammad Aleem
"2, Security Guard",AM5,Sales Associate,Oakridge,Fahad,6/10/2026,15:02,20:53,1:05,5:51,Muhammad Aleem
"2, Security Guard",AM5,Sales Associate,Oakridge,Fahad,6/11/2026,9:04,13:10,,4:06,Muhammad Aleem
"2, Security Guard",AM5,Sales Associate,Oakridge,Fahad,6/11/2026,14:11,20:46,1:01,6:35,Muhammad Aleem
"2, Security Guard",AM5,Sales Associate,Oakridge,Fahad,6/12/2026,9:03,13:42,,4:39,Muhammad Aleem
"2, Security Guard",AM5,Sales Associate,Oakridge,Fahad,6/12/2026,14:42,14:55,1:00,0:13,Muhammad Aleem
"2, Security Guard",AM5,Sales Associate,Oakridge,Fahad,6/12/2026,15:05,21:13,0:10,6:18,Muhammad Aleem
"2, Security Guard",AM5,Sales Associate,Oakridge,Fahad,6/13/2026,9:06,13:55,,4:49,Muhammad Aleem
"2, Security Guard",AM5,Sales Associate,Oakridge,Fahad,6/13/2026,14:55,21:07,1:00,6:12,Muhammad Aleem
"2, Security Guard",AM5,Sales Associate,Oakridge,Fahad,6/14/2026,10:03,13:51,,3:48,Muhammad Aleem
"2, Security Guard",AM5,Sales Associate,Oakridge,Fahad,6/14/2026,14:58,19:32,1:07,4:34,Muhammad Aleem
"2, Security Guard",AM5,Sales Associate,Oakridge,Fahad,6/15/2026,9:05,13:58,,4:53,Muhammad Aleem
"2, Security Guard",AM5,Sales Associate,Oakridge,Fahad,6/15/2026,15:03,21:16,1:05,6:13,Muhammad Aleem
"2, Security Guard",AM5,Sales Associate,Oakridge,Fahad,6/16/2026,9:04,13:48,,4:44,Muhammad Aleem
"2, Security Guard",AM5,Sales Associate,Oakridge,Fahad,6/16/2026,14:56,20:03,1:08,5:07,Muhammad Aleem
"2, Security Guard",AM5,Sales Associate,Oakridge,Fahad,6/18/2026,9:04,14:01,,4:57,Muhammad Aleem
"2, Security Guard",AM5,Sales Associate,Oakridge,Fahad,6/19/2026,9:03,13:42,,4:39,Muhammad Aleem
"2, Security Guard",AM5,Sales Associate,Oakridge,Fahad,6/19/2026,14:47,21:20,1:05,6:33,Muhammad Aleem
"2, Security Guard",AM5,Sales Associate,Oakridge,Fahad,6/20/2026,9:16,13:24,,4:08,Muhammad Aleem
"2, Security Guard",AM5,Sales Associate,Oakridge,Fahad,6/20/2026,14:28,21:54,1:04,7:26,Muhammad Aleem
"2, Security Guard",AM5,Sales Associate,Oakridge,Fahad,6/21/2026,10:04,14:53,,4:49,Muhammad Aleem
"2, Security Guard",AM5,Sales Associate,Oakridge,Fahad,6/21/2026,15:54,19:56,1:01,4:02,Muhammad Aleem
"2, Security Guard",AM5,Sales Associate,Oakridge,Fahad,6/22/2026,9:05,13:58,,4:53,Muhammad Aleem
"2, Security Guard",AM5,Sales Associate,Oakridge,Fahad,6/22/2026,15:03,20:36,1:05,5:33,Muhammad Aleem
"2, Security Guard",AM5,Sales Associate,Oakridge,Fahad,6/23/2026,9:03,13:56,,4:53,Muhammad Aleem
"2, Security Guard",AM5,Sales Associate,Oakridge,Fahad,6/23/2026,14:56,20:08,1:00,5:12,Muhammad Aleem
"2, Security Guard",AM5,Sales Associate,Oakridge,Fahad,6/25/2026,9:38,15:15,,5:37,Muhammad Aleem
"2, Security Guard",AM5,Sales Associate,Oakridge,Fahad,6/26/2026,9:02,13:38,,4:36,Muhammad Aleem
"2, Security Guard",AM5,Sales Associate,Oakridge,Fahad,6/26/2026,14:43,21:27,1:05,6:44,Muhammad Aleem
"2, Security Guard",AM5,Sales Associate,Oakridge,Fahad,6/27/2026,9:01,13:51,,4:50,Muhammad Aleem
"2, Security Guard",AM5,Sales Associate,Oakridge,Fahad,6/27/2026,15:03,21:03,1:12,6:00,Muhammad Aleem
"2, Security Guard",AM5,Sales Associate,Oakridge,Fahad,6/28/2026,10:01,14:48,,4:47,Muhammad Aleem
"2, Security Guard",AM5,Sales Associate,Oakridge,Fahad,6/28/2026,15:48,19:32,1:00,3:44,Muhammad Aleem
"2, Security Guard",AM5,Sales Associate,Oakridge,Fahad,6/29/2026,9:05,13:51,,4:46,Muhammad Aleem
"2, Security Guard",AM5,Sales Associate,Oakridge,Fahad,6/29/2026,14:51,20:13,1:00,5:22,Muhammad Aleem
"3, security guard",AS10,Office,Great Mall,Office,6/1/2026,10:34,14:19,,3:45,Akber Shaik
"3, security guard",AS10,Office,Great Mall,Office,6/1/2026,15:35,19:59,1:16,4:24,Akber Shaik
"3, security guard",AS10,Office,Great Mall,Office,6/3/2026,9:48,14:07,,4:19,Akber Shaik
"3, security guard",AS10,Office,Great Mall,Office,6/3/2026,15:07,20:12,1:00,5:05,Akber Shaik
"3, security guard",AS10,Office,Great Mall,Office,6/4/2026,9:37,14:14,,4:37,Akber Shaik
"3, security guard",AS10,Office,Great Mall,Office,6/4/2026,14:58,20:01,0:44,5:03,Akber Shaik
"3, security guard",AS10,Office,Great Mall,Office,6/5/2026,9:17,13:18,,4:01,Akber Shaik
"3, security guard",AS10,Office,Great Mall,Office,6/5/2026,14:42,19:13,1:24,4:31,Akber Shaik
"3, security guard",AS10,Office,Great Mall,Office,6/6/2026,9:34,13:42,,4:08,Akber Shaik
"3, security guard",AS10,Office,Great Mall,Office,6/6/2026,14:31,19:57,0:49,5:26,Akber Shaik
"3, security guard",AS10,Office,Great Mall,Office,6/8/2026,9:35,14:16,,4:41,Akber Shaik
"3, security guard",AS10,Office,Great Mall,Office,6/8/2026,15:16,19:59,1:00,4:43,Akber Shaik
"3, security guard",AS10,Office,Great Mall,Office,6/9/2026,9:36,14:35,,4:59,Akber Shaik
"3, security guard",AS10,Office,Great Mall,Office,6/9/2026,15:24,20:22,0:49,4:58,Akber Shaik
"3, security guard",AS10,Office,Great Mall,Office,6/10/2026,9:15,14:14,,4:59,Akber Shaik
"3, security guard",AS10,Office,Great Mall,Office,6/10/2026,15:38,19:59,1:24,4:21,Akber Shaik
"3, security guard",AS10,Office,Great Mall,Office,6/11/2026,10:56,15:40,,4:44,Akber Shaik
"3, security guard",AS10,Office,Great Mall,Office,6/11/2026,16:27,20:05,0:47,3:38,Akber Shaik
"3, security guard",AS10,Office,Great Mall,Office,6/12/2026,9:13,12:27,,3:14,Akber Shaik
"3, security guard",AS10,Office,Great Mall,Office,6/12/2026,12:36,13:09,0:09,0:42,Akber Shaik
"3, security guard",AS10,Office,Great Mall,Office,6/12/2026,14:45,19:16,1:36,4:31,Akber Shaik
"3, security guard",AS10,Office,Great Mall,Office,6/13/2026,9:30,14:15,,4:45,Akber Shaik
"3, security guard",AS10,Office,Great Mall,Office,6/13/2026,15:15,19:59,1:00,4:44,Akber Shaik
"3, security guard",AS10,Office,Great Mall,Office,6/15/2026,9:49,13:54,,4:05,Akber Shaik
"3, security guard",AS10,Office,Great Mall,Office,6/15/2026,15:12,19:35,1:18,4:23,Akber Shaik
"3, security guard",AS10,Office,Great Mall,Office,6/16/2026,9:18,14:10,,4:52,Akber Shaik
"3, security guard",AS10,Office,Great Mall,Office,6/16/2026,15:10,20:03,1:00,4:53,Akber Shaik
"3, security guard",AS10,Office,Great Mall,Office,6/17/2026,9:48,14:36,,4:48,Akber Shaik
"3, security guard",AS10,Office,Great Mall,Office,6/17/2026,15:33,20:13,0:57,4:40,Akber Shaik
"3, security guard",AS10,Office,Great Mall,Office,6/18/2026,9:43,14:26,,4:43,Akber Shaik
"3, security guard",AS10,Office,Great Mall,Office,6/18/2026,15:36,20:03,1:10,4:27,Akber Shaik
"3, security guard",AS10,Office,Great Mall,Office,6/19/2026,10:09,13:18,,3:09,Akber Shaik
"3, security guard",AS10,Office,Great Mall,Office,6/19/2026,14:43,19:14,1:25,4:31,Akber Shaik
"3, security guard",AS10,Office,Great Mall,Office,6/20/2026,9:43,14:12,,4:29,Akber Shaik
"3, security guard",AS10,Office,Great Mall,Office,6/20/2026,15:13,20:09,1:01,4:56,Akber Shaik
"3, security guard",AS10,Office,Great Mall,Office,6/22/2026,9:41,14:35,,4:54,Akber Shaik
"3, security guard",AS10,Office,Great Mall,Office,6/22/2026,15:43,20:09,1:08,4:26,Akber Shaik
"3, security guard",AS10,Office,Great Mall,Office,6/23/2026,10:16,14:39,,4:23,Akber Shaik
"3, security guard",AS10,Office,Great Mall,Office,6/23/2026,15:32,20:08,0:53,4:36,Akber Shaik
"3, security guard",AS10,Office,Great Mall,Office,6/24/2026,9:00,13:41,,4:41,Akber Shaik
"3, security guard",AS10,Office,Great Mall,Office,6/24/2026,14:48,21:15,1:07,6:27,Akber Shaik
"3, security guard",AS10,Office,Great Mall,Office,6/25/2026,7:30,12:00,,4:30,Akber Shaik
"3, security guard",AS10,Office,Great Mall,Office,6/25/2026,13:00,0:00,1:00,11:00,Akber Shaik
"3, security guard",AS10,Office,Great Mall,Office,6/26/2026,0:01,16:00,0:01,16:00,Akber Shaik
"3, security guard",AS10,Office,Great Mall,Office,6/26/2026,17:00,21:40,1:00,4:40,Akber Shaik
"3, security guard",AS10,Office,Great Mall,Office,6/27/2026,10:30,15:29,,4:59,Akber Shaik
"3, security guard",AS10,Office,Great Mall,Office,6/27/2026,15:59,22:30,0:30,6:31,Akber Shaik
"3, security guard",AS10,Office,Great Mall,Office,6/28/2026,11:05,15:45,,4:40,Akber Shaik
"3, security guard",AS10,Office,Great Mall,Office,6/28/2026,16:30,22:30,0:45,6:00,Akber Shaik
"3, security guard",AS10,Office,Great Mall,Office,6/29/2026,15:30,18:40,,3:10,Akber Shaik
"3, security guard",AS10,Office,Great Mall,Office,6/29/2026,19:10,22:30,0:30,3:20,Akber Shaik
"3, security guard",AS10,Office,Great Mall,Office,6/30/2026,12:05,15:15,,3:10,Akber Shaik
"3, security guard",AS10,Office,Great Mall,Office,6/30/2026,15:45,20:30,0:30,4:45,Akber Shaik
"6, security guard",AM3,Sales Associate,Great Mall,Estie,6/1/2026,9:09,13:34,,4:25,Mohammad Akram
"6, security guard",AM3,Sales Associate,Great Mall,Estie,6/1/2026,14:41,20:04,1:07,5:23,Mohammad Akram
"6, security guard",AM3,Sales Associate,Great Mall,Estie,6/2/2026,9:09,13:29,,4:20,Mohammad Akram
"6, security guard",AM3,Sales Associate,Great Mall,Estie,6/2/2026,14:15,20:12,0:46,5:57,Mohammad Akram
"6, security guard",AM3,Sales Associate,Great Mall,Estie,6/4/2026,9:10,10:57,,1:47,Mohammad Akram
"6, security guard",AM3,Sales Associate,Great Mall,Estie,6/4/2026,11:09,13:07,0:12,2:08,Mohammad Akram
"6, security guard",AM3,Sales Associate,Great Mall,Estie,6/4/2026,14:11,20:04,1:04,5:53,Mohammad Akram
"6, security guard",AM3,Sales Associate,Great Mall,Estie,6/5/2026,9:14,13:24,,4:10,Mohammad Akram
"6, security guard",AM3,Sales Associate,Great Mall,Estie,6/5/2026,14:38,21:13,1:14,6:35,Mohammad Akram
"6, security guard",AM3,Sales Associate,Great Mall,Estie,6/6/2026,9:09,14:05,,4:56,Mohammad Akram
"6, security guard",AM3,Sales Associate,Great Mall,Estie,6/6/2026,15:04,21:06,0:59,6:02,Mohammad Akram
"6, security guard",AM3,Sales Associate,Great Mall,Estie,6/7/2026,10:04,13:54,,3:50,Mohammad Akram
"6, security guard",AM3,Sales Associate,Great Mall,Estie,6/7/2026,14:24,18:59,0:30,4:35,Mohammad Akram
"6, security guard",AM3,Sales Associate,Great Mall,Estie,6/9/2026,13:06,17:57,,4:51,Mohammad Akram
"6, security guard",AM3,Sales Associate,Great Mall,Estie,6/9/2026,18:30,20:16,0:33,1:46,Mohammad Akram
"6, security guard",AM3,Sales Associate,Great Mall,Estie,6/10/2026,13:10,18:02,,4:52,Mohammad Akram
"6, security guard",AM3,Sales Associate,Great Mall,Estie,6/10/2026,18:35,20:07,0:33,1:32,Mohammad Akram
"6, security guard",AM3,Sales Associate,Great Mall,Estie,6/11/2026,9:08,13:58,,4:50,Mohammad Akram
"6, security guard",AM3,Sales Associate,Great Mall,Estie,6/11/2026,15:02,20:20,1:04,5:18,Mohammad Akram
"6, security guard",AM3,Sales Associate,Great Mall,Estie,6/12/2026,9:07,13:15,,4:08,Mohammad Akram
"6, security guard",AM3,Sales Associate,Great Mall,Estie,6/12/2026,14:40,21:10,1:25,6:30,Mohammad Akram
"6, security guard",AM3,Sales Associate,Great Mall,Estie,6/13/2026,9:07,12:30,,3:23,Mohammad Akram
"6, security guard",AM3,Sales Associate,Great Mall,Estie,6/13/2026,13:34,20:59,1:04,7:25,Mohammad Akram
"6, security guard",AM3,Sales Associate,Great Mall,Estie,6/14/2026,10:08,14:57,,4:49,Mohammad Akram
"6, security guard",AM3,Sales Associate,Great Mall,Estie,6/14/2026,15:32,19:06,0:35,3:34,Mohammad Akram
"6, security guard",AM3,Sales Associate,Great Mall,Estie,6/16/2026,13:05,16:56,,3:51,Mohammad Akram
"6, security guard",AM3,Sales Associate,Great Mall,Estie,6/16/2026,17:26,20:06,0:30,2:40,Mohammad Akram
"6, security guard",AM3,Sales Associate,Great Mall,Estie,6/17/2026,13:09,16:57,,3:48,Mohammad Akram
"6, security guard",AM3,Sales Associate,Great Mall,Estie,6/17/2026,17:12,17:30,0:15,0:28,Mohammad Akram
"6, security guard",AM3,Sales Associate,Great Mall,Estie,6/17/2026,18:00,20:24,0:30,2:24,Mohammad Akram
"6, security guard",AM3,Sales Associate,Great Mall,Estie,6/18/2026,9:10,13:09,,3:59,Mohammad Akram
"6, security guard",AM3,Sales Associate,Great Mall,Estie,6/18/2026,14:04,20:10,0:55,6:06,Mohammad Akram
"6, security guard",AM3,Sales Associate,Great Mall,Estie,6/19/2026,9:12,13:17,,4:05,Mohammad Akram
"6, security guard",AM3,Sales Associate,Great Mall,Estie,6/19/2026,14:40,20:58,1:23,6:18,Mohammad Akram
"6, security guard",AM3,Sales Associate,Great Mall,Estie,6/21/2026,10:10,14:10,,4:00,Mohammad Akram
"6, security guard",AM3,Sales Associate,Great Mall,Estie,6/21/2026,15:00,19:08,0:50,4:08,Mohammad Akram
"6, security guard",AM3,Sales Associate,Great Mall,Estie,6/23/2026,13:08,18:00,,4:52,Mohammad Akram
"6, security guard",AM3,Sales Associate,Great Mall,Estie,6/23/2026,18:30,20:12,0:30,1:42,Mohammad Akram
"6, security guard",AM3,Sales Associate,Great Mall,Estie,6/24/2026,13:01,17:49,,4:48,Mohammad Akram
"6, security guard",AM3,Sales Associate,Great Mall,Estie,6/24/2026,18:21,20:12,0:32,1:51,Mohammad Akram
"6, security guard",AM3,Sales Associate,Great Mall,Estie,6/25/2026,9:12,13:57,,4:45,Mohammad Akram
"6, security guard",AM3,Sales Associate,Great Mall,Estie,6/25/2026,14:58,20:03,1:01,5:05,Mohammad Akram
"6, security guard",AM3,Sales Associate,Great Mall,Estie,6/26/2026,9:15,13:16,,4:01,Mohammad Akram
"6, security guard",AM3,Sales Associate,Great Mall,Estie,6/26/2026,14:40,20:59,1:24,6:19,Mohammad Akram
"6, security guard",AM3,Sales Associate,Great Mall,Estie,6/27/2026,9:10,13:08,,3:58,Mohammad Akram
"6, security guard",AM3,Sales Associate,Great Mall,Estie,6/27/2026,14:18,20:59,1:10,6:41,Mohammad Akram
"6, security guard",AM3,Sales Associate,Great Mall,Estie,6/28/2026,10:15,13:35,,3:20,Mohammad Akram
"6, security guard",AM3,Sales Associate,Great Mall,Estie,6/28/2026,14:27,19:15,0:52,4:48,Mohammad Akram
"6, security guard",AM3,Sales Associate,Great Mall,Estie,6/30/2026,13:08,17:00,,3:52,Mohammad Akram
"6, security guard",AM3,Sales Associate,Great Mall,Estie,6/30/2026,17:30,20:07,0:30,2:37,Mohammad Akram
"8, security guard",SA4,Sales Associate,Serramonte,Maria,6/1/2026,9:39,14:24,,4:45,Sultan Ansari
"8, security guard",SA4,Sales Associate,Serramonte,Maria,6/1/2026,15:24,21:07,1:00,5:43,Sultan Ansari
"8, security guard",SA4,Sales Associate,Serramonte,Maria,6/2/2026,9:37,14:29,,4:52,Sultan Ansari
"8, security guard",SA4,Sales Associate,Serramonte,Maria,6/2/2026,15:52,21:46,1:23,5:54,Sultan Ansari
"8, security guard",SA4,Sales Associate,Serramonte,Maria,6/4/2026,9:39,14:30,,4:51,Sultan Ansari
"8, security guard",SA4,Sales Associate,Serramonte,Maria,6/4/2026,15:36,21:12,1:06,5:36,Sultan Ansari
"8, security guard",SA4,Sales Associate,Serramonte,Maria,6/5/2026,9:37,14:21,,4:44,Sultan Ansari
"8, security guard",SA4,Sales Associate,Serramonte,Maria,6/5/2026,15:36,21:42,1:15,6:06,Sultan Ansari
"8, security guard",SA4,Sales Associate,Serramonte,Maria,6/6/2026,9:37,14:25,,4:48,Sultan Ansari
"8, security guard",SA4,Sales Associate,Serramonte,Maria,6/6/2026,14:55,21:27,0:30,6:32,Sultan Ansari
"8, security guard",SA4,Sales Associate,Serramonte,Maria,6/7/2026,10:41,15:29,,4:48,Sultan Ansari
"8, security guard",SA4,Sales Associate,Serramonte,Maria,6/7/2026,16:29,19:33,1:00,3:04,Sultan Ansari
"8, security guard",SA4,Sales Associate,Serramonte,Maria,6/8/2026,9:34,14:22,,4:48,Sultan Ansari
"8, security guard",SA4,Sales Associate,Serramonte,Maria,6/8/2026,15:22,21:10,1:00,5:48,Sultan Ansari
"8, security guard",SA4,Sales Associate,Serramonte,Maria,6/9/2026,9:36,14:31,,4:55,Sultan Ansari
"8, security guard",SA4,Sales Associate,Serramonte,Maria,6/9/2026,15:31,21:32,1:00,6:01,Sultan Ansari
"8, security guard",SA4,Sales Associate,Serramonte,Maria,6/11/2026,9:24,14:17,,4:53,Sultan Ansari
"8, security guard",SA4,Sales Associate,Serramonte,Maria,6/11/2026,15:17,21:17,1:00,6:00,Sultan Ansari
"8, security guard",SA4,Sales Associate,Serramonte,Maria,6/12/2026,9:42,14:18,,4:36,Sultan Ansari
"8, security guard",SA4,Sales Associate,Serramonte,Maria,6/12/2026,15:12,21:59,0:54,6:47,Sultan Ansari
"8, security guard",SA4,Sales Associate,Serramonte,Maria,6/13/2026,9:36,14:20,,4:44,Sultan Ansari
"8, security guard",SA4,Sales Associate,Serramonte,Maria,6/13/2026,15:20,21:43,1:00,6:23,Sultan Ansari
"8, security guard",SA4,Sales Associate,Serramonte,Maria,6/14/2026,10:37,15:31,,4:54,Sultan Ansari
"8, security guard",SA4,Sales Associate,Serramonte,Maria,6/14/2026,16:01,19:34,0:30,3:33,Sultan Ansari
"8, security guard",SA4,Sales Associate,Serramonte,Maria,6/15/2026,9:40,14:28,,4:48,Sultan Ansari
"8, security guard",SA4,Sales Associate,Serramonte,Maria,6/15/2026,15:28,21:27,1:00,5:59,Sultan Ansari
"8, security guard",SA4,Sales Associate,Serramonte,Maria,6/16/2026,9:32,14:30,,4:58,Sultan Ansari
"8, security guard",SA4,Sales Associate,Serramonte,Maria,6/16/2026,15:30,21:42,1:00,6:12,Sultan Ansari
"8, security guard",SA4,Sales Associate,Serramonte,Maria,6/17/2026,9:32,14:22,,4:50,Sultan Ansari
"8, security guard",SA4,Sales Associate,Serramonte,Maria,6/17/2026,15:22,21:38,1:00,6:16,Sultan Ansari
"8, security guard",SA4,Sales Associate,Serramonte,Maria,6/19/2026,9:33,14:26,,4:53,Sultan Ansari
"8, security guard",SA4,Sales Associate,Serramonte,Maria,6/19/2026,15:18,21:32,0:52,6:14,Sultan Ansari
"8, security guard",SA4,Sales Associate,Serramonte,Maria,6/20/2026,9:39,14:30,,4:51,Sultan Ansari
"8, security guard",SA4,Sales Associate,Serramonte,Maria,6/20/2026,15:28,21:14,0:58,5:46,Sultan Ansari
"8, security guard",SA4,Sales Associate,Serramonte,Maria,6/21/2026,10:38,15:21,,4:43,Sultan Ansari
"8, security guard",SA4,Sales Associate,Serramonte,Maria,6/21/2026,15:51,19:55,0:30,4:04,Sultan Ansari
"8, security guard",SA4,Sales Associate,Serramonte,Maria,6/22/2026,9:39,14:24,,4:45,Sultan Ansari
"8, security guard",SA4,Sales Associate,Serramonte,Maria,6/22/2026,15:24,21:48,1:00,6:24,Sultan Ansari
"8, security guard",SA4,Sales Associate,Serramonte,Maria,6/23/2026,9:39,14:30,,4:51,Sultan Ansari
"8, security guard",SA4,Sales Associate,Serramonte,Maria,6/23/2026,15:38,21:36,1:08,5:58,Sultan Ansari
"8, security guard",SA4,Sales Associate,Serramonte,Maria,6/25/2026,9:32,14:18,,4:46,Sultan Ansari
"8, security guard",SA4,Sales Associate,Serramonte,Maria,6/25/2026,15:18,21:29,1:00,6:11,Sultan Ansari
"8, security guard",SA4,Sales Associate,Serramonte,Maria,6/26/2026,9:37,13:22,,3:45,Sultan Ansari
"8, security guard",SA4,Sales Associate,Serramonte,Maria,6/26/2026,14:26,21:16,1:04,6:50,Sultan Ansari
"8, security guard",SA4,Sales Associate,Serramonte,Maria,6/27/2026,9:33,14:27,,4:54,Sultan Ansari
"8, security guard",SA4,Sales Associate,Serramonte,Maria,6/27/2026,15:27,21:17,1:00,5:50,Sultan Ansari
"8, security guard",SA4,Sales Associate,Serramonte,Maria,6/28/2026,10:37,14:26,,3:49,Sultan Ansari
"8, security guard",SA4,Sales Associate,Serramonte,Maria,6/28/2026,15:26,19:23,1:00,3:57,Sultan Ansari
"8, security guard",SA4,Sales Associate,Serramonte,Maria,6/29/2026,9:36,14:30,,4:54,Sultan Ansari
"8, security guard",SA4,Sales Associate,Serramonte,Maria,6/29/2026,15:30,21:17,1:00,5:47,Sultan Ansari
"8, security guard",SA4,Sales Associate,Serramonte,Maria,6/30/2026,9:37,14:29,,4:52,Sultan Ansari
"8, security guard",SA4,Sales Associate,Serramonte,Maria,6/30/2026,15:38,21:41,1:09,6:03,Sultan Ansari
"9, security guard",TA5,Sales Associate,Eastridge,Aurelia,6/1/2026,9:16,12:46,,3:30,Tayab Abdul
"9, security guard",TA5,Sales Associate,Eastridge,Aurelia,6/1/2026,13:00,14:03,0:14,1:13,Tayab Abdul
"9, security guard",TA5,Sales Associate,Eastridge,Aurelia,6/1/2026,15:16,17:48,1:13,2:32,Tayab Abdul
"9, security guard",TA5,Sales Associate,Eastridge,Aurelia,6/1/2026,18:22,20:03,0:34,1:41,Tayab Abdul
"9, security guard",TA5,Sales Associate,Eastridge,Aurelia,6/2/2026,9:30,12:35,,3:05,Tayab Abdul
"9, security guard",TA5,Sales Associate,Eastridge,Aurelia,6/2/2026,12:45,14:24,0:10,1:49,Tayab Abdul
"9, security guard",TA5,Sales Associate,Eastridge,Aurelia,6/2/2026,15:24,16:15,1:00,0:51,Tayab Abdul
"9, security guard",TA5,Sales Associate,Eastridge,Aurelia,6/2/2026,17:15,20:26,1:00,3:11,Tayab Abdul
"9, security guard",TA5,Sales Associate,Eastridge,Aurelia,6/3/2026,9:33,13:00,,3:27,Tayab Abdul
"9, security guard",TA5,Sales Associate,Eastridge,Aurelia,6/3/2026,13:12,14:20,0:12,1:18,Tayab Abdul
"9, security guard",TA5,Sales Associate,Eastridge,Aurelia,6/3/2026,15:26,18:03,1:06,2:37,Tayab Abdul
"9, security guard",TA5,Sales Associate,Eastridge,Aurelia,6/3/2026,18:35,20:01,0:32,1:26,Tayab Abdul
"9, security guard",TA5,Sales Associate,Eastridge,Aurelia,6/4/2026,9:31,12:48,,3:17,Tayab Abdul
"9, security guard",TA5,Sales Associate,Eastridge,Aurelia,6/4/2026,12:59,14:25,0:11,1:36,Tayab Abdul
"9, security guard",TA5,Sales Associate,Eastridge,Aurelia,6/4/2026,15:27,17:53,1:02,2:26,Tayab Abdul
"9, security guard",TA5,Sales Associate,Eastridge,Aurelia,6/4/2026,18:25,20:02,0:32,1:37,Tayab Abdul
"9, security guard",TA5,Sales Associate,Eastridge,Aurelia,6/6/2026,9:27,13:20,,3:53,Tayab Abdul
"9, security guard",TA5,Sales Associate,Eastridge,Aurelia,6/6/2026,13:32,14:10,0:12,0:48,Tayab Abdul
"9, security guard",TA5,Sales Associate,Eastridge,Aurelia,6/6/2026,15:17,18:16,1:07,2:59,Tayab Abdul
"9, security guard",TA5,Sales Associate,Eastridge,Aurelia,6/6/2026,18:50,21:02,0:34,2:12,Tayab Abdul
"9, security guard",TA5,Sales Associate,Eastridge,Aurelia,6/7/2026,11:36,14:18,,2:42,Tayab Abdul
"9, security guard",TA5,Sales Associate,Eastridge,Aurelia,6/7/2026,14:27,16:35,0:09,2:17,Tayab Abdul
"9, security guard",TA5,Sales Associate,Eastridge,Aurelia,6/7/2026,17:47,19:02,1:12,1:15,Tayab Abdul
"9, security guard",TA5,Sales Associate,Eastridge,Aurelia,6/8/2026,9:29,14:17,,4:48,Tayab Abdul
"9, security guard",TA5,Sales Associate,Eastridge,Aurelia,6/8/2026,15:24,17:41,1:07,2:17,Tayab Abdul
"9, security guard",TA5,Sales Associate,Eastridge,Aurelia,6/8/2026,18:17,19:59,0:36,1:42,Tayab Abdul
"9, security guard",TA5,Sales Associate,Eastridge,Aurelia,6/9/2026,9:32,14:25,,4:53,Tayab Abdul
"9, security guard",TA5,Sales Associate,Eastridge,Aurelia,6/9/2026,15:25,17:55,1:00,2:30,Tayab Abdul
"9, security guard",TA5,Sales Associate,Eastridge,Aurelia,6/9/2026,18:30,19:59,0:35,1:29,Tayab Abdul
"9, security guard",TA5,Sales Associate,Eastridge,Aurelia,6/10/2026,9:32,12:59,,3:27,Tayab Abdul
"9, security guard",TA5,Sales Associate,Eastridge,Aurelia,6/10/2026,13:12,14:20,0:13,1:18,Tayab Abdul
"9, security guard",TA5,Sales Associate,Eastridge,Aurelia,6/10/2026,15:20,18:28,1:00,3:08,Tayab Abdul
"9, security guard",TA5,Sales Associate,Eastridge,Aurelia,6/10/2026,18:48,20:18,0:20,1:40,Tayab Abdul
"9, security guard",TA5,Sales Associate,Eastridge,Aurelia,6/11/2026,9:33,12:46,,3:13,Tayab Abdul
"9, security guard",TA5,Sales Associate,Eastridge,Aurelia,6/11/2026,12:54,14:21,0:08,1:35,Tayab Abdul
"9, security guard",TA5,Sales Associate,Eastridge,Aurelia,6/11/2026,15:25,17:37,1:04,2:12,Tayab Abdul
"9, security guard",TA5,Sales Associate,Eastridge,Aurelia,6/11/2026,18:12,20:01,0:35,1:49,Tayab Abdul
"9, security guard",TA5,Sales Associate,Eastridge,Aurelia,6/13/2026,9:22,12:48,,3:26,Tayab Abdul
"9, security guard",TA5,Sales Associate,Eastridge,Aurelia,6/13/2026,13:00,14:21,0:12,1:31,Tayab Abdul
"9, security guard",TA5,Sales Associate,Eastridge,Aurelia,6/13/2026,15:26,18:16,1:05,2:50,Tayab Abdul
"9, security guard",TA5,Sales Associate,Eastridge,Aurelia,6/13/2026,18:46,21:01,0:30,2:15,Tayab Abdul
"9, security guard",TA5,Sales Associate,Eastridge,Aurelia,6/14/2026,11:26,14:00,,2:34,Tayab Abdul
"9, security guard",TA5,Sales Associate,Eastridge,Aurelia,6/14/2026,14:10,16:00,0:10,2:00,Tayab Abdul
"9, security guard",TA5,Sales Associate,Eastridge,Aurelia,6/14/2026,16:30,17:12,0:30,0:42,Tayab Abdul
"9, security guard",TA5,Sales Associate,Eastridge,Aurelia,6/14/2026,17:44,19:16,0:32,1:32,Tayab Abdul
"9, security guard",TA5,Sales Associate,Eastridge,Aurelia,6/15/2026,9:16,12:51,,3:35,Tayab Abdul
"9, security guard",TA5,Sales Associate,Eastridge,Aurelia,6/15/2026,13:03,14:05,0:12,1:12,Tayab Abdul
"9, security guard",TA5,Sales Associate,Eastridge,Aurelia,6/15/2026,15:05,18:00,1:00,2:55,Tayab Abdul
"9, security guard",TA5,Sales Associate,Eastridge,Aurelia,6/15/2026,18:30,20:02,0:30,1:32,Tayab Abdul
"9, security guard",TA5,Sales Associate,Eastridge,Aurelia,6/16/2026,9:22,13:35,,4:13,Tayab Abdul
"9, security guard",TA5,Sales Associate,Eastridge,Aurelia,6/16/2026,13:42,14:18,0:07,0:43,Tayab Abdul
"9, security guard",TA5,Sales Associate,Eastridge,Aurelia,6/16/2026,15:06,18:11,0:48,3:05,Tayab Abdul
"9, security guard",TA5,Sales Associate,Eastridge,Aurelia,6/16/2026,18:44,19:59,0:33,1:15,Tayab Abdul
"9, security guard",TA5,Sales Associate,Eastridge,Aurelia,6/17/2026,9:21,12:44,,3:23,Tayab Abdul
"9, security guard",TA5,Sales Associate,Eastridge,Aurelia,6/17/2026,12:58,14:15,0:14,1:27,Tayab Abdul
"9, security guard",TA5,Sales Associate,Eastridge,Aurelia,6/17/2026,15:40,17:35,1:25,1:55,Tayab Abdul
"9, security guard",TA5,Sales Associate,Eastridge,Aurelia,6/17/2026,18:00,20:00,0:25,2:10,Tayab Abdul
"9, security guard",TA5,Sales Associate,Eastridge,Aurelia,6/18/2026,9:15,13:23,,4:08,Tayab Abdul
"9, security guard",TA5,Sales Associate,Eastridge,Aurelia,6/18/2026,13:34,14:10,0:11,0:46,Tayab Abdul
"9, security guard",TA5,Sales Associate,Eastridge,Aurelia,6/18/2026,15:10,17:56,1:00,2:46,Tayab Abdul
"9, security guard",TA5,Sales Associate,Eastridge,Aurelia,6/18/2026,18:30,20:00,0:34,1:30,Tayab Abdul
"9, security guard",TA5,Sales Associate,Eastridge,Aurelia,6/20/2026,9:07,12:43,,3:36,Tayab Abdul
"9, security guard",TA5,Sales Associate,Eastridge,Aurelia,6/20/2026,12:52,13:52,0:09,1:09,Tayab Abdul
"9, security guard",TA5,Sales Associate,Eastridge,Aurelia,6/20/2026,15:26,18:52,1:34,3:26,Tayab Abdul
"9, security guard",TA5,Sales Associate,Eastridge,Aurelia,6/20/2026,19:26,21:04,0:34,1:38,Tayab Abdul
"9, security guard",TA5,Sales Associate,Eastridge,Aurelia,6/21/2026,10:33,12:44,,2:11,Tayab Abdul
"9, security guard",TA5,Sales Associate,Eastridge,Aurelia,6/21/2026,12:54,14:22,0:10,1:38,Tayab Abdul
"9, security guard",TA5,Sales Associate,Eastridge,Aurelia,6/21/2026,15:03,18:59,0:41,3:56,Tayab Abdul
"9, security guard",TA5,Sales Associate,Eastridge,Aurelia,6/22/2026,9:14,13:53,,4:39,Tayab Abdul
"9, security guard",TA5,Sales Associate,Eastridge,Aurelia,6/22/2026,15:00,17:30,1:07,2:30,Tayab Abdul
"9, security guard",TA5,Sales Associate,Eastridge,Aurelia,6/22/2026,18:02,20:02,0:32,2:00,Tayab Abdul
"9, security guard",TA5,Sales Associate,Eastridge,Aurelia,6/23/2026,9:32,14:24,,4:52,Tayab Abdul
"9, security guard",TA5,Sales Associate,Eastridge,Aurelia,6/23/2026,15:16,18:30,0:52,3:14,Tayab Abdul
"9, security guard",TA5,Sales Associate,Eastridge,Aurelia,6/23/2026,19:01,19:58,0:31,0:57,Tayab Abdul
"9, security guard",TA5,Sales Associate,Eastridge,Aurelia,6/24/2026,9:15,14:07,,4:52,Tayab Abdul
"9, security guard",TA5,Sales Associate,Eastridge,Aurelia,6/24/2026,15:12,15:20,1:05,0:08,Tayab Abdul
"9, security guard",TA5,Sales Associate,Eastridge,Aurelia,6/24/2026,15:50,19:59,0:30,4:09,Tayab Abdul
"9, security guard",TA5,Sales Associate,Eastridge,Aurelia,6/25/2026,9:14,12:43,,3:29,Tayab Abdul
"9, security guard",TA5,Sales Associate,Eastridge,Aurelia,6/25/2026,12:56,14:03,0:13,1:17,Tayab Abdul
"9, security guard",TA5,Sales Associate,Eastridge,Aurelia,6/25/2026,15:03,17:34,1:00,2:31,Tayab Abdul
"9, security guard",TA5,Sales Associate,Eastridge,Aurelia,6/25/2026,18:06,20:00,0:32,1:54,Tayab Abdul
"9, security guard",TA5,Sales Associate,Eastridge,Aurelia,6/27/2026,9:08,12:49,,3:41,Tayab Abdul
"9, security guard",TA5,Sales Associate,Eastridge,Aurelia,6/27/2026,13:01,13:58,0:12,1:07,Tayab Abdul
"9, security guard",TA5,Sales Associate,Eastridge,Aurelia,6/27/2026,14:46,15:50,0:48,1:04,Tayab Abdul
"9, security guard",TA5,Sales Associate,Eastridge,Aurelia,6/27/2026,15:53,19:00,0:03,3:10,Tayab Abdul
"9, security guard",TA5,Sales Associate,Eastridge,Aurelia,6/27/2026,19:29,20:57,0:29,1:28,Tayab Abdul
"9, security guard",TA5,Sales Associate,Eastridge,Aurelia,6/28/2026,10:41,12:43,,2:02,Tayab Abdul
"9, security guard",TA5,Sales Associate,Eastridge,Aurelia,6/28/2026,12:54,14:14,0:11,1:30,Tayab Abdul
"9, security guard",TA5,Sales Associate,Eastridge,Aurelia,6/28/2026,14:56,18:59,0:42,4:03,Tayab Abdul
"9, security guard",TA5,Sales Associate,Eastridge,Aurelia,6/29/2026,9:15,13:33,,4:18,Tayab Abdul
"9, security guard",TA5,Sales Associate,Eastridge,Aurelia,6/29/2026,13:46,14:01,0:13,0:25,Tayab Abdul
"9, security guard",TA5,Sales Associate,Eastridge,Aurelia,6/29/2026,15:20,17:56,1:19,2:36,Tayab Abdul
"9, security guard",TA5,Sales Associate,Eastridge,Aurelia,6/29/2026,18:31,19:59,0:35,1:28,Tayab Abdul
"9, security guard",TA5,Sales Associate,Eastridge,Aurelia,6/30/2026,9:15,12:47,,3:32,Tayab Abdul
"9, security guard",TA5,Sales Associate,Eastridge,Aurelia,6/30/2026,12:58,14:07,0:11,1:19,Tayab Abdul
"9, security guard",TA5,Sales Associate,Eastridge,Aurelia,6/30/2026,15:30,17:56,1:23,2:26,Tayab Abdul
"9, security guard",TA5,Sales Associate,Eastridge,Aurelia,6/30/2026,18:31,20:06,0:35,1:35,Tayab Abdul
"Acosta, Jesus A",JA4,Manager,Santa Anita,Shaun,6/1/2026,15:26,17:15,,1:49,
"Acosta, Jesus A",JA4,Manager,Santa Anita,Shaun,6/1/2026,18:21,21:31,1:06,3:10,
"Acosta, Jesus A",JA4,Manager,Santa Anita,Shaun,6/2/2026,9:27,12:32,,3:05,
"Acosta, Jesus A",JA4,Manager,Santa Anita,Shaun,6/2/2026,13:27,17:07,0:55,3:40,
"Acosta, Jesus A",JA4,Manager,Santa Anita,Shaun,6/2/2026,18:01,21:30,0:54,3:29,
"Acosta, Jesus A",JA4,Manager,Santa Anita,Shaun,6/4/2026,13:31,17:12,,3:41,
"Acosta, Jesus A",JA4,Manager,Santa Anita,Shaun,6/4/2026,18:09,21:35,0:57,3:26,
"Acosta, Jesus A",JA4,Manager,Santa Anita,Shaun,6/5/2026,9:25,12:48,,3:23,
"Acosta, Jesus A",JA4,Manager,Santa Anita,Shaun,6/5/2026,13:50,17:04,1:02,3:14,
"Acosta, Jesus A",JA4,Manager,Santa Anita,Shaun,6/5/2026,18:01,21:29,0:57,3:28,
"Acosta, Jesus A",JA4,Manager,Santa Anita,Shaun,6/6/2026,11:29,15:36,,4:07,
"Acosta, Jesus A",JA4,Manager,Santa Anita,Shaun,6/6/2026,16:30,19:58,0:54,3:28,
"Acosta, Jesus A",JA4,Manager,Santa Anita,Shaun,6/7/2026,11:32,14:40,,3:08,
"Acosta, Jesus A",JA4,Manager,Santa Anita,Shaun,6/7/2026,15:42,19:47,1:02,4:05,
"Acosta, Jesus A",JA4,Manager,Santa Anita,Shaun,6/8/2026,15:24,17:46,,2:22,
"Acosta, Jesus A",JA4,Manager,Santa Anita,Shaun,6/8/2026,18:47,21:24,1:01,2:37,
"Acosta, Jesus A",JA4,Manager,Santa Anita,Shaun,6/9/2026,12:29,17:21,,4:52,
"Acosta, Jesus A",JA4,Manager,Santa Anita,Shaun,6/9/2026,18:20,21:27,0:59,3:07,
"Acosta, Jesus A",JA4,Manager,Santa Anita,Shaun,6/10/2026,9:26,12:51,,3:25,
"Acosta, Jesus A",JA4,Manager,Santa Anita,Shaun,6/10/2026,13:36,17:28,0:45,3:52,
"Acosta, Jesus A",JA4,Manager,Santa Anita,Shaun,6/10/2026,18:17,20:31,0:49,2:14,
"Acosta, Jesus A",JA4,Manager,Santa Anita,Shaun,6/12/2026,9:24,12:32,,3:08,
"Acosta, Jesus A",JA4,Manager,Santa Anita,Shaun,6/12/2026,13:32,17:47,1:00,4:15,
"Acosta, Jesus A",JA4,Manager,Santa Anita,Shaun,6/12/2026,18:47,21:30,1:00,2:43,
"Acosta, Jesus A",JA4,Manager,Santa Anita,Shaun,6/13/2026,11:34,16:08,,4:34,
"Acosta, Jesus A",JA4,Manager,Santa Anita,Shaun,6/13/2026,17:15,21:33,1:07,4:18,
"Acosta, Jesus A",JA4,Manager,Santa Anita,Shaun,6/14/2026,11:28,15:32,,4:04,
"Acosta, Jesus A",JA4,Manager,Santa Anita,Shaun,6/14/2026,16:43,20:28,1:11,3:45,
"Acosta, Jesus A",JA4,Manager,Santa Anita,Shaun,6/15/2026,14:22,17:09,,2:47,
"Acosta, Jesus A",JA4,Manager,Santa Anita,Shaun,6/15/2026,18:09,21:39,1:00,3:30,
"Acosta, Jesus A",JA4,Manager,Santa Anita,Shaun,6/16/2026,9:24,12:35,,3:11,
"Acosta, Jesus A",JA4,Manager,Santa Anita,Shaun,6/16/2026,13:32,16:50,0:57,3:18,
"Acosta, Jesus A",JA4,Manager,Santa Anita,Shaun,6/16/2026,17:45,21:41,0:55,3:56,
"Acosta, Jesus A",JA4,Manager,Santa Anita,Shaun,6/17/2026,12:27,16:25,,3:58,
"Acosta, Jesus A",JA4,Manager,Santa Anita,Shaun,6/17/2026,17:38,21:24,1:13,3:46,
"Acosta, Jesus A",JA4,Manager,Santa Anita,Shaun,6/19/2026,9:25,12:39,,3:14,
"Acosta, Jesus A",JA4,Manager,Santa Anita,Shaun,6/19/2026,13:42,17:34,1:03,3:52,
"Acosta, Jesus A",JA4,Manager,Santa Anita,Shaun,6/19/2026,18:31,21:25,0:57,2:54,
"Acosta, Jesus A",JA4,Manager,Santa Anita,Shaun,6/20/2026,11:43,15:18,,3:35,
"Acosta, Jesus A",JA4,Manager,Santa Anita,Shaun,6/20/2026,16:20,20:41,1:02,4:21,
"Acosta, Jesus A",JA4,Manager,Santa Anita,Shaun,6/21/2026,11:31,14:51,,3:20,
"Acosta, Jesus A",JA4,Manager,Santa Anita,Shaun,6/21/2026,15:52,19:29,1:01,3:37,
"Acosta, Jesus A",JA4,Manager,Santa Anita,Shaun,6/22/2026,13:02,16:43,,3:41,
"Acosta, Jesus A",JA4,Manager,Santa Anita,Shaun,6/22/2026,17:54,21:32,1:11,3:38,
"Acosta, Jesus A",JA4,Manager,Santa Anita,Shaun,6/23/2026,12:27,16:00,,3:33,
"Acosta, Jesus A",JA4,Manager,Santa Anita,Shaun,6/23/2026,16:59,21:21,0:59,4:22,
"Acosta, Jesus A",JA4,Manager,Santa Anita,Shaun,6/24/2026,13:06,16:20,,3:14,
"Acosta, Jesus A",JA4,Manager,Santa Anita,Shaun,6/24/2026,17:30,21:22,1:10,3:52,
"Acosta, Jesus A",JA4,Manager,Santa Anita,Shaun,6/26/2026,9:31,12:39,,3:08,
"Acosta, Jesus A",JA4,Manager,Santa Anita,Shaun,6/26/2026,13:38,17:12,0:59,3:34,
"Acosta, Jesus A",JA4,Manager,Santa Anita,Shaun,6/26/2026,18:11,21:23,0:59,3:12,
"Acosta, Jesus A",JA4,Manager,Santa Anita,Shaun,6/27/2026,11:31,15:05,,3:34,
"Acosta, Jesus A",JA4,Manager,Santa Anita,Shaun,6/27/2026,16:04,20:30,0:59,4:26,
"Acosta, Jesus A",JA4,Manager,Santa Anita,Shaun,6/28/2026,11:22,16:19,,4:57,
"Acosta, Jesus A",JA4,Manager,Santa Anita,Shaun,6/28/2026,17:16,20:23,0:57,3:07,
"Acosta, Jesus A",JA4,Manager,Santa Anita,Shaun,6/29/2026,14:29,16:38,,2:09,
"Acosta, Jesus A",JA4,Manager,Santa Anita,Shaun,6/29/2026,17:40,21:22,1:02,3:42,
"Acosta, Jesus A",JA4,Manager,Santa Anita,Shaun,6/30/2026,9:23,12:31,,3:08,
"Acosta, Jesus A",JA4,Manager,Santa Anita,Shaun,6/30/2026,13:31,16:32,1:00,3:01,
"Acosta, Jesus A",JA4,Manager,Santa Anita,Shaun,6/30/2026,17:24,21:20,0:52,3:56,
"Adnan, Sayed M",AS4,Corporate Manager,Admin,Shaun,6/1/2026,11:05,15:39,,4:34,
"Adnan, Sayed M",AS4,Corporate Manager,Admin,Shaun,6/1/2026,16:40,20:00,1:01,3:20,
"Adnan, Sayed M",AS4,Corporate Manager,Admin,Shaun,6/2/2026,11:06,15:51,,4:45,
"Adnan, Sayed M",AS4,Corporate Manager,Admin,Shaun,6/2/2026,16:28,19:42,0:37,3:14,
"Adnan, Sayed M",AS4,Corporate Manager,Admin,Shaun,6/4/2026,11:14,16:02,,4:48,
"Adnan, Sayed M",AS4,Corporate Manager,Admin,Shaun,6/4/2026,16:32,19:32,0:30,3:00,
"Adnan, Sayed M",AS4,Corporate Manager,Admin,Shaun,6/5/2026,11:19,16:16,,4:57,
"Adnan, Sayed M",AS4,Corporate Manager,Admin,Shaun,6/5/2026,16:48,20:40,0:32,3:52,
"Adnan, Sayed M",AS4,Corporate Manager,Admin,Shaun,6/6/2026,10:47,15:27,,4:40,
"Adnan, Sayed M",AS4,Corporate Manager,Admin,Shaun,6/6/2026,16:37,20:00,1:10,3:23,
"Adnan, Sayed M",AS4,Corporate Manager,Admin,Shaun,6/7/2026,10:34,15:13,,4:39,
"Adnan, Sayed M",AS4,Corporate Manager,Admin,Shaun,6/7/2026,15:56,19:37,0:43,3:41,
"Adnan, Sayed M",AS4,Corporate Manager,Admin,Shaun,6/8/2026,11:05,15:59,,4:54,
"Adnan, Sayed M",AS4,Corporate Manager,Admin,Shaun,6/8/2026,16:41,19:29,0:42,2:48,
"Adnan, Sayed M",AS4,Corporate Manager,Admin,Shaun,6/10/2026,11:46,16:09,,4:23,
"Adnan, Sayed M",AS4,Corporate Manager,Admin,Shaun,6/10/2026,16:47,19:52,0:38,3:05,
"Adnan, Sayed M",AS4,Corporate Manager,Admin,Shaun,6/11/2026,11:21,14:44,,3:23,
"Adnan, Sayed M",AS4,Corporate Manager,Admin,Shaun,6/11/2026,15:56,18:46,1:12,2:50,
"Adnan, Sayed M",AS4,Corporate Manager,Admin,Shaun,6/12/2026,11:03,15:43,,4:40,
"Adnan, Sayed M",AS4,Corporate Manager,Admin,Shaun,6/12/2026,16:44,19:24,1:01,2:40,
"Adnan, Sayed M",AS4,Corporate Manager,Admin,Shaun,6/13/2026,11:04,15:51,,4:47,
"Adnan, Sayed M",AS4,Corporate Manager,Admin,Shaun,6/13/2026,16:35,19:32,0:44,2:57,
"Adnan, Sayed M",AS4,Corporate Manager,Admin,Shaun,6/14/2026,11:27,16:09,,4:42,
"Adnan, Sayed M",AS4,Corporate Manager,Admin,Shaun,6/14/2026,16:54,18:42,0:45,1:48,
"Adnan, Sayed M",AS4,Corporate Manager,Admin,Shaun,6/15/2026,11:08,15:46,,4:38,
"Adnan, Sayed M",AS4,Corporate Manager,Admin,Shaun,6/15/2026,16:39,19:40,0:53,3:01,
"Adnan, Sayed M",AS4,Corporate Manager,Admin,Shaun,6/16/2026,11:10,16:04,,4:54,
"Adnan, Sayed M",AS4,Corporate Manager,Admin,Shaun,6/16/2026,17:11,19:48,1:07,2:37,
"Adnan, Sayed M",AS4,Corporate Manager,Admin,Shaun,6/18/2026,11:16,16:04,,4:48,
"Adnan, Sayed M",AS4,Corporate Manager,Admin,Shaun,6/18/2026,16:49,19:31,0:45,2:42,
"Adnan, Sayed M",AS4,Corporate Manager,Admin,Shaun,6/19/2026,10:30,15:22,,4:52,
"Adnan, Sayed M",AS4,Corporate Manager,Admin,Shaun,6/19/2026,16:25,20:14,1:03,3:49,
"Adnan, Sayed M",AS4,Corporate Manager,Admin,Shaun,6/20/2026,10:35,15:31,,4:56,
"Adnan, Sayed M",AS4,Corporate Manager,Admin,Shaun,6/20/2026,16:09,20:07,0:38,3:58,
"Adnan, Sayed M",AS4,Corporate Manager,Admin,Shaun,6/21/2026,11:01,15:31,,4:30,
"Adnan, Sayed M",AS4,Corporate Manager,Admin,Shaun,6/21/2026,16:20,18:51,0:49,2:31,
"Adnan, Sayed M",AS4,Corporate Manager,Admin,Shaun,6/22/2026,11:11,15:26,,4:15,
"Adnan, Sayed M",AS4,Corporate Manager,Admin,Shaun,6/22/2026,16:19,19:44,0:53,3:25,
"Adnan, Sayed M",AS4,Corporate Manager,Admin,Shaun,6/23/2026,10:59,15:41,,4:42,
"Adnan, Sayed M",AS4,Corporate Manager,Admin,Shaun,6/23/2026,16:18,20:20,0:37,4:02,
"Adnan, Sayed M",AS4,Corporate Manager,Admin,Shaun,6/25/2026,10:58,15:20,,4:22,
"Adnan, Sayed M",AS4,Corporate Manager,Admin,Shaun,6/25/2026,15:50,19:28,0:30,3:38,
"Adnan, Sayed M",AS4,Corporate Manager,Admin,Shaun,6/26/2026,11:22,16:16,,4:54,
"Adnan, Sayed M",AS4,Corporate Manager,Admin,Shaun,6/26/2026,16:55,20:15,0:39,3:20,
"Adnan, Sayed M",AS4,Corporate Manager,Admin,Shaun,6/27/2026,11:13,15:43,,4:30,
"Adnan, Sayed M",AS4,Corporate Manager,Admin,Shaun,6/27/2026,16:13,19:55,0:30,3:42,
"Adnan, Sayed M",AS4,Corporate Manager,Admin,Shaun,6/28/2026,11:06,14:46,,3:40,
"Adnan, Sayed M",AS4,Corporate Manager,Admin,Shaun,6/28/2026,15:23,18:45,0:37,3:22,
"Adnan, Sayed M",AS4,Corporate Manager,Admin,Shaun,6/29/2026,10:52,15:49,,4:57,
"Adnan, Sayed M",AS4,Corporate Manager,Admin,Shaun,6/29/2026,16:19,20:02,0:30,3:43,
"Adnan, Sayed M",AS4,Corporate Manager,Admin,Shaun,6/30/2026,11:14,15:43,,4:29,
"Adnan, Sayed M",AS4,Corporate Manager,Admin,Shaun,6/30/2026,16:13,19:31,0:30,3:18,
"Ahmed, Shazia",SA2,Corporate Manager,Admin,AJ,6/1/2026,10:58,15:44,,4:46,
"Ahmed, Shazia",SA2,Corporate Manager,Admin,AJ,6/1/2026,16:44,18:32,1:00,1:48,
"Ahmed, Shazia",SA2,Corporate Manager,Admin,AJ,6/2/2026,11:27,16:05,,4:38,
"Ahmed, Shazia",SA2,Corporate Manager,Admin,AJ,6/2/2026,17:04,19:57,0:59,2:53,
"Ahmed, Shazia",SA2,Corporate Manager,Admin,AJ,6/4/2026,10:59,15:30,,4:31,
"Ahmed, Shazia",SA2,Corporate Manager,Admin,AJ,6/4/2026,16:16,20:11,0:46,3:55,
"Ahmed, Shazia",SA2,Corporate Manager,Admin,AJ,6/5/2026,11:29,16:00,,4:31,
"Ahmed, Shazia",SA2,Corporate Manager,Admin,AJ,6/5/2026,16:59,20:35,0:59,3:36,
"Ahmed, Shazia",SA2,Corporate Manager,Admin,AJ,6/6/2026,10:59,15:55,,4:56,
"Ahmed, Shazia",SA2,Corporate Manager,Admin,AJ,6/6/2026,16:56,20:06,1:01,3:10,
"Ahmed, Shazia",SA2,Corporate Manager,Admin,AJ,6/7/2026,11:29,16:25,,4:56,
"Ahmed, Shazia",SA2,Corporate Manager,Admin,AJ,6/7/2026,16:58,19:04,0:33,2:06,
"Ahmed, Shazia",SA2,Corporate Manager,Admin,AJ,6/8/2026,10:59,14:07,,3:08,
"Ahmed, Shazia",SA2,Corporate Manager,Admin,AJ,6/8/2026,14:18,15:57,0:11,1:49,
"Ahmed, Shazia",SA2,Corporate Manager,Admin,AJ,6/8/2026,16:56,20:14,0:59,3:18,
"Ahmed, Shazia",SA2,Corporate Manager,Admin,AJ,6/10/2026,12:56,16:31,,3:35,
"Ahmed, Shazia",SA2,Corporate Manager,Admin,AJ,6/10/2026,17:28,20:08,0:57,2:40,
"Ahmed, Shazia",SA2,Corporate Manager,Admin,AJ,6/11/2026,11:00,15:28,,4:28,
"Ahmed, Shazia",SA2,Corporate Manager,Admin,AJ,6/11/2026,16:27,20:22,0:59,3:55,
"Ahmed, Shazia",SA2,Corporate Manager,Admin,AJ,6/12/2026,11:29,15:44,,4:15,
"Ahmed, Shazia",SA2,Corporate Manager,Admin,AJ,6/12/2026,16:45,20:40,1:01,3:55,
"Ahmed, Shazia",SA2,Corporate Manager,Admin,AJ,6/15/2026,10:00,18:00,,8:00,
"Ahmed, Shazia",SA2,Corporate Manager,Admin,AJ,6/18/2026,11:00,15:15,,4:15,
"Ahmed, Shazia",SA2,Corporate Manager,Admin,AJ,6/18/2026,16:16,18:46,1:01,2:30,
"Ahmed, Shazia",SA2,Corporate Manager,Admin,AJ,6/18/2026,18:57,20:11,0:11,1:24,
"Ahmed, Shazia",SA2,Corporate Manager,Admin,AJ,6/19/2026,11:30,16:27,,4:57,
"Ahmed, Shazia",SA2,Corporate Manager,Admin,AJ,6/19/2026,17:27,20:32,1:00,3:05,
"Ahmed, Shazia",SA2,Corporate Manager,Admin,AJ,6/20/2026,11:01,15:18,,4:17,
"Ahmed, Shazia",SA2,Corporate Manager,Admin,AJ,6/20/2026,16:20,19:57,1:02,3:37,
"Ahmed, Shazia",SA2,Corporate Manager,Admin,AJ,6/21/2026,11:04,15:49,,4:45,
"Ahmed, Shazia",SA2,Corporate Manager,Admin,AJ,6/21/2026,16:49,19:00,1:00,2:11,
"Ahmed, Shazia",SA2,Corporate Manager,Admin,AJ,6/22/2026,11:00,15:57,,4:57,
"Ahmed, Shazia",SA2,Corporate Manager,Admin,AJ,6/22/2026,16:58,20:10,1:01,3:12,
"Ahmed, Shazia",SA2,Corporate Manager,Admin,AJ,6/25/2026,10:55,15:18,,4:23,
"Ahmed, Shazia",SA2,Corporate Manager,Admin,AJ,6/25/2026,16:20,19:18,1:02,2:58,
"Ahmed, Shazia",SA2,Corporate Manager,Admin,AJ,6/25/2026,19:28,20:40,0:10,1:22,
"Ahmed, Shazia",SA2,Corporate Manager,Admin,AJ,6/26/2026,11:30,16:00,,4:30,
"Ahmed, Shazia",SA2,Corporate Manager,Admin,AJ,6/26/2026,17:00,20:36,1:00,3:36,
"Ahmed, Shazia",SA2,Corporate Manager,Admin,AJ,6/27/2026,11:01,15:55,,4:54,
"Ahmed, Shazia",SA2,Corporate Manager,Admin,AJ,6/27/2026,16:57,19:30,1:02,2:33,
"Ahmed, Shazia",SA2,Corporate Manager,Admin,AJ,6/28/2026,11:01,15:55,,4:54,
"Ahmed, Shazia",SA2,Corporate Manager,Admin,AJ,6/28/2026,16:54,19:07,0:59,2:13,
"Ahmed, Shazia",SA2,Corporate Manager,Admin,AJ,6/29/2026,11:00,15:43,,4:43,
"Ahmed, Shazia",SA2,Corporate Manager,Admin,AJ,6/29/2026,16:44,20:10,1:01,3:26,
"Ahmed, Shazia",SA2,Corporate Manager,Admin,AJ,6/30/2026,11:26,16:21,,4:55,
"Ahmed, Shazia",SA2,Corporate Manager,Admin,AJ,6/30/2026,17:23,20:39,1:02,3:16,
"Al Ridwan, Md",MR3,Sales Associate,Ontario,Rosela,6/1/2026,9:06,13:50,,4:44,
"Al Ridwan, Md",MR3,Sales Associate,Ontario,Rosela,6/1/2026,14:31,20:37,0:41,6:06,
"Al Ridwan, Md",MR3,Sales Associate,Ontario,Rosela,6/2/2026,9:06,13:45,,4:39,
"Al Ridwan, Md",MR3,Sales Associate,Ontario,Rosela,6/2/2026,14:40,20:00,0:55,5:20,
"Al Ridwan, Md",MR3,Sales Associate,Ontario,Rosela,6/4/2026,9:04,13:55,,4:51,
"Al Ridwan, Md",MR3,Sales Associate,Ontario,Rosela,6/4/2026,14:58,20:05,1:03,5:07,
"Al Ridwan, Md",MR3,Sales Associate,Ontario,Rosela,6/5/2026,9:04,13:05,,4:01,
"Al Ridwan, Md",MR3,Sales Associate,Ontario,Rosela,6/6/2026,9:06,13:53,,4:47,
"Al Ridwan, Md",MR3,Sales Associate,Ontario,Rosela,6/6/2026,14:51,21:02,0:58,6:11,
"Al Ridwan, Md",MR3,Sales Associate,Ontario,Rosela,6/7/2026,10:04,14:40,,4:36,
"Al Ridwan, Md",MR3,Sales Associate,Ontario,Rosela,6/7/2026,15:37,20:16,0:57,4:39,
"Al Ridwan, Md",MR3,Sales Associate,Ontario,Rosela,6/8/2026,8:57,12:09,,3:12,
"Al Ridwan, Md",MR3,Sales Associate,Ontario,Rosela,6/8/2026,12:20,13:47,0:11,1:37,
"Al Ridwan, Md",MR3,Sales Associate,Ontario,Rosela,6/8/2026,14:39,20:00,0:52,5:21,
"Al Ridwan, Md",MR3,Sales Associate,Ontario,Rosela,6/9/2026,9:05,13:58,,4:53,
"Al Ridwan, Md",MR3,Sales Associate,Ontario,Rosela,6/9/2026,14:56,20:02,0:58,5:06,
"Al Ridwan, Md",MR3,Sales Associate,Ontario,Rosela,6/11/2026,9:06,13:31,,4:25,
"Al Ridwan, Md",MR3,Sales Associate,Ontario,Rosela,6/11/2026,14:35,20:08,1:04,5:33,
"Al Ridwan, Md",MR3,Sales Associate,Ontario,Rosela,6/12/2026,9:03,12:43,,3:40,
"Al Ridwan, Md",MR3,Sales Associate,Ontario,Rosela,6/13/2026,9:07,13:09,,4:02,
"Al Ridwan, Md",MR3,Sales Associate,Ontario,Rosela,6/13/2026,14:16,21:01,1:07,6:45,
"Al Ridwan, Md",MR3,Sales Associate,Ontario,Rosela,6/14/2026,9:58,14:34,,4:36,
"Al Ridwan, Md",MR3,Sales Associate,Ontario,Rosela,6/14/2026,15:33,20:09,0:59,4:36,
"Al Ridwan, Md",MR3,Sales Associate,Ontario,Rosela,6/15/2026,9:06,13:45,,4:39,
"Al Ridwan, Md",MR3,Sales Associate,Ontario,Rosela,6/15/2026,14:42,20:13,0:57,5:31,
"Al Ridwan, Md",MR3,Sales Associate,Ontario,Rosela,6/16/2026,9:05,13:49,,4:44,
"Al Ridwan, Md",MR3,Sales Associate,Ontario,Rosela,6/16/2026,14:43,20:41,0:54,5:58,
"Al Ridwan, Md",MR3,Sales Associate,Ontario,Rosela,6/18/2026,8:59,12:55,,3:56,
"Al Ridwan, Md",MR3,Sales Associate,Ontario,Rosela,6/18/2026,14:01,20:01,1:06,6:00,
"Al Ridwan, Md",MR3,Sales Associate,Ontario,Rosela,6/20/2026,9:00,13:45,,4:45,
"Al Ridwan, Md",MR3,Sales Associate,Ontario,Rosela,6/20/2026,14:42,21:01,0:57,6:19,
"Al Ridwan, Md",MR3,Sales Associate,Ontario,Rosela,6/21/2026,10:00,14:40,,4:40,
"Al Ridwan, Md",MR3,Sales Associate,Ontario,Rosela,6/21/2026,15:30,20:01,0:50,4:31,
"Al Ridwan, Md",MR3,Sales Associate,Ontario,Rosela,6/22/2026,9:00,13:51,,4:51,
"Al Ridwan, Md",MR3,Sales Associate,Ontario,Rosela,6/22/2026,14:47,20:08,0:56,5:21,
"Al Ridwan, Md",MR3,Sales Associate,Ontario,Rosela,6/23/2026,8:59,12:56,,3:57,
"Al Ridwan, Md",MR3,Sales Associate,Ontario,Rosela,6/23/2026,13:49,20:07,0:53,6:18,
"Al Ridwan, Md",MR3,Sales Associate,Ontario,Rosela,6/25/2026,16:49,20:00,,3:11,
"Al Ridwan, Md",MR3,Sales Associate,Ontario,Rosela,6/26/2026,9:15,12:18,,3:03,
"Al Ridwan, Md",MR3,Sales Associate,Ontario,Rosela,6/27/2026,9:04,13:20,,4:16,
"Al Ridwan, Md",MR3,Sales Associate,Ontario,Rosela,6/27/2026,14:22,21:39,1:02,7:17,
"Al Ridwan, Md",MR3,Sales Associate,Ontario,Rosela,6/28/2026,10:01,13:43,,3:42,
"Al Ridwan, Md",MR3,Sales Associate,Ontario,Rosela,6/28/2026,14:46,20:13,1:03,5:27,
"Al Ridwan, Md",MR3,Sales Associate,Ontario,Rosela,6/29/2026,9:06,12:41,,3:35,
"Al Ridwan, Md",MR3,Sales Associate,Ontario,Rosela,6/29/2026,13:39,20:01,0:58,6:22,
"Al Ridwan, Md",MR3,Sales Associate,Ontario,Rosela,6/30/2026,9:00,13:18,,4:18,
"Al Ridwan, Md",MR3,Sales Associate,Ontario,Rosela,6/30/2026,14:18,20:01,1:00,5:43,
"Altaf, Fahad",FA,Manager,Oakridge,AJ,6/1/2026,10:50,15:33,,4:43,
"Altaf, Fahad",FA,Manager,Oakridge,AJ,6/1/2026,16:43,21:18,1:10,4:35,
"Altaf, Fahad",FA,Manager,Oakridge,AJ,6/3/2026,10:56,15:06,,4:10,
"Altaf, Fahad",FA,Manager,Oakridge,AJ,6/3/2026,16:09,20:13,1:03,4:04,
"Altaf, Fahad",FA,Manager,Oakridge,AJ,6/4/2026,10:47,15:24,,4:37,
"Altaf, Fahad",FA,Manager,Oakridge,AJ,6/4/2026,16:16,20:19,0:52,4:03,
"Altaf, Fahad",FA,Manager,Oakridge,AJ,6/6/2026,10:53,15:07,,4:14,
"Altaf, Fahad",FA,Manager,Oakridge,AJ,6/6/2026,15:38,21:22,0:31,5:44,
"Altaf, Fahad",FA,Manager,Oakridge,AJ,6/8/2026,10:49,15:44,,4:55,
"Altaf, Fahad",FA,Manager,Oakridge,AJ,6/8/2026,16:47,20:42,1:03,3:55,
"Altaf, Fahad",FA,Manager,Oakridge,AJ,6/9/2026,9:13,14:10,,4:57,
"Altaf, Fahad",FA,Manager,Oakridge,AJ,6/9/2026,15:17,20:09,1:07,4:52,
"Altaf, Fahad",FA,Manager,Oakridge,AJ,6/11/2026,10:47,15:40,,4:53,
"Altaf, Fahad",FA,Manager,Oakridge,AJ,6/11/2026,16:46,20:46,1:06,4:00,
"Altaf, Fahad",FA,Manager,Oakridge,AJ,6/13/2026,10:49,15:44,,4:55,
"Altaf, Fahad",FA,Manager,Oakridge,AJ,6/13/2026,16:49,21:07,1:05,4:18,
"Altaf, Fahad",FA,Manager,Oakridge,AJ,6/14/2026,11:18,16:16,,4:58,
"Altaf, Fahad",FA,Manager,Oakridge,AJ,6/14/2026,16:46,19:33,0:30,2:47,
"Altaf, Fahad",FA,Manager,Oakridge,AJ,6/15/2026,10:49,15:43,,4:54,
"Altaf, Fahad",FA,Manager,Oakridge,AJ,6/15/2026,16:20,21:07,0:37,4:47,
"Altaf, Fahad",FA,Manager,Oakridge,AJ,6/17/2026,10:57,15:22,,4:25,
"Altaf, Fahad",FA,Manager,Oakridge,AJ,6/17/2026,16:01,20:16,0:39,4:15,
"Altaf, Fahad",FA,Manager,Oakridge,AJ,6/18/2026,10:53,15:47,,4:54,
"Altaf, Fahad",FA,Manager,Oakridge,AJ,6/18/2026,16:30,20:11,0:43,3:41,
"Altaf, Fahad",FA,Manager,Oakridge,AJ,6/20/2026,10:46,15:41,,4:55,
"Altaf, Fahad",FA,Manager,Oakridge,AJ,6/20/2026,16:19,21:53,0:38,5:34,
"Altaf, Fahad",FA,Manager,Oakridge,AJ,6/21/2026,11:21,16:17,,4:56,
"Altaf, Fahad",FA,Manager,Oakridge,AJ,6/21/2026,16:47,19:53,0:30,3:06,
"Altaf, Fahad",FA,Manager,Oakridge,AJ,6/22/2026,11:00,15:53,,4:53,
"Altaf, Fahad",FA,Manager,Oakridge,AJ,6/22/2026,16:27,20:32,0:34,4:05,
"Altaf, Fahad",FA,Manager,Oakridge,AJ,6/24/2026,11:00,12:51,,1:51,
"Altaf, Fahad",FA,Manager,Oakridge,AJ,6/24/2026,14:04,20:55,1:13,6:51,
"Altaf, Fahad",FA,Manager,Oakridge,AJ,6/25/2026,10:38,15:29,,4:51,
"Altaf, Fahad",FA,Manager,Oakridge,AJ,6/25/2026,16:04,20:02,0:35,3:58,
"Altaf, Fahad",FA,Manager,Oakridge,AJ,6/27/2026,10:53,15:51,,4:58,
"Altaf, Fahad",FA,Manager,Oakridge,AJ,6/27/2026,16:27,21:01,0:36,4:34,
"Altaf, Fahad",FA,Manager,Oakridge,AJ,6/28/2026,11:38,16:31,,4:53,
"Altaf, Fahad",FA,Manager,Oakridge,AJ,6/28/2026,17:04,19:30,0:33,2:26,
"Altaf, Fahad",FA,Manager,Oakridge,AJ,6/30/2026,9:34,14:25,,4:51,
"Altaf, Fahad",FA,Manager,Oakridge,AJ,6/30/2026,15:34,20:39,1:09,5:05,
"Alvarez, Lynette L",LY,Manager,Valley Fair,AJ,6/1/2026,9:00,11:50,,2:50,
"Alvarez, Lynette L",LY,Manager,Valley Fair,AJ,6/1/2026,12:00,13:23,0:10,1:33,
"Alvarez, Lynette L",LY,Manager,Valley Fair,AJ,6/1/2026,14:19,18:19,0:56,4:00,
"Alvarez, Lynette L",LY,Manager,Valley Fair,AJ,6/3/2026,8:57,12:32,,3:35,
"Alvarez, Lynette L",LY,Manager,Valley Fair,AJ,6/3/2026,12:45,13:43,0:13,1:08,
"Alvarez, Lynette L",LY,Manager,Valley Fair,AJ,6/3/2026,14:35,20:59,0:52,6:24,
"Alvarez, Lynette L",LY,Manager,Valley Fair,AJ,6/4/2026,9:04,12:02,,2:58,
"Alvarez, Lynette L",LY,Manager,Valley Fair,AJ,6/4/2026,12:12,13:29,0:10,1:27,
"Alvarez, Lynette L",LY,Manager,Valley Fair,AJ,6/4/2026,14:28,21:06,0:59,6:38,
"Alvarez, Lynette L",LY,Manager,Valley Fair,AJ,6/5/2026,11:58,16:00,,4:02,
"Alvarez, Lynette L",LY,Manager,Valley Fair,AJ,6/5/2026,16:09,16:52,0:09,0:52,
"Alvarez, Lynette L",LY,Manager,Valley Fair,AJ,6/5/2026,17:40,21:24,0:48,3:44,
"Alvarez, Lynette L",LY,Manager,Valley Fair,AJ,6/6/2026,8:56,12:24,,3:28,
"Alvarez, Lynette L",LY,Manager,Valley Fair,AJ,6/6/2026,12:34,13:34,0:10,1:10,
"Alvarez, Lynette L",LY,Manager,Valley Fair,AJ,6/6/2026,14:30,18:07,0:56,3:37,
"Alvarez, Lynette L",LY,Manager,Valley Fair,AJ,6/7/2026,8:58,12:22,,3:24,
"Alvarez, Lynette L",LY,Manager,Valley Fair,AJ,6/7/2026,12:32,13:48,0:10,1:26,
"Alvarez, Lynette L",LY,Manager,Valley Fair,AJ,6/7/2026,14:48,18:10,1:00,3:22,
"Alvarez, Lynette L",LY,Manager,Valley Fair,AJ,6/8/2026,9:04,14:06,,5:02,
"Alvarez, Lynette L",LY,Manager,Valley Fair,AJ,6/8/2026,14:36,15:10,0:30,0:34,
"Alvarez, Lynette L",LY,Manager,Valley Fair,AJ,6/10/2026,9:05,14:02,,4:57,
"Alvarez, Lynette L",LY,Manager,Valley Fair,AJ,6/10/2026,15:01,18:45,0:59,3:44,
"Alvarez, Lynette L",LY,Manager,Valley Fair,AJ,6/10/2026,18:55,21:00,0:10,2:15,
"Alvarez, Lynette L",LY,Manager,Valley Fair,AJ,6/11/2026,9:00,13:48,,4:48,
"Alvarez, Lynette L",LY,Manager,Valley Fair,AJ,6/11/2026,14:44,21:18,0:56,6:34,
"Alvarez, Lynette L",LY,Manager,Valley Fair,AJ,6/12/2026,11:57,15:17,,3:20,
"Alvarez, Lynette L",LY,Manager,Valley Fair,AJ,6/12/2026,15:27,16:35,0:10,1:18,
"Alvarez, Lynette L",LY,Manager,Valley Fair,AJ,6/12/2026,17:30,21:08,0:55,3:38,
"Alvarez, Lynette L",LY,Manager,Valley Fair,AJ,6/13/2026,8:58,12:26,,3:28,
"Alvarez, Lynette L",LY,Manager,Valley Fair,AJ,6/13/2026,12:35,13:29,0:09,1:03,
"Alvarez, Lynette L",LY,Manager,Valley Fair,AJ,6/13/2026,14:25,19:19,0:56,4:54,
"Alvarez, Lynette L",LY,Manager,Valley Fair,AJ,6/14/2026,8:58,11:55,,2:57,
"Alvarez, Lynette L",LY,Manager,Valley Fair,AJ,6/14/2026,12:05,13:36,0:10,1:41,
"Alvarez, Lynette L",LY,Manager,Valley Fair,AJ,6/14/2026,14:32,18:13,0:56,3:41,
"Alvarez, Lynette L",LY,Manager,Valley Fair,AJ,6/15/2026,9:01,12:06,,3:05,
"Alvarez, Lynette L",LY,Manager,Valley Fair,AJ,6/15/2026,12:16,13:56,0:10,1:50,
"Alvarez, Lynette L",LY,Manager,Valley Fair,AJ,6/15/2026,14:51,21:02,0:55,6:11,
"Alvarez, Lynette L",LY,Manager,Valley Fair,AJ,6/17/2026,9:15,17:15,,8:00,
"Alvarez, Lynette L",LY,Manager,Valley Fair,AJ,6/18/2026,9:11,12:49,,3:38,
"Alvarez, Lynette L",LY,Manager,Valley Fair,AJ,6/18/2026,12:56,14:04,0:07,1:15,
"Alvarez, Lynette L",LY,Manager,Valley Fair,AJ,6/18/2026,15:00,21:13,0:56,6:13,
"Alvarez, Lynette L",LY,Manager,Valley Fair,AJ,6/19/2026,12:05,15:12,,3:07,
"Alvarez, Lynette L",LY,Manager,Valley Fair,AJ,6/19/2026,15:22,16:05,0:10,0:53,
"Alvarez, Lynette L",LY,Manager,Valley Fair,AJ,6/19/2026,17:00,21:12,0:55,4:12,
"Alvarez, Lynette L",LY,Manager,Valley Fair,AJ,6/20/2026,11:55,15:29,,3:34,
"Alvarez, Lynette L",LY,Manager,Valley Fair,AJ,6/20/2026,15:39,16:39,0:10,1:10,
"Alvarez, Lynette L",LY,Manager,Valley Fair,AJ,6/20/2026,17:34,21:06,0:55,3:32,
"Alvarez, Lynette L",LY,Manager,Valley Fair,AJ,6/21/2026,9:15,11:27,,2:12,
"Alvarez, Lynette L",LY,Manager,Valley Fair,AJ,6/21/2026,11:37,13:17,0:10,1:50,
"Alvarez, Lynette L",LY,Manager,Valley Fair,AJ,6/21/2026,14:12,18:19,0:55,4:07,
"Alvarez, Lynette L",LY,Manager,Valley Fair,AJ,6/22/2026,9:14,12:09,,2:55,
"Alvarez, Lynette L",LY,Manager,Valley Fair,AJ,6/22/2026,12:19,13:36,0:10,1:27,
"Alvarez, Lynette L",LY,Manager,Valley Fair,AJ,6/22/2026,14:29,21:00,0:53,6:31,
"Alvarez, Lynette L",LY,Manager,Valley Fair,AJ,6/24/2026,9:14,12:09,,2:55,
"Alvarez, Lynette L",LY,Manager,Valley Fair,AJ,6/24/2026,12:23,13:59,0:14,1:46,
"Alvarez, Lynette L",LY,Manager,Valley Fair,AJ,6/24/2026,14:54,18:19,0:55,3:25,
"Alvarez, Lynette L",LY,Manager,Valley Fair,AJ,6/25/2026,11:51,14:17,,2:26,
"Alvarez, Lynette L",LY,Manager,Valley Fair,AJ,6/25/2026,14:27,16:06,0:10,1:49,
"Alvarez, Lynette L",LY,Manager,Valley Fair,AJ,6/25/2026,17:00,21:09,0:54,4:09,
"Alvarez, Lynette L",LY,Manager,Valley Fair,AJ,6/26/2026,11:42,16:35,,4:53,
"Alvarez, Lynette L",LY,Manager,Valley Fair,AJ,6/26/2026,17:30,21:10,0:55,3:40,
"Alvarez, Lynette L",LY,Manager,Valley Fair,AJ,6/27/2026,12:07,16:49,,4:42,
"Alvarez, Lynette L",LY,Manager,Valley Fair,AJ,6/27/2026,17:45,21:06,0:56,3:21,
"Alvarez, Lynette L",LY,Manager,Valley Fair,AJ,6/28/2026,9:09,11:53,,2:44,
"Alvarez, Lynette L",LY,Manager,Valley Fair,AJ,6/28/2026,12:03,13:35,0:10,1:42,
"Alvarez, Lynette L",LY,Manager,Valley Fair,AJ,6/28/2026,14:31,18:44,0:56,4:13,
"Alvarez, Lynette L",LY,Manager,Valley Fair,AJ,6/29/2026,9:10,13:12,,4:02,
"Alvarez, Lynette L",LY,Manager,Valley Fair,AJ,6/29/2026,13:25,13:52,0:13,0:37,
"Alvarez, Lynette L",LY,Manager,Valley Fair,AJ,6/29/2026,14:47,18:19,0:55,3:32,
"Aquino-Maya, Omar",OA1,Sales Associate,Stockton,Joyce,6/3/2026,10:16,15:09,,4:53,
"Aquino-Maya, Omar",OA1,Sales Associate,Stockton,Joyce,6/3/2026,16:10,19:15,1:01,3:05,
"Aquino-Maya, Omar",OA1,Sales Associate,Stockton,Joyce,6/4/2026,10:12,13:30,,3:18,
"Aquino-Maya, Omar",OA1,Sales Associate,Stockton,Joyce,6/4/2026,14:01,16:33,0:31,2:32,
"Aquino-Maya, Omar",OA1,Sales Associate,Stockton,Joyce,6/4/2026,17:03,20:16,0:30,3:13,
"Aquino-Maya, Omar",OA1,Sales Associate,Stockton,Joyce,6/5/2026,11:28,15:17,,3:49,
"Aquino-Maya, Omar",OA1,Sales Associate,Stockton,Joyce,6/5/2026,16:19,20:22,1:02,4:03,
"Aquino-Maya, Omar",OA1,Sales Associate,Stockton,Joyce,6/6/2026,11:51,15:33,,3:42,
"Aquino-Maya, Omar",OA1,Sales Associate,Stockton,Joyce,6/6/2026,16:33,20:23,1:00,3:50,
"Aquino-Maya, Omar",OA1,Sales Associate,Stockton,Joyce,6/17/2026,10:16,15:03,,4:47,
"Aquino-Maya, Omar",OA1,Sales Associate,Stockton,Joyce,6/17/2026,16:02,19:14,0:59,3:12,
"Aquino-Maya, Omar",OA1,Sales Associate,Stockton,Joyce,6/18/2026,11:28,15:38,,4:10,
"Aquino-Maya, Omar",OA1,Sales Associate,Stockton,Joyce,6/18/2026,16:40,19:11,1:02,2:31,
"Aquino-Maya, Omar",OA1,Sales Associate,Stockton,Joyce,6/18/2026,19:24,20:14,0:13,1:00,
"Aquino-Maya, Omar",OA1,Sales Associate,Stockton,Joyce,6/19/2026,11:28,16:23,,4:55,
"Aquino-Maya, Omar",OA1,Sales Associate,Stockton,Joyce,6/19/2026,17:23,20:42,1:00,3:19,
"Aquino-Maya, Omar",OA1,Sales Associate,Stockton,Joyce,6/20/2026,11:35,15:11,,3:36,
"Aquino-Maya, Omar",OA1,Sales Associate,Stockton,Joyce,6/20/2026,16:10,20:13,0:59,4:03,
"Aquino-Maya, Omar",OA1,Sales Associate,Stockton,Joyce,6/24/2026,11:27,15:37,,4:10,
"Aquino-Maya, Omar",OA1,Sales Associate,Stockton,Joyce,6/24/2026,16:37,20:08,1:00,3:31,
"Aquino-Maya, Omar",OA1,Sales Associate,Stockton,Joyce,6/25/2026,10:15,14:26,,4:11,
"Aquino-Maya, Omar",OA1,Sales Associate,Stockton,Joyce,6/25/2026,15:33,19:16,1:07,3:43,
"Aquino-Maya, Omar",OA1,Sales Associate,Stockton,Joyce,6/26/2026,11:31,15:47,,4:16,
"Aquino-Maya, Omar",OA1,Sales Associate,Stockton,Joyce,6/26/2026,16:47,20:17,1:00,3:30,
"Aquino-Maya, Omar",OA1,Sales Associate,Stockton,Joyce,6/27/2026,11:33,14:05,,2:32,
"Aquino-Maya, Omar",OA1,Sales Associate,Stockton,Joyce,6/27/2026,15:13,20:07,1:08,4:54,
"Artani, Zoya",ZA2,Sales Associate,Valley Fair,Lynette,6/1/2026,11:55,16:01,,4:06,
"Artani, Zoya",ZA2,Sales Associate,Valley Fair,Lynette,6/1/2026,16:43,20:58,0:42,4:15,
"Artani, Zoya",ZA2,Sales Associate,Valley Fair,Lynette,6/2/2026,9:07,14:00,,4:53,
"Artani, Zoya",ZA2,Sales Associate,Valley Fair,Lynette,6/2/2026,14:34,21:21,0:34,6:47,
"Artani, Zoya",ZA2,Sales Associate,Valley Fair,Lynette,6/3/2026,11:56,16:19,,4:23,
"Artani, Zoya",ZA2,Sales Associate,Valley Fair,Lynette,6/3/2026,16:51,20:58,0:32,4:07,
"Artani, Zoya",ZA2,Sales Associate,Valley Fair,Lynette,6/4/2026,9:06,13:39,,4:33,
"Artani, Zoya",ZA2,Sales Associate,Valley Fair,Lynette,6/4/2026,14:24,21:05,0:45,6:41,
"Artani, Zoya",ZA2,Sales Associate,Valley Fair,Lynette,6/6/2026,11:41,16:27,,4:46,
"Artani, Zoya",ZA2,Sales Associate,Valley Fair,Lynette,6/6/2026,17:06,21:00,0:39,3:54,
"Artani, Zoya",ZA2,Sales Associate,Valley Fair,Lynette,6/7/2026,12:08,15:07,,2:59,
"Artani, Zoya",ZA2,Sales Associate,Valley Fair,Lynette,6/7/2026,15:53,20:57,0:46,5:04,
"Artani, Zoya",ZA2,Sales Associate,Valley Fair,Lynette,6/8/2026,11:53,16:43,,4:50,
"Artani, Zoya",ZA2,Sales Associate,Valley Fair,Lynette,6/8/2026,17:24,20:58,0:41,3:34,
"Artani, Zoya",ZA2,Sales Associate,Valley Fair,Lynette,6/9/2026,9:01,13:30,,4:29,
"Artani, Zoya",ZA2,Sales Associate,Valley Fair,Lynette,6/9/2026,14:02,21:02,0:32,7:00,
"Artani, Zoya",ZA2,Sales Associate,Valley Fair,Lynette,6/10/2026,12:35,17:18,,4:43,
"Artani, Zoya",ZA2,Sales Associate,Valley Fair,Lynette,6/10/2026,17:50,20:59,0:32,3:09,
"Artani, Zoya",ZA2,Sales Associate,Valley Fair,Lynette,6/11/2026,9:00,13:44,,4:44,
"Artani, Zoya",ZA2,Sales Associate,Valley Fair,Lynette,6/11/2026,14:20,21:19,0:36,6:59,
"Artani, Zoya",ZA2,Sales Associate,Valley Fair,Lynette,6/13/2026,11:35,15:00,,3:25,
"Artani, Zoya",ZA2,Sales Associate,Valley Fair,Lynette,6/13/2026,15:32,21:08,0:32,5:36,
"Artani, Zoya",ZA2,Sales Associate,Valley Fair,Lynette,6/14/2026,12:09,16:00,,3:51,
"Artani, Zoya",ZA2,Sales Associate,Valley Fair,Lynette,6/14/2026,16:33,20:58,0:33,4:25,
"Artani, Zoya",ZA2,Sales Associate,Valley Fair,Lynette,6/15/2026,9:01,13:22,,4:21,
"Artani, Zoya",ZA2,Sales Associate,Valley Fair,Lynette,6/15/2026,14:04,18:08,0:42,4:04,
"Artani, Zoya",ZA2,Sales Associate,Valley Fair,Lynette,6/16/2026,9:12,14:07,,4:55,
"Artani, Zoya",ZA2,Sales Associate,Valley Fair,Lynette,6/16/2026,14:44,20:58,0:37,6:14,
"Artani, Zoya",ZA2,Sales Associate,Valley Fair,Lynette,6/17/2026,9:13,13:46,,4:33,
"Artani, Zoya",ZA2,Sales Associate,Valley Fair,Lynette,6/17/2026,14:27,20:58,0:41,6:31,
"Artani, Zoya",ZA2,Sales Associate,Valley Fair,Lynette,6/18/2026,9:19,14:06,,4:47,
"Artani, Zoya",ZA2,Sales Associate,Valley Fair,Lynette,6/18/2026,14:55,18:12,0:49,3:17,
"Artani, Zoya",ZA2,Sales Associate,Valley Fair,Lynette,6/18/2026,18:22,21:13,0:10,3:01,
"Artani, Zoya",ZA2,Sales Associate,Valley Fair,Lynette,6/20/2026,11:08,15:50,,4:42,
"Artani, Zoya",ZA2,Sales Associate,Valley Fair,Lynette,6/20/2026,16:22,20:04,0:32,3:42,
"Artani, Zoya",ZA2,Sales Associate,Valley Fair,Lynette,6/21/2026,12:01,16:18,,4:17,
"Artani, Zoya",ZA2,Sales Associate,Valley Fair,Lynette,6/21/2026,16:48,21:00,0:30,4:12,
"Artani, Zoya",ZA2,Sales Associate,Valley Fair,Lynette,6/22/2026,9:14,12:27,,3:13,
"Artani, Zoya",ZA2,Sales Associate,Valley Fair,Lynette,6/22/2026,13:07,18:55,0:40,5:48,
"Artani, Zoya",ZA2,Sales Associate,Valley Fair,Lynette,6/23/2026,9:17,14:16,,4:59,
"Artani, Zoya",ZA2,Sales Associate,Valley Fair,Lynette,6/23/2026,15:04,21:02,0:48,5:58,
"Artani, Zoya",ZA2,Sales Associate,Valley Fair,Lynette,6/24/2026,11:35,16:03,,4:28,
"Artani, Zoya",ZA2,Sales Associate,Valley Fair,Lynette,6/24/2026,16:40,21:00,0:37,4:20,
"Artani, Zoya",ZA2,Sales Associate,Valley Fair,Lynette,6/25/2026,9:17,14:16,,4:59,
"Artani, Zoya",ZA2,Sales Associate,Valley Fair,Lynette,6/25/2026,15:07,21:08,0:51,6:01,
"Artani, Zoya",ZA2,Sales Associate,Valley Fair,Lynette,6/26/2026,9:13,13:51,,4:38,
"Artani, Zoya",ZA2,Sales Associate,Valley Fair,Lynette,6/26/2026,14:23,19:06,0:32,4:43,
"Artani, Zoya",ZA2,Sales Associate,Valley Fair,Lynette,6/27/2026,11:00,15:03,,4:03,
"Artani, Zoya",ZA2,Sales Associate,Valley Fair,Lynette,6/27/2026,15:33,20:17,0:30,4:44,
"Artani, Zoya",ZA2,Sales Associate,Valley Fair,Lynette,6/29/2026,11:57,15:09,,3:12,
"Artani, Zoya",ZA2,Sales Associate,Valley Fair,Lynette,6/29/2026,15:50,21:04,0:41,5:14,
"Artani, Zoya",ZA2,Sales Associate,Valley Fair,Lynette,6/30/2026,9:10,14:02,,4:52,
"Artani, Zoya",ZA2,Sales Associate,Valley Fair,Lynette,6/30/2026,14:46,21:15,0:44,6:29,
"Banuelos, Omar",OB,Sales Associate,Arden,Ali,6/1/2026,9:02,13:01,,3:59,
"Banuelos, Omar",OB,Sales Associate,Arden,Ali,6/1/2026,14:03,17:47,1:02,3:44,
"Banuelos, Omar",OB,Sales Associate,Arden,Ali,6/2/2026,9:08,13:41,,4:33,
"Banuelos, Omar",OB,Sales Associate,Arden,Ali,6/2/2026,14:13,17:05,0:32,2:52,
"Banuelos, Omar",OB,Sales Associate,Arden,Ali,6/2/2026,17:36,20:32,0:31,2:56,
"Banuelos, Omar",OB,Sales Associate,Arden,Ali,6/3/2026,9:02,13:00,,3:58,
"Banuelos, Omar",OB,Sales Associate,Arden,Ali,6/3/2026,13:34,17:33,0:34,3:59,
"Banuelos, Omar",OB,Sales Associate,Arden,Ali,6/3/2026,18:05,20:38,0:32,2:33,
"Banuelos, Omar",OB,Sales Associate,Arden,Ali,6/6/2026,9:02,13:30,,4:28,
"Banuelos, Omar",OB,Sales Associate,Arden,Ali,6/6/2026,14:33,17:36,1:03,3:03,
"Banuelos, Omar",OB,Sales Associate,Arden,Ali,6/7/2026,10:31,14:50,,4:19,
"Banuelos, Omar",OB,Sales Associate,Arden,Ali,6/7/2026,15:20,18:00,0:30,2:40,
"Banuelos, Omar",OB,Sales Associate,Arden,Ali,6/8/2026,9:00,13:38,,4:38,
"Banuelos, Omar",OB,Sales Associate,Arden,Ali,6/8/2026,14:39,17:42,1:01,3:03,
"Banuelos, Omar",OB,Sales Associate,Arden,Ali,6/9/2026,9:00,13:00,,4:00,
"Banuelos, Omar",OB,Sales Associate,Arden,Ali,6/9/2026,13:33,18:12,0:33,4:39,
"Banuelos, Omar",OB,Sales Associate,Arden,Ali,6/9/2026,18:43,21:12,0:31,2:29,
"Banuelos, Omar",OB,Sales Associate,Arden,Ali,6/10/2026,9:00,13:00,,4:00,
"Banuelos, Omar",OB,Sales Associate,Arden,Ali,6/10/2026,14:01,17:48,1:01,3:47,
"Banuelos, Omar",OB,Sales Associate,Arden,Ali,6/13/2026,9:03,13:01,,3:58,
"Banuelos, Omar",OB,Sales Associate,Arden,Ali,6/13/2026,14:07,16:38,1:06,2:31,
"Banuelos, Omar",OB,Sales Associate,Arden,Ali,6/14/2026,10:30,18:00,,7:30,
"Banuelos, Omar",OB,Sales Associate,Arden,Ali,6/15/2026,9:03,13:33,,4:30,
"Banuelos, Omar",OB,Sales Associate,Arden,Ali,6/15/2026,14:36,17:52,1:03,3:16,
"Banuelos, Omar",OB,Sales Associate,Arden,Ali,6/16/2026,9:07,13:01,,3:54,
"Banuelos, Omar",OB,Sales Associate,Arden,Ali,6/16/2026,14:05,17:47,1:04,3:42,
"Banuelos, Omar",OB,Sales Associate,Arden,Ali,6/17/2026,9:01,13:21,,4:20,
"Banuelos, Omar",OB,Sales Associate,Arden,Ali,6/17/2026,14:23,17:45,1:02,3:22,
"Banuelos, Omar",OB,Sales Associate,Arden,Ali,6/18/2026,9:07,13:44,,4:37,
"Banuelos, Omar",OB,Sales Associate,Arden,Ali,6/18/2026,14:46,17:54,1:02,3:08,
"Banuelos, Omar",OB,Sales Associate,Arden,Ali,6/20/2026,9:02,13:23,,4:21,
"Banuelos, Omar",OB,Sales Associate,Arden,Ali,6/20/2026,14:26,17:52,1:03,3:26,
"Banuelos, Omar",OB,Sales Associate,Arden,Ali,6/21/2026,10:37,12:00,,1:23,
"Banuelos, Omar",OB,Sales Associate,Arden,Ali,6/21/2026,12:09,14:09,0:09,2:09,
"Banuelos, Omar",OB,Sales Associate,Arden,Ali,6/21/2026,14:47,17:36,0:38,2:49,
"Banuelos, Omar",OB,Sales Associate,Arden,Ali,6/22/2026,9:04,13:07,,4:03,
"Banuelos, Omar",OB,Sales Associate,Arden,Ali,6/22/2026,14:10,17:46,1:03,3:36,
"Banuelos, Omar",OB,Sales Associate,Arden,Ali,6/23/2026,9:07,13:01,,3:54,
"Banuelos, Omar",OB,Sales Associate,Arden,Ali,6/23/2026,13:34,18:01,0:33,4:27,
"Banuelos, Omar",OB,Sales Associate,Arden,Ali,6/23/2026,18:34,20:39,0:33,2:05,
"Banuelos, Omar",OB,Sales Associate,Arden,Ali,6/24/2026,9:00,13:08,,4:08,
"Banuelos, Omar",OB,Sales Associate,Arden,Ali,6/24/2026,14:12,17:49,1:04,3:37,
"Banuelos, Omar",OB,Sales Associate,Arden,Ali,6/27/2026,9:05,13:13,,4:08,
"Banuelos, Omar",OB,Sales Associate,Arden,Ali,6/27/2026,14:18,17:57,1:05,3:39,
"Banuelos, Omar",OB,Sales Associate,Arden,Ali,6/28/2026,10:42,12:11,,1:29,
"Banuelos, Omar",OB,Sales Associate,Arden,Ali,6/28/2026,12:20,14:17,0:09,2:06,
"Banuelos, Omar",OB,Sales Associate,Arden,Ali,6/28/2026,14:50,19:16,0:33,4:26,
"Banuelos, Omar",OB,Sales Associate,Arden,Ali,6/29/2026,9:04,13:44,,4:40,
"Banuelos, Omar",OB,Sales Associate,Arden,Ali,6/29/2026,14:47,17:49,1:03,3:02,
"Banuelos, Omar",OB,Sales Associate,Arden,Ali,6/30/2026,9:00,12:01,,3:01,
"Banuelos, Omar",OB,Sales Associate,Arden,Ali,6/30/2026,12:09,13:09,0:08,1:08,
"Banuelos, Omar",OB,Sales Associate,Arden,Ali,6/30/2026,13:42,17:32,0:33,3:50,
"Banuelos, Omar",OB,Sales Associate,Arden,Ali,6/30/2026,18:03,20:28,0:31,2:25,
"Barajas, Blanca Estela",BB,Sales Associate,Fresno,Lourdes,6/3/2026,12:15,17:03,,4:48,
"Barajas, Blanca Estela",BB,Sales Associate,Fresno,Lourdes,6/3/2026,17:34,18:59,0:31,1:25,
"Barajas, Blanca Estela",BB,Sales Associate,Fresno,Lourdes,6/3/2026,19:11,20:00,0:12,0:59,
"Barajas, Blanca Estela",BB,Sales Associate,Fresno,Lourdes,6/4/2026,12:15,13:41,,1:26,
"Barajas, Blanca Estela",BB,Sales Associate,Fresno,Lourdes,6/4/2026,13:44,14:56,0:03,1:15,
"Barajas, Blanca Estela",BB,Sales Associate,Fresno,Lourdes,6/4/2026,15:54,20:00,0:58,4:06,
"Barajas, Blanca Estela",BB,Sales Associate,Fresno,Lourdes,6/5/2026,9:04,12:29,,3:25,
"Barajas, Blanca Estela",BB,Sales Associate,Fresno,Lourdes,6/5/2026,13:08,15:08,0:39,2:00,
"Barajas, Blanca Estela",BB,Sales Associate,Fresno,Lourdes,6/5/2026,15:23,17:10,0:15,1:57,
"Barajas, Blanca Estela",BB,Sales Associate,Fresno,Lourdes,6/6/2026,9:02,13:07,,4:05,
"Barajas, Blanca Estela",BB,Sales Associate,Fresno,Lourdes,6/6/2026,13:53,17:10,0:46,3:17,
"Barajas, Blanca Estela",BB,Sales Associate,Fresno,Lourdes,6/7/2026,10:12,13:54,,3:42,
"Barajas, Blanca Estela",BB,Sales Associate,Fresno,Lourdes,6/7/2026,14:48,16:12,0:54,1:24,
"Barajas, Blanca Estela",BB,Sales Associate,Fresno,Lourdes,6/7/2026,16:22,18:20,0:10,2:08,
"Barajas, Blanca Estela",BB,Sales Associate,Fresno,Lourdes,6/10/2026,12:21,15:53,,3:32,
"Barajas, Blanca Estela",BB,Sales Associate,Fresno,Lourdes,6/10/2026,16:36,19:05,0:43,2:29,
"Barajas, Blanca Estela",BB,Sales Associate,Fresno,Lourdes,6/10/2026,19:16,20:08,0:11,1:02,
"Barajas, Blanca Estela",BB,Sales Associate,Fresno,Lourdes,6/11/2026,12:20,16:50,,4:30,
"Barajas, Blanca Estela",BB,Sales Associate,Fresno,Lourdes,6/11/2026,17:38,20:00,0:48,2:22,
"Barajas, Blanca Estela",BB,Sales Associate,Fresno,Lourdes,6/12/2026,12:15,15:25,,3:10,
"Barajas, Blanca Estela",BB,Sales Associate,Fresno,Lourdes,6/12/2026,16:13,20:05,0:48,3:52,
"Barajas, Blanca Estela",BB,Sales Associate,Fresno,Lourdes,6/13/2026,9:03,12:32,,3:29,
"Barajas, Blanca Estela",BB,Sales Associate,Fresno,Lourdes,6/13/2026,13:16,17:04,0:44,3:48,
"Barajas, Blanca Estela",BB,Sales Associate,Fresno,Lourdes,6/14/2026,10:16,14:25,,4:09,
"Barajas, Blanca Estela",BB,Sales Associate,Fresno,Lourdes,6/14/2026,15:13,18:31,0:48,3:18,
"Barajas, Blanca Estela",BB,Sales Associate,Fresno,Lourdes,6/17/2026,12:15,16:07,,3:52,
"Barajas, Blanca Estela",BB,Sales Associate,Fresno,Lourdes,6/17/2026,16:44,20:00,0:37,3:16,
"Barajas, Blanca Estela",BB,Sales Associate,Fresno,Lourdes,6/18/2026,12:11,16:25,,4:14,
"Barajas, Blanca Estela",BB,Sales Associate,Fresno,Lourdes,6/18/2026,16:57,20:09,0:32,3:12,
"Barajas, Blanca Estela",BB,Sales Associate,Fresno,Lourdes,6/19/2026,12:17,16:13,,3:56,
"Barajas, Blanca Estela",BB,Sales Associate,Fresno,Lourdes,6/19/2026,16:43,20:05,0:30,3:22,
"Barajas, Blanca Estela",BB,Sales Associate,Fresno,Lourdes,6/20/2026,9:03,13:38,,4:35,
"Barajas, Blanca Estela",BB,Sales Associate,Fresno,Lourdes,6/20/2026,14:15,17:26,0:37,3:11,
"Barajas, Blanca Estela",BB,Sales Associate,Fresno,Lourdes,6/21/2026,10:03,13:51,,3:48,
"Barajas, Blanca Estela",BB,Sales Associate,Fresno,Lourdes,6/21/2026,14:28,18:18,0:37,3:50,
"Barajas, Blanca Estela",BB,Sales Associate,Fresno,Lourdes,6/24/2026,9:28,12:59,,3:31,
"Barajas, Blanca Estela",BB,Sales Associate,Fresno,Lourdes,6/24/2026,13:44,18:09,0:45,4:25,
"Barajas, Blanca Estela",BB,Sales Associate,Fresno,Lourdes,6/25/2026,12:14,16:15,,4:01,
"Barajas, Blanca Estela",BB,Sales Associate,Fresno,Lourdes,6/25/2026,16:45,19:08,0:30,2:23,
"Barajas, Blanca Estela",BB,Sales Associate,Fresno,Lourdes,6/25/2026,19:20,20:02,0:12,0:52,
"Barajas, Blanca Estela",BB,Sales Associate,Fresno,Lourdes,6/26/2026,12:16,16:01,,3:45,
"Barajas, Blanca Estela",BB,Sales Associate,Fresno,Lourdes,6/26/2026,16:35,19:56,0:34,3:21,
"Barajas, Blanca Estela",BB,Sales Associate,Fresno,Lourdes,6/27/2026,12:14,17:06,,4:52,
"Barajas, Blanca Estela",BB,Sales Associate,Fresno,Lourdes,6/27/2026,18:04,20:09,0:58,2:05,
"Barajas, Blanca Estela",BB,Sales Associate,Fresno,Lourdes,6/28/2026,10:03,14:03,,4:00,
"Barajas, Blanca Estela",BB,Sales Associate,Fresno,Lourdes,6/28/2026,14:40,19:13,0:37,4:33,
"Barcham, Shammeran Ben",SB5,Sales Associate,Stockton,Joyce,6/3/2026,11:39,16:31,,4:52,
"Barcham, Shammeran Ben",SB5,Sales Associate,Stockton,Joyce,6/3/2026,17:32,20:12,1:01,2:40,
"Barcham, Shammeran Ben",SB5,Sales Associate,Stockton,Joyce,6/4/2026,10:13,14:04,,3:51,
"Barcham, Shammeran Ben",SB5,Sales Associate,Stockton,Joyce,6/4/2026,15:01,19:02,0:57,4:01,
"Barcham, Shammeran Ben",SB5,Sales Associate,Stockton,Joyce,6/5/2026,11:34,16:28,,4:54,
"Barcham, Shammeran Ben",SB5,Sales Associate,Stockton,Joyce,6/5/2026,17:27,20:23,0:59,2:56,
"Barcham, Shammeran Ben",SB5,Sales Associate,Stockton,Joyce,6/6/2026,9:14,13:01,,3:47,
"Barcham, Shammeran Ben",SB5,Sales Associate,Stockton,Joyce,6/6/2026,13:34,17:09,0:33,3:35,
"Barcham, Shammeran Ben",SB5,Sales Associate,Stockton,Joyce,6/7/2026,10:30,14:01,,3:31,
"Barcham, Shammeran Ben",SB5,Sales Associate,Stockton,Joyce,6/7/2026,14:59,19:10,0:58,4:11,
"Barcham, Shammeran Ben",SB5,Sales Associate,Stockton,Joyce,6/8/2026,10:15,14:16,,4:01,
"Barcham, Shammeran Ben",SB5,Sales Associate,Stockton,Joyce,6/8/2026,14:47,16:51,0:31,2:04,
"Barcham, Shammeran Ben",SB5,Sales Associate,Stockton,Joyce,6/8/2026,17:22,20:10,0:31,2:48,
"Barcham, Shammeran Ben",SB5,Sales Associate,Stockton,Joyce,6/10/2026,10:47,13:50,,3:03,
"Barcham, Shammeran Ben",SB5,Sales Associate,Stockton,Joyce,6/10/2026,14:51,19:03,1:01,4:12,
"Barcham, Shammeran Ben",SB5,Sales Associate,Stockton,Joyce,6/12/2026,9:11,14:04,,4:53,
"Barcham, Shammeran Ben",SB5,Sales Associate,Stockton,Joyce,6/12/2026,15:03,19:43,0:59,4:40,
"Barcham, Shammeran Ben",SB5,Sales Associate,Stockton,Joyce,6/13/2026,9:17,13:25,,4:08,
"Barcham, Shammeran Ben",SB5,Sales Associate,Stockton,Joyce,6/13/2026,14:23,18:18,0:58,3:55,
"Barcham, Shammeran Ben",SB5,Sales Associate,Stockton,Joyce,6/14/2026,10:31,14:15,,3:44,
"Barcham, Shammeran Ben",SB5,Sales Associate,Stockton,Joyce,6/14/2026,15:07,19:30,0:52,4:23,
"Barcham, Shammeran Ben",SB5,Sales Associate,Stockton,Joyce,6/15/2026,11:42,15:44,,4:02,
"Barcham, Shammeran Ben",SB5,Sales Associate,Stockton,Joyce,6/15/2026,16:43,20:12,0:59,3:29,
"Barcham, Shammeran Ben",SB5,Sales Associate,Stockton,Joyce,6/17/2026,11:39,15:59,,4:20,
"Barcham, Shammeran Ben",SB5,Sales Associate,Stockton,Joyce,6/17/2026,16:59,20:19,1:00,3:20,
"Barcham, Shammeran Ben",SB5,Sales Associate,Stockton,Joyce,6/18/2026,11:42,16:23,,4:41,
"Barcham, Shammeran Ben",SB5,Sales Associate,Stockton,Joyce,6/18/2026,17:19,20:14,0:56,2:55,
"Barcham, Shammeran Ben",SB5,Sales Associate,Stockton,Joyce,6/20/2026,9:15,13:12,,3:57,
"Barcham, Shammeran Ben",SB5,Sales Associate,Stockton,Joyce,6/20/2026,14:09,18:02,0:57,3:53,
"Barcham, Shammeran Ben",SB5,Sales Associate,Stockton,Joyce,6/21/2026,10:31,15:23,,4:52,
"Barcham, Shammeran Ben",SB5,Sales Associate,Stockton,Joyce,6/21/2026,16:21,19:09,0:58,2:48,
"Barcham, Shammeran Ben",SB5,Sales Associate,Stockton,Joyce,6/22/2026,10:16,15:05,,4:49,
"Barcham, Shammeran Ben",SB5,Sales Associate,Stockton,Joyce,6/22/2026,16:01,19:24,0:56,3:23,
"Barcham, Shammeran Ben",SB5,Sales Associate,Stockton,Joyce,6/23/2026,11:23,15:53,,4:30,
"Barcham, Shammeran Ben",SB5,Sales Associate,Stockton,Joyce,6/23/2026,16:48,20:35,0:55,3:47,
"Barcham, Shammeran Ben",SB5,Sales Associate,Stockton,Joyce,6/29/2026,11:38,16:31,,4:53,
"Barcham, Shammeran Ben",SB5,Sales Associate,Stockton,Joyce,6/29/2026,17:26,20:19,0:55,2:53,
"Bermudez, Jocelyn R",JB2,Manager,Stockton,AJ,6/1/2026,10:23,13:02,,2:39,
"Bermudez, Jocelyn R",JB2,Manager,Stockton,AJ,6/1/2026,14:19,20:29,1:17,6:10,
"Bermudez, Jocelyn R",JB2,Manager,Stockton,AJ,6/2/2026,10:33,13:03,,2:30,
"Bermudez, Jocelyn R",JB2,Manager,Stockton,AJ,6/9/2026,10:18,13:49,,3:31,
"Bermudez, Jocelyn R",JB2,Manager,Stockton,AJ,6/9/2026,14:24,20:34,0:35,6:10,
"Bermudez, Jocelyn R",JB2,Manager,Stockton,AJ,6/11/2026,10:19,13:44,,3:25,
"Bermudez, Jocelyn R",JB2,Manager,Stockton,AJ,6/11/2026,14:21,20:15,0:37,5:54,
"Bermudez, Jocelyn R",JB2,Manager,Stockton,AJ,6/12/2026,9:11,13:20,,4:09,
"Bermudez, Jocelyn R",JB2,Manager,Stockton,AJ,6/12/2026,14:04,20:13,0:44,6:09,
"Bermudez, Jocelyn R",JB2,Manager,Stockton,AJ,6/13/2026,10:08,14:26,,4:18,
"Bermudez, Jocelyn R",JB2,Manager,Stockton,AJ,6/13/2026,14:56,20:04,0:30,5:08,
"Bermudez, Jocelyn R",JB2,Manager,Stockton,AJ,6/14/2026,11:10,15:02,,3:52,
"Bermudez, Jocelyn R",JB2,Manager,Stockton,AJ,6/14/2026,15:35,17:19,0:33,1:44,
"Bermudez, Jocelyn R",JB2,Manager,Stockton,AJ,6/15/2026,10:23,13:59,,3:36,
"Bermudez, Jocelyn R",JB2,Manager,Stockton,AJ,6/15/2026,14:45,20:11,0:46,5:26,
"Bermudez, Jocelyn R",JB2,Manager,Stockton,AJ,6/16/2026,10:19,13:39,,3:20,
"Bermudez, Jocelyn R",JB2,Manager,Stockton,AJ,6/16/2026,14:16,20:13,0:37,5:57,
"Bermudez, Jocelyn R",JB2,Manager,Stockton,AJ,6/18/2026,10:16,15:02,,4:46,
"Bermudez, Jocelyn R",JB2,Manager,Stockton,AJ,6/18/2026,15:57,19:45,0:55,3:48,
"Bermudez, Jocelyn R",JB2,Manager,Stockton,AJ,6/19/2026,9:22,13:35,,4:13,
"Bermudez, Jocelyn R",JB2,Manager,Stockton,AJ,6/19/2026,14:14,20:43,0:39,6:29,
"Bermudez, Jocelyn R",JB2,Manager,Stockton,AJ,6/20/2026,10:09,15:07,,4:58,
"Bermudez, Jocelyn R",JB2,Manager,Stockton,AJ,6/20/2026,15:52,20:01,0:45,4:09,
"Bermudez, Jocelyn R",JB2,Manager,Stockton,AJ,6/21/2026,11:18,16:02,,4:44,
"Bermudez, Jocelyn R",JB2,Manager,Stockton,AJ,6/21/2026,16:37,18:57,0:35,2:20,
"Bermudez, Jocelyn R",JB2,Manager,Stockton,AJ,6/22/2026,10:17,14:11,,3:54,
"Bermudez, Jocelyn R",JB2,Manager,Stockton,AJ,6/22/2026,14:58,20:20,0:47,5:22,
"Bermudez, Jocelyn R",JB2,Manager,Stockton,AJ,6/23/2026,10:25,11:51,,1:26,
"Bermudez, Jocelyn R",JB2,Manager,Stockton,AJ,6/25/2026,10:15,13:37,,3:22,
"Bermudez, Jocelyn R",JB2,Manager,Stockton,AJ,6/25/2026,14:26,20:11,0:49,5:45,
"Bermudez, Jocelyn R",JB2,Manager,Stockton,AJ,6/26/2026,9:25,13:02,,3:37,
"Bermudez, Jocelyn R",JB2,Manager,Stockton,AJ,6/26/2026,14:06,19:47,1:04,5:41,
"Bermudez, Jocelyn R",JB2,Manager,Stockton,AJ,6/27/2026,9:17,13:56,,4:39,
"Bermudez, Jocelyn R",JB2,Manager,Stockton,AJ,6/27/2026,14:49,19:33,0:53,4:44,
"Bermudez, Jocelyn R",JB2,Manager,Stockton,AJ,6/28/2026,11:04,15:52,,4:48,
"Bermudez, Jocelyn R",JB2,Manager,Stockton,AJ,6/28/2026,16:29,19:03,0:37,2:34,
"Bermudez, Jocelyn R",JB2,Manager,Stockton,AJ,6/29/2026,10:21,13:56,,3:35,
"Bermudez, Jocelyn R",JB2,Manager,Stockton,AJ,6/29/2026,14:53,20:20,0:57,5:27,
"Bermudez, Jocelyn R",JB2,Manager,Stockton,AJ,6/30/2026,10:23,14:12,,3:49,
"Bermudez, Jocelyn R",JB2,Manager,Stockton,AJ,6/30/2026,14:55,20:21,0:43,5:26,
"Bermudez, Sonia",SB4,Sales Associate,Ontario,Rosela,6/1/2026,9:06,11:32,,2:26,
"Bermudez, Sonia",SB4,Sales Associate,Ontario,Rosela,6/1/2026,11:43,13:03,0:11,1:30,
"Bermudez, Sonia",SB4,Sales Associate,Ontario,Rosela,6/1/2026,14:02,18:03,0:59,4:01,
"Bermudez, Sonia",SB4,Sales Associate,Ontario,Rosela,6/2/2026,11:25,15:33,,4:08,
"Bermudez, Sonia",SB4,Sales Associate,Ontario,Rosela,6/2/2026,16:33,20:00,1:00,3:27,
"Bermudez, Sonia",SB4,Sales Associate,Ontario,Rosela,6/3/2026,11:21,15:47,,4:26,
"Bermudez, Sonia",SB4,Sales Associate,Ontario,Rosela,6/3/2026,16:46,20:03,0:59,3:17,
"Bermudez, Sonia",SB4,Sales Associate,Ontario,Rosela,6/4/2026,11:30,16:03,,4:33,
"Bermudez, Sonia",SB4,Sales Associate,Ontario,Rosela,6/4/2026,17:02,20:04,0:59,3:02,
"Bermudez, Sonia",SB4,Sales Associate,Ontario,Rosela,6/9/2026,11:30,19:30,,8:00,
"Bermudez, Sonia",SB4,Sales Associate,Ontario,Rosela,6/10/2026,9:00,17:00,,8:00,
"Bermudez, Sonia",SB4,Sales Associate,Ontario,Rosela,6/12/2026,12:21,16:15,,3:54,
"Bermudez, Sonia",SB4,Sales Associate,Ontario,Rosela,6/12/2026,17:15,21:06,1:00,3:51,
"Bermudez, Sonia",SB4,Sales Associate,Ontario,Rosela,6/13/2026,12:22,16:00,,3:38,
"Bermudez, Sonia",SB4,Sales Associate,Ontario,Rosela,6/13/2026,17:01,21:02,1:01,4:01,
"Bermudez, Sonia",SB4,Sales Associate,Ontario,Rosela,6/14/2026,9:58,14:02,,4:04,
"Bermudez, Sonia",SB4,Sales Associate,Ontario,Rosela,6/14/2026,15:03,19:04,1:01,4:01,
"Bermudez, Sonia",SB4,Sales Associate,Ontario,Rosela,6/15/2026,9:06,13:10,,4:04,
"Bermudez, Sonia",SB4,Sales Associate,Ontario,Rosela,6/15/2026,14:10,18:05,1:00,3:55,
"Bermudez, Sonia",SB4,Sales Associate,Ontario,Rosela,6/17/2026,11:23,15:51,,4:28,
"Bermudez, Sonia",SB4,Sales Associate,Ontario,Rosela,6/17/2026,16:51,20:07,1:00,3:16,
"Bermudez, Sonia",SB4,Sales Associate,Ontario,Rosela,6/19/2026,11:50,15:54,,4:04,
"Bermudez, Sonia",SB4,Sales Associate,Ontario,Rosela,6/19/2026,16:54,20:39,1:00,3:45,
"Bermudez, Sonia",SB4,Sales Associate,Ontario,Rosela,6/20/2026,12:49,16:34,,3:45,
"Bermudez, Sonia",SB4,Sales Associate,Ontario,Rosela,6/20/2026,17:33,21:02,0:59,3:29,
"Bermudez, Sonia",SB4,Sales Associate,Ontario,Rosela,6/21/2026,11:32,15:53,,4:21,
"Bermudez, Sonia",SB4,Sales Associate,Ontario,Rosela,6/21/2026,16:44,20:01,0:51,3:17,
"Bermudez, Sonia",SB4,Sales Associate,Ontario,Rosela,6/24/2026,11:51,15:58,,4:07,
"Bermudez, Sonia",SB4,Sales Associate,Ontario,Rosela,6/24/2026,16:58,20:01,1:00,3:03,
"Bermudez, Sonia",SB4,Sales Associate,Ontario,Rosela,6/25/2026,11:50,16:01,,4:11,
"Bermudez, Sonia",SB4,Sales Associate,Ontario,Rosela,6/25/2026,17:01,20:00,1:00,2:59,
"Bermudez, Sonia",SB4,Sales Associate,Ontario,Rosela,6/27/2026,11:51,16:00,,4:09,
"Bermudez, Sonia",SB4,Sales Associate,Ontario,Rosela,6/27/2026,16:59,21:09,0:59,4:10,
"Bermudez, Sonia",SB4,Sales Associate,Ontario,Rosela,6/28/2026,10:01,12:37,,2:36,
"Bermudez, Sonia",SB4,Sales Associate,Ontario,Rosela,6/28/2026,12:47,14:06,0:10,1:29,
"Bermudez, Sonia",SB4,Sales Associate,Ontario,Rosela,6/28/2026,15:05,19:02,0:59,3:57,
"Bermudez, Sonia",SB4,Sales Associate,Ontario,Rosela,6/30/2026,10:50,15:02,,4:12,
"Bermudez, Sonia",SB4,Sales Associate,Ontario,Rosela,6/30/2026,16:02,20:01,1:00,3:59,
"Biswas, Keya",KB2,Sales Associate,Ontario,Rosela,6/1/2026,11:28,15:17,,3:49,
"Biswas, Keya",KB2,Sales Associate,Ontario,Rosela,6/1/2026,16:11,20:39,0:54,4:28,
"Biswas, Keya",KB2,Sales Associate,Ontario,Rosela,6/4/2026,10:51,15:20,,4:29,
"Biswas, Keya",KB2,Sales Associate,Ontario,Rosela,6/4/2026,16:12,19:54,0:52,3:42,
"Biswas, Keya",KB2,Sales Associate,Ontario,Rosela,6/5/2026,12:12,16:21,,4:09,
"Biswas, Keya",KB2,Sales Associate,Ontario,Rosela,6/5/2026,17:09,21:18,0:48,4:09,
"Biswas, Keya",KB2,Sales Associate,Ontario,Rosela,6/6/2026,13:11,17:15,,4:04,
"Biswas, Keya",KB2,Sales Associate,Ontario,Rosela,6/6/2026,17:52,21:04,0:37,3:12,
"Biswas, Keya",KB2,Sales Associate,Ontario,Rosela,6/7/2026,11:24,16:00,,4:36,
"Biswas, Keya",KB2,Sales Associate,Ontario,Rosela,6/7/2026,16:38,20:15,0:38,3:37,
"Biswas, Keya",KB2,Sales Associate,Ontario,Rosela,6/8/2026,8:58,13:18,,4:20,
"Biswas, Keya",KB2,Sales Associate,Ontario,Rosela,6/8/2026,14:15,19:30,0:57,5:15,
"Biswas, Keya",KB2,Sales Associate,Ontario,Rosela,6/10/2026,12:17,16:58,,4:41,
"Biswas, Keya",KB2,Sales Associate,Ontario,Rosela,6/10/2026,17:41,20:32,0:43,2:51,
"Biswas, Keya",KB2,Sales Associate,Ontario,Rosela,6/11/2026,11:24,15:00,,3:36,
"Biswas, Keya",KB2,Sales Associate,Ontario,Rosela,6/11/2026,15:51,20:09,0:51,4:18,
"Biswas, Keya",KB2,Sales Associate,Ontario,Rosela,6/13/2026,12:25,15:31,,3:06,
"Biswas, Keya",KB2,Sales Associate,Ontario,Rosela,6/13/2026,15:40,16:36,0:09,1:05,
"Biswas, Keya",KB2,Sales Associate,Ontario,Rosela,6/13/2026,17:51,21:01,1:15,3:10,
"Biswas, Keya",KB2,Sales Associate,Ontario,Rosela,6/14/2026,11:20,16:14,,4:54,
"Biswas, Keya",KB2,Sales Associate,Ontario,Rosela,6/14/2026,16:56,19:19,0:42,2:23,
"Biswas, Keya",KB2,Sales Associate,Ontario,Rosela,6/14/2026,19:29,20:07,0:10,0:48,
"Biswas, Keya",KB2,Sales Associate,Ontario,Rosela,6/15/2026,10:49,15:41,,4:52,
"Biswas, Keya",KB2,Sales Associate,Ontario,Rosela,6/15/2026,16:31,20:12,0:50,3:41,
"Biswas, Keya",KB2,Sales Associate,Ontario,Rosela,6/18/2026,11:55,15:30,,3:35,
"Biswas, Keya",KB2,Sales Associate,Ontario,Rosela,6/18/2026,16:06,19:58,0:36,3:52,
"Biswas, Keya",KB2,Sales Associate,Ontario,Rosela,6/19/2026,12:22,17:04,,4:42,
"Biswas, Keya",KB2,Sales Associate,Ontario,Rosela,6/19/2026,17:49,21:47,0:45,3:58,
"Biswas, Keya",KB2,Sales Associate,Ontario,Rosela,6/20/2026,11:32,15:43,,4:11,
"Biswas, Keya",KB2,Sales Associate,Ontario,Rosela,6/20/2026,16:30,20:41,0:47,4:11,
"Biswas, Keya",KB2,Sales Associate,Ontario,Rosela,6/21/2026,10:58,15:43,,4:45,
"Biswas, Keya",KB2,Sales Associate,Ontario,Rosela,6/21/2026,16:34,19:41,0:51,3:07,
"Biswas, Keya",KB2,Sales Associate,Ontario,Rosela,6/22/2026,11:18,15:30,,4:12,
"Biswas, Keya",KB2,Sales Associate,Ontario,Rosela,6/22/2026,16:22,20:08,0:52,3:46,
"Biswas, Keya",KB2,Sales Associate,Ontario,Rosela,6/25/2026,9:01,13:17,,4:16,
"Biswas, Keya",KB2,Sales Associate,Ontario,Rosela,6/25/2026,14:53,18:52,1:36,3:59,
"Biswas, Keya",KB2,Sales Associate,Ontario,Rosela,6/26/2026,12:15,15:56,,3:41,
"Biswas, Keya",KB2,Sales Associate,Ontario,Rosela,6/26/2026,16:38,21:37,0:42,4:59,
"Biswas, Keya",KB2,Sales Associate,Ontario,Rosela,6/27/2026,12:27,16:31,,4:04,
"Biswas, Keya",KB2,Sales Associate,Ontario,Rosela,6/27/2026,17:16,21:39,0:45,4:23,
"Biswas, Keya",KB2,Sales Associate,Ontario,Rosela,6/28/2026,11:28,15:40,,4:12,
"Biswas, Keya",KB2,Sales Associate,Ontario,Rosela,6/28/2026,16:38,20:12,0:58,3:34,
"Biswas, Keya",KB2,Sales Associate,Ontario,Rosela,6/29/2026,11:32,15:05,,3:33,
"Biswas, Keya",KB2,Sales Associate,Ontario,Rosela,6/29/2026,15:53,20:01,0:48,4:08,
"Bun, Sael",SB1,Sales Associate,Stockton,Joyce,6/1/2026,11:32,15:48,,4:16,
"Bun, Sael",SB1,Sales Associate,Stockton,Joyce,6/1/2026,16:40,20:29,0:52,3:49,
"Bun, Sael",SB1,Sales Associate,Stockton,Joyce,6/2/2026,11:32,15:35,,4:03,
"Bun, Sael",SB1,Sales Associate,Stockton,Joyce,6/2/2026,16:32,20:16,0:57,3:44,
"Bun, Sael",SB1,Sales Associate,Stockton,Joyce,6/6/2026,9:14,13:40,,4:26,
"Bun, Sael",SB1,Sales Associate,Stockton,Joyce,6/6/2026,14:36,18:01,0:56,3:25,
"Bun, Sael",SB1,Sales Associate,Stockton,Joyce,6/7/2026,10:30,14:26,,3:56,
"Bun, Sael",SB1,Sales Associate,Stockton,Joyce,6/7/2026,15:18,19:10,0:52,3:52,
"Bun, Sael",SB1,Sales Associate,Stockton,Joyce,6/8/2026,11:36,15:52,,4:16,
"Bun, Sael",SB1,Sales Associate,Stockton,Joyce,6/8/2026,16:50,20:09,0:58,3:19,
"Bun, Sael",SB1,Sales Associate,Stockton,Joyce,6/9/2026,10:17,15:00,,4:43,
"Bun, Sael",SB1,Sales Associate,Stockton,Joyce,6/9/2026,15:57,19:17,0:57,3:20,
"Bun, Sael",SB1,Sales Associate,Stockton,Joyce,6/12/2026,11:32,15:03,,3:31,
"Bun, Sael",SB1,Sales Associate,Stockton,Joyce,6/12/2026,16:05,20:13,1:02,4:08,
"Bun, Sael",SB1,Sales Associate,Stockton,Joyce,6/13/2026,11:25,15:22,,3:57,
"Bun, Sael",SB1,Sales Associate,Stockton,Joyce,6/13/2026,16:20,20:05,0:58,3:45,
"Bun, Sael",SB1,Sales Associate,Stockton,Joyce,6/14/2026,10:36,13:55,,3:19,
"Bun, Sael",SB1,Sales Associate,Stockton,Joyce,6/14/2026,14:54,19:31,0:59,4:37,
"Bun, Sael",SB1,Sales Associate,Stockton,Joyce,6/15/2026,10:22,14:47,,4:25,
"Bun, Sael",SB1,Sales Associate,Stockton,Joyce,6/15/2026,15:42,19:16,0:55,3:34,
"Bun, Sael",SB1,Sales Associate,Stockton,Joyce,6/19/2026,9:21,14:14,,4:53,
"Bun, Sael",SB1,Sales Associate,Stockton,Joyce,6/19/2026,14:45,15:13,0:31,0:28,
"Bun, Sael",SB1,Sales Associate,Stockton,Joyce,6/19/2026,16:30,18:31,1:17,2:01,
"Bun, Sael",SB1,Sales Associate,Stockton,Joyce,6/20/2026,11:26,15:14,,3:48,
"Bun, Sael",SB1,Sales Associate,Stockton,Joyce,6/20/2026,16:14,20:15,1:00,4:01,
"Bun, Sael",SB1,Sales Associate,Stockton,Joyce,6/21/2026,10:42,13:35,,2:53,
"Bun, Sael",SB1,Sales Associate,Stockton,Joyce,6/21/2026,14:30,19:09,0:55,4:39,
"Bun, Sael",SB1,Sales Associate,Stockton,Joyce,6/22/2026,11:38,16:26,,4:48,
"Bun, Sael",SB1,Sales Associate,Stockton,Joyce,6/22/2026,17:26,20:22,1:00,2:56,
"Bun, Sael",SB1,Sales Associate,Stockton,Joyce,6/26/2026,9:14,13:04,,3:50,
"Bun, Sael",SB1,Sales Associate,Stockton,Joyce,6/26/2026,14:07,17:15,1:03,3:08,
"Bun, Sael",SB1,Sales Associate,Stockton,Joyce,6/26/2026,17:23,18:16,0:08,1:01,
"Bun, Sael",SB1,Sales Associate,Stockton,Joyce,6/27/2026,11:37,14:52,,3:15,
"Bun, Sael",SB1,Sales Associate,Stockton,Joyce,6/27/2026,15:49,20:07,0:57,4:18,
"Bun, Sael",SB1,Sales Associate,Stockton,Joyce,6/28/2026,10:36,13:27,,2:51,
"Bun, Sael",SB1,Sales Associate,Stockton,Joyce,6/28/2026,14:25,19:14,0:58,4:49,
"Bun, Sael",SB1,Sales Associate,Stockton,Joyce,6/29/2026,10:20,14:57,,4:37,
"Bun, Sael",SB1,Sales Associate,Stockton,Joyce,6/29/2026,15:54,19:16,0:57,3:22,
"Camacho, Robert",RC2,Manager,Bakersfield,AJ,6/1/2026,11:01,14:03,,3:02,
"Camacho, Robert",RC2,Manager,Bakersfield,AJ,6/1/2026,14:57,20:02,0:54,5:05,
"Camacho, Robert",RC2,Manager,Bakersfield,AJ,6/2/2026,11:13,15:10,,3:57,
"Camacho, Robert",RC2,Manager,Bakersfield,AJ,6/2/2026,16:11,19:59,1:01,3:48,
"Camacho, Robert",RC2,Manager,Bakersfield,AJ,6/3/2026,11:06,15:02,,3:56,
"Camacho, Robert",RC2,Manager,Bakersfield,AJ,6/3/2026,16:05,20:19,1:03,4:14,
"Camacho, Robert",RC2,Manager,Bakersfield,AJ,6/5/2026,12:44,15:17,,2:33,
"Camacho, Robert",RC2,Manager,Bakersfield,AJ,6/5/2026,16:14,21:03,0:57,4:49,
"Camacho, Robert",RC2,Manager,Bakersfield,AJ,6/6/2026,11:55,15:05,,3:10,
"Camacho, Robert",RC2,Manager,Bakersfield,AJ,6/6/2026,16:09,20:55,1:04,4:46,
"Camacho, Robert",RC2,Manager,Bakersfield,AJ,6/8/2026,11:05,14:59,,3:54,
"Camacho, Robert",RC2,Manager,Bakersfield,AJ,6/8/2026,16:01,20:26,1:02,4:25,
"Camacho, Robert",RC2,Manager,Bakersfield,AJ,6/9/2026,11:06,14:52,,3:46,
"Camacho, Robert",RC2,Manager,Bakersfield,AJ,6/9/2026,15:49,19:54,0:57,4:05,
"Camacho, Robert",RC2,Manager,Bakersfield,AJ,6/10/2026,11:09,15:31,,4:22,
"Camacho, Robert",RC2,Manager,Bakersfield,AJ,6/10/2026,16:32,20:01,1:01,3:29,
"Camacho, Robert",RC2,Manager,Bakersfield,AJ,6/12/2026,12:05,15:27,,3:22,
"Camacho, Robert",RC2,Manager,Bakersfield,AJ,6/12/2026,16:37,20:54,1:10,4:17,
"Camacho, Robert",RC2,Manager,Bakersfield,AJ,6/13/2026,12:02,15:36,,3:34,
"Camacho, Robert",RC2,Manager,Bakersfield,AJ,6/13/2026,16:40,21:08,1:04,4:28,
"Camacho, Robert",RC2,Manager,Bakersfield,AJ,6/14/2026,12:05,16:28,,4:23,
"Camacho, Robert",RC2,Manager,Bakersfield,AJ,6/14/2026,16:58,18:15,0:30,1:17,
"Camacho, Robert",RC2,Manager,Bakersfield,AJ,6/15/2026,11:07,15:02,,3:55,
"Camacho, Robert",RC2,Manager,Bakersfield,AJ,6/15/2026,16:03,19:57,1:01,3:54,
"Camacho, Robert",RC2,Manager,Bakersfield,AJ,6/16/2026,9:08,13:47,,4:39,
"Camacho, Robert",RC2,Manager,Bakersfield,AJ,6/16/2026,14:48,18:00,1:01,3:12,
"Camacho, Robert",RC2,Manager,Bakersfield,AJ,6/19/2026,12:07,15:39,,3:32,
"Camacho, Robert",RC2,Manager,Bakersfield,AJ,6/19/2026,16:44,21:03,1:05,4:19,
"Camacho, Robert",RC2,Manager,Bakersfield,AJ,6/20/2026,12:09,16:05,,3:56,
"Camacho, Robert",RC2,Manager,Bakersfield,AJ,6/20/2026,17:07,21:00,1:02,3:53,
"Camacho, Robert",RC2,Manager,Bakersfield,AJ,6/21/2026,12:07,16:32,,4:25,
"Camacho, Robert",RC2,Manager,Bakersfield,AJ,6/21/2026,17:03,18:03,0:31,1:00,
"Camacho, Robert",RC2,Manager,Bakersfield,AJ,6/23/2026,11:03,15:30,,4:27,
"Camacho, Robert",RC2,Manager,Bakersfield,AJ,6/23/2026,16:24,20:03,0:54,3:39,
"Camacho, Robert",RC2,Manager,Bakersfield,AJ,6/24/2026,9:08,13:45,,4:37,
"Camacho, Robert",RC2,Manager,Bakersfield,AJ,6/24/2026,14:48,18:02,1:03,3:14,
"Camacho, Robert",RC2,Manager,Bakersfield,AJ,6/25/2026,9:01,13:45,,4:44,
"Camacho, Robert",RC2,Manager,Bakersfield,AJ,6/25/2026,14:47,17:00,1:02,2:13,
"Camacho, Robert",RC2,Manager,Bakersfield,AJ,6/26/2026,12:02,16:22,,4:20,
"Camacho, Robert",RC2,Manager,Bakersfield,AJ,6/26/2026,17:19,20:53,0:57,3:34,
"Camacho, Robert",RC2,Manager,Bakersfield,AJ,6/27/2026,12:06,15:21,,3:15,
"Camacho, Robert",RC2,Manager,Bakersfield,AJ,6/27/2026,16:20,20:54,0:59,4:34,
"Camacho, Robert",RC2,Manager,Bakersfield,AJ,6/28/2026,12:08,16:28,,4:20,
"Camacho, Robert",RC2,Manager,Bakersfield,AJ,6/28/2026,17:00,17:56,0:32,0:56,
"Camacho, Robert",RC2,Manager,Bakersfield,AJ,6/29/2026,11:09,15:31,,4:22,
"Camacho, Robert",RC2,Manager,Bakersfield,AJ,6/29/2026,16:40,20:01,1:09,3:21,
"Camacho, Robert",RC2,Manager,Bakersfield,AJ,6/30/2026,9:00,13:47,,4:47,
"Camacho, Robert",RC2,Manager,Bakersfield,AJ,6/30/2026,14:45,18:00,0:58,3:15,
"Castanon Flores, Sayret",SC1,Sales Associate,Bakersfield,Robert,6/2/2026,12:12,14:52,,2:40,
"Castanon Flores, Sayret",SC1,Sales Associate,Bakersfield,Robert,6/2/2026,14:57,16:37,0:05,1:45,
"Castanon Flores, Sayret",SC1,Sales Associate,Bakersfield,Robert,6/2/2026,17:50,20:01,1:13,2:11,
"Castanon Flores, Sayret",SC1,Sales Associate,Bakersfield,Robert,6/3/2026,9:08,13:03,,3:55,
"Castanon Flores, Sayret",SC1,Sales Associate,Bakersfield,Robert,6/3/2026,14:09,17:04,1:06,2:55,
"Castanon Flores, Sayret",SC1,Sales Associate,Bakersfield,Robert,6/6/2026,9:06,13:40,,4:34,
"Castanon Flores, Sayret",SC1,Sales Associate,Bakersfield,Robert,6/6/2026,14:46,17:02,1:06,2:16,
"Castanon Flores, Sayret",SC1,Sales Associate,Bakersfield,Robert,6/7/2026,11:08,15:39,,4:31,
"Castanon Flores, Sayret",SC1,Sales Associate,Bakersfield,Robert,6/7/2026,16:10,18:00,0:31,1:50,
"Castanon Flores, Sayret",SC1,Sales Associate,Bakersfield,Robert,6/9/2026,12:09,15:50,,3:41,
"Castanon Flores, Sayret",SC1,Sales Associate,Bakersfield,Robert,6/9/2026,16:59,19:53,1:09,2:54,
"Castanon Flores, Sayret",SC1,Sales Associate,Bakersfield,Robert,6/10/2026,9:10,13:12,,4:02,
"Castanon Flores, Sayret",SC1,Sales Associate,Bakersfield,Robert,6/10/2026,14:20,17:00,1:08,2:40,
"Castanon Flores, Sayret",SC1,Sales Associate,Bakersfield,Robert,6/11/2026,9:17,13:32,,4:15,
"Castanon Flores, Sayret",SC1,Sales Associate,Bakersfield,Robert,6/11/2026,14:39,17:03,1:07,2:24,
"Castanon Flores, Sayret",SC1,Sales Associate,Bakersfield,Robert,6/14/2026,12:07,15:30,,3:23,
"Castanon Flores, Sayret",SC1,Sales Associate,Bakersfield,Robert,6/14/2026,16:02,17:55,0:32,1:53,
"Castanon Flores, Sayret",SC1,Sales Associate,Bakersfield,Robert,6/17/2026,12:12,15:50,,3:38,
"Castanon Flores, Sayret",SC1,Sales Associate,Bakersfield,Robert,6/17/2026,17:00,19:56,1:10,2:56,
"Castanon Flores, Sayret",SC1,Sales Associate,Bakersfield,Robert,6/18/2026,9:08,13:36,,4:28,
"Castanon Flores, Sayret",SC1,Sales Associate,Bakersfield,Robert,6/18/2026,14:44,17:03,1:08,2:19,
"Castanon Flores, Sayret",SC1,Sales Associate,Bakersfield,Robert,6/20/2026,13:06,17:00,,3:54,
"Castanon Flores, Sayret",SC1,Sales Associate,Bakersfield,Robert,6/20/2026,18:08,20:58,1:08,2:50,
"Castanon Flores, Sayret",SC1,Sales Associate,Bakersfield,Robert,6/21/2026,11:15,15:03,,3:48,
"Castanon Flores, Sayret",SC1,Sales Associate,Bakersfield,Robert,6/21/2026,15:36,18:01,0:33,2:25,
"Castanon Flores, Sayret",SC1,Sales Associate,Bakersfield,Robert,6/23/2026,12:12,16:27,,4:15,
"Castanon Flores, Sayret",SC1,Sales Associate,Bakersfield,Robert,6/23/2026,17:35,20:03,1:08,2:28,
"Castanon Flores, Sayret",SC1,Sales Associate,Bakersfield,Robert,6/24/2026,12:08,13:34,,1:26,
"Castanon Flores, Sayret",SC1,Sales Associate,Bakersfield,Robert,6/24/2026,13:39,16:03,0:05,2:29,
"Castanon Flores, Sayret",SC1,Sales Associate,Bakersfield,Robert,6/24/2026,17:11,20:08,1:08,2:57,
"Castanon Flores, Sayret",SC1,Sales Associate,Bakersfield,Robert,6/27/2026,13:11,16:30,,3:19,
"Castanon Flores, Sayret",SC1,Sales Associate,Bakersfield,Robert,6/27/2026,17:37,19:49,1:07,2:12,
"Castanon Flores, Sayret",SC1,Sales Associate,Bakersfield,Robert,6/27/2026,20:01,20:52,0:12,1:01,
"Castanon Flores, Sayret",SC1,Sales Associate,Bakersfield,Robert,6/28/2026,12:14,15:18,,3:04,
"Castanon Flores, Sayret",SC1,Sales Associate,Bakersfield,Robert,6/28/2026,15:48,17:53,0:30,2:05,
"Castanon Flores, Sayret",SC1,Sales Associate,Bakersfield,Robert,6/30/2026,12:13,14:47,,2:34,
"Castanon Flores, Sayret",SC1,Sales Associate,Bakersfield,Robert,6/30/2026,14:57,16:05,0:10,1:18,
"Castanon Flores, Sayret",SC1,Sales Associate,Bakersfield,Robert,6/30/2026,17:08,19:52,1:03,2:44,
"Castrellon, Maribel",MC8,Sales Associate,Palmdale,Cecilia,6/1/2026,10:00,12:26,,2:26,
"Castrellon, Maribel",MC8,Sales Associate,Palmdale,Cecilia,6/1/2026,12:45,14:53,0:19,2:18,
"Castrellon, Maribel",MC8,Sales Associate,Palmdale,Cecilia,6/1/2026,16:01,20:29,1:08,4:28,
"Castrellon, Maribel",MC8,Sales Associate,Palmdale,Cecilia,6/2/2026,9:59,13:39,,3:40,
"Castrellon, Maribel",MC8,Sales Associate,Palmdale,Cecilia,6/2/2026,14:56,17:12,1:17,2:16,
"Castrellon, Maribel",MC8,Sales Associate,Palmdale,Cecilia,6/2/2026,17:26,19:06,0:14,1:50,
"Castrellon, Maribel",MC8,Sales Associate,Palmdale,Cecilia,6/5/2026,8:55,13:36,,4:41,
"Castrellon, Maribel",MC8,Sales Associate,Palmdale,Cecilia,6/5/2026,14:39,18:01,1:03,3:22,
"Castrellon, Maribel",MC8,Sales Associate,Palmdale,Cecilia,6/6/2026,9:04,13:00,,3:56,
"Castrellon, Maribel",MC8,Sales Associate,Palmdale,Cecilia,6/6/2026,14:02,16:12,1:02,2:10,
"Castrellon, Maribel",MC8,Sales Associate,Palmdale,Cecilia,6/6/2026,16:25,17:49,0:13,1:34,
"Castrellon, Maribel",MC8,Sales Associate,Palmdale,Cecilia,6/7/2026,10:22,12:24,,2:02,
"Castrellon, Maribel",MC8,Sales Associate,Palmdale,Cecilia,6/7/2026,12:39,15:01,0:15,2:32,
"Castrellon, Maribel",MC8,Sales Associate,Palmdale,Cecilia,6/7/2026,16:02,17:04,1:01,1:02,
"Castrellon, Maribel",MC8,Sales Associate,Palmdale,Cecilia,6/7/2026,17:19,19:04,0:15,1:55,
"Castrellon, Maribel",MC8,Sales Associate,Palmdale,Cecilia,6/8/2026,10:02,12:56,,2:54,
"Castrellon, Maribel",MC8,Sales Associate,Palmdale,Cecilia,6/8/2026,13:09,13:55,0:13,0:56,
"Castrellon, Maribel",MC8,Sales Associate,Palmdale,Cecilia,6/8/2026,14:55,19:02,1:00,4:07,
"Castrellon, Maribel",MC8,Sales Associate,Palmdale,Cecilia,6/9/2026,10:00,12:33,,2:33,
"Castrellon, Maribel",MC8,Sales Associate,Palmdale,Cecilia,6/9/2026,12:41,13:45,0:08,1:12,
"Castrellon, Maribel",MC8,Sales Associate,Palmdale,Cecilia,6/9/2026,14:45,18:38,1:00,3:53,
"Castrellon, Maribel",MC8,Sales Associate,Palmdale,Cecilia,6/9/2026,19:08,20:33,0:30,1:25,
"Castrellon, Maribel",MC8,Sales Associate,Palmdale,Cecilia,6/11/2026,9:57,13:30,,3:33,
"Castrellon, Maribel",MC8,Sales Associate,Palmdale,Cecilia,6/11/2026,13:45,14:24,0:15,0:49,
"Castrellon, Maribel",MC8,Sales Associate,Palmdale,Cecilia,6/11/2026,15:24,19:01,1:00,3:37,
"Castrellon, Maribel",MC8,Sales Associate,Palmdale,Cecilia,6/13/2026,13:00,15:52,,2:52,
"Castrellon, Maribel",MC8,Sales Associate,Palmdale,Cecilia,6/13/2026,16:03,16:57,0:11,1:04,
"Castrellon, Maribel",MC8,Sales Associate,Palmdale,Cecilia,6/13/2026,17:57,21:11,1:00,3:14,
"Castrellon, Maribel",MC8,Sales Associate,Palmdale,Cecilia,6/14/2026,10:19,14:54,,4:35,
"Castrellon, Maribel",MC8,Sales Associate,Palmdale,Cecilia,6/14/2026,15:55,19:24,1:01,3:29,
"Castrellon, Maribel",MC8,Sales Associate,Palmdale,Cecilia,6/15/2026,11:41,16:00,,4:19,
"Castrellon, Maribel",MC8,Sales Associate,Palmdale,Cecilia,6/15/2026,17:00,20:25,1:00,3:25,
"Castrellon, Maribel",MC8,Sales Associate,Palmdale,Cecilia,6/16/2026,9:58,14:08,,4:10,
"Castrellon, Maribel",MC8,Sales Associate,Palmdale,Cecilia,6/16/2026,15:08,19:10,1:00,4:02,
"Castrellon, Maribel",MC8,Sales Associate,Palmdale,Cecilia,6/18/2026,9:52,13:28,,3:36,
"Castrellon, Maribel",MC8,Sales Associate,Palmdale,Cecilia,6/18/2026,13:42,14:39,0:14,1:07,
"Castrellon, Maribel",MC8,Sales Associate,Palmdale,Cecilia,6/18/2026,15:41,19:02,1:02,3:21,
"Castrellon, Maribel",MC8,Sales Associate,Palmdale,Cecilia,6/20/2026,9:05,12:47,,3:42,
"Castrellon, Maribel",MC8,Sales Associate,Palmdale,Cecilia,6/20/2026,13:47,16:17,1:00,2:30,
"Castrellon, Maribel",MC8,Sales Associate,Palmdale,Cecilia,6/20/2026,16:28,17:32,0:11,1:14,
"Castrellon, Maribel",MC8,Sales Associate,Palmdale,Cecilia,6/21/2026,10:14,13:31,,3:17,
"Castrellon, Maribel",MC8,Sales Associate,Palmdale,Cecilia,6/21/2026,14:32,17:29,1:01,2:57,
"Castrellon, Maribel",MC8,Sales Associate,Palmdale,Cecilia,6/21/2026,17:46,19:12,0:17,1:36,
"Castrellon, Maribel",MC8,Sales Associate,Palmdale,Cecilia,6/22/2026,11:50,15:33,,3:43,
"Castrellon, Maribel",MC8,Sales Associate,Palmdale,Cecilia,6/22/2026,16:35,18:48,1:02,2:13,
"Castrellon, Maribel",MC8,Sales Associate,Palmdale,Cecilia,6/22/2026,19:02,20:24,0:14,1:32,
"Castrellon, Maribel",MC8,Sales Associate,Palmdale,Cecilia,6/23/2026,11:30,16:04,,4:34,
"Castrellon, Maribel",MC8,Sales Associate,Palmdale,Cecilia,6/23/2026,17:06,18:02,1:02,0:56,
"Castrellon, Maribel",MC8,Sales Associate,Palmdale,Cecilia,6/23/2026,18:17,20:51,0:15,2:44,
"Castrellon, Maribel",MC8,Sales Associate,Palmdale,Cecilia,6/26/2026,9:00,12:36,,3:36,
"Castrellon, Maribel",MC8,Sales Associate,Palmdale,Cecilia,6/26/2026,13:36,14:25,1:00,0:49,
"Castrellon, Maribel",MC8,Sales Associate,Palmdale,Cecilia,6/26/2026,14:48,18:11,0:23,3:33,
"Castrellon, Maribel",MC8,Sales Associate,Palmdale,Cecilia,6/27/2026,12:00,15:59,,3:59,
"Castrellon, Maribel",MC8,Sales Associate,Palmdale,Cecilia,6/27/2026,16:44,21:43,0:45,4:59,
"Castrellon, Maribel",MC8,Sales Associate,Palmdale,Cecilia,6/28/2026,10:19,12:11,,1:52,
"Castrellon, Maribel",MC8,Sales Associate,Palmdale,Cecilia,6/28/2026,12:33,14:05,0:22,1:42,
"Castrellon, Maribel",MC8,Sales Associate,Palmdale,Cecilia,6/28/2026,15:07,19:10,1:02,4:03,
"Castrellon, Maribel",MC8,Sales Associate,Palmdale,Cecilia,6/30/2026,10:02,13:49,,3:47,
"Castrellon, Maribel",MC8,Sales Associate,Palmdale,Cecilia,6/30/2026,14:50,19:05,1:01,4:15,
"Cervantes, Gilberto",GC2,Jewelry Technician,Modesto,Maria,6/1/2026,10:25,14:35,,4:10,
"Cervantes, Gilberto",GC2,Jewelry Technician,Modesto,Maria,6/1/2026,15:05,19:06,0:30,4:01,
"Cervantes, Gilberto",GC2,Jewelry Technician,Modesto,Maria,6/2/2026,10:45,14:31,,3:46,
"Cervantes, Gilberto",GC2,Jewelry Technician,Modesto,Maria,6/2/2026,15:11,19:09,0:40,3:58,
"Cervantes, Gilberto",GC2,Jewelry Technician,Modesto,Maria,6/4/2026,10:23,14:33,,4:10,
"Cervantes, Gilberto",GC2,Jewelry Technician,Modesto,Maria,6/4/2026,15:05,19:02,0:32,3:57,
"Cervantes, Gilberto",GC2,Jewelry Technician,Modesto,Maria,6/5/2026,10:51,14:54,,4:03,
"Cervantes, Gilberto",GC2,Jewelry Technician,Modesto,Maria,6/5/2026,15:25,19:14,0:31,3:49,
"Cervantes, Gilberto",GC2,Jewelry Technician,Modesto,Maria,6/6/2026,10:45,14:30,,3:45,
"Cervantes, Gilberto",GC2,Jewelry Technician,Modesto,Maria,6/6/2026,15:00,19:04,0:30,4:04,
"Cervantes, Gilberto",GC2,Jewelry Technician,Modesto,Maria,6/8/2026,10:30,14:30,,4:00,
"Cervantes, Gilberto",GC2,Jewelry Technician,Modesto,Maria,6/8/2026,15:01,19:03,0:31,4:02,
"Cervantes, Gilberto",GC2,Jewelry Technician,Modesto,Maria,6/9/2026,10:51,14:32,,3:41,
"Cervantes, Gilberto",GC2,Jewelry Technician,Modesto,Maria,6/9/2026,15:02,19:32,0:30,4:30,
"Cervantes, Gilberto",GC2,Jewelry Technician,Modesto,Maria,6/11/2026,10:48,14:36,,3:48,
"Cervantes, Gilberto",GC2,Jewelry Technician,Modesto,Maria,6/11/2026,15:06,19:11,0:30,4:05,
"Cervantes, Gilberto",GC2,Jewelry Technician,Modesto,Maria,6/12/2026,10:52,14:47,,3:55,
"Cervantes, Gilberto",GC2,Jewelry Technician,Modesto,Maria,6/12/2026,15:18,19:16,0:31,3:58,
"Cervantes, Gilberto",GC2,Jewelry Technician,Modesto,Maria,6/13/2026,10:48,14:33,,3:45,
"Cervantes, Gilberto",GC2,Jewelry Technician,Modesto,Maria,6/13/2026,15:04,19:12,0:31,4:08,
"Cervantes, Gilberto",GC2,Jewelry Technician,Modesto,Maria,6/15/2026,10:49,14:34,,3:45,
"Cervantes, Gilberto",GC2,Jewelry Technician,Modesto,Maria,6/15/2026,15:04,19:12,0:30,4:08,
"Cervantes, Gilberto",GC2,Jewelry Technician,Modesto,Maria,6/16/2026,10:40,14:31,,3:51,
"Cervantes, Gilberto",GC2,Jewelry Technician,Modesto,Maria,6/16/2026,15:02,19:12,0:31,4:10,
"Cervantes, Gilberto",GC2,Jewelry Technician,Modesto,Maria,6/18/2026,10:55,14:47,,3:52,
"Cervantes, Gilberto",GC2,Jewelry Technician,Modesto,Maria,6/18/2026,15:20,19:06,0:33,3:46,
"Cervantes, Gilberto",GC2,Jewelry Technician,Modesto,Maria,6/19/2026,10:29,14:31,,4:02,
"Cervantes, Gilberto",GC2,Jewelry Technician,Modesto,Maria,6/19/2026,15:01,19:13,0:30,4:12,
"Cervantes, Gilberto",GC2,Jewelry Technician,Modesto,Maria,6/20/2026,10:51,14:31,,3:40,
"Cervantes, Gilberto",GC2,Jewelry Technician,Modesto,Maria,6/20/2026,15:01,19:02,0:30,4:01,
"Cervantes, Gilberto",GC2,Jewelry Technician,Modesto,Maria,6/22/2026,10:27,14:43,,4:16,
"Cervantes, Gilberto",GC2,Jewelry Technician,Modesto,Maria,6/22/2026,15:18,19:07,0:35,3:49,
"Cervantes, Gilberto",GC2,Jewelry Technician,Modesto,Maria,6/23/2026,10:48,14:33,,3:45,
"Cervantes, Gilberto",GC2,Jewelry Technician,Modesto,Maria,6/23/2026,15:03,19:01,0:30,3:58,
"Cervantes, Gilberto",GC2,Jewelry Technician,Modesto,Maria,6/25/2026,10:43,14:40,,3:57,
"Cervantes, Gilberto",GC2,Jewelry Technician,Modesto,Maria,6/25/2026,15:13,19:04,0:33,3:51,
"Cervantes, Gilberto",GC2,Jewelry Technician,Modesto,Maria,6/26/2026,10:50,14:31,,3:41,
"Cervantes, Gilberto",GC2,Jewelry Technician,Modesto,Maria,6/26/2026,15:02,19:06,0:31,4:04,
"Cervantes, Gilberto",GC2,Jewelry Technician,Modesto,Maria,6/27/2026,10:44,14:36,,3:52,
"Cervantes, Gilberto",GC2,Jewelry Technician,Modesto,Maria,6/27/2026,15:08,20:24,0:32,5:16,
"Cervantes, Gilberto",GC2,Jewelry Technician,Modesto,Maria,6/29/2026,10:52,14:33,,3:41,
"Cervantes, Gilberto",GC2,Jewelry Technician,Modesto,Maria,6/29/2026,15:03,19:00,0:30,3:57,
"Cervantes, Gilberto",GC2,Jewelry Technician,Modesto,Maria,6/30/2026,10:47,14:30,,3:43,
"Cervantes, Gilberto",GC2,Jewelry Technician,Modesto,Maria,6/30/2026,15:00,19:01,0:30,4:01,
"Chavez, Mark A",MC5,Sales Associate,Plaza Bonita,Syed,6/2/2026,9:07,13:59,,4:52,
"Chavez, Mark A",MC5,Sales Associate,Plaza Bonita,Syed,6/2/2026,15:04,17:16,1:05,2:12,
"Chavez, Mark A",MC5,Sales Associate,Plaza Bonita,Syed,6/2/2026,17:46,20:32,0:30,2:46,
"Chavez, Mark A",MC5,Sales Associate,Plaza Bonita,Syed,6/3/2026,12:40,16:32,,3:52,
"Chavez, Mark A",MC5,Sales Associate,Plaza Bonita,Syed,6/3/2026,17:30,20:42,0:58,3:12,
"Chavez, Mark A",MC5,Sales Associate,Plaza Bonita,Syed,6/5/2026,9:00,13:59,,4:59,
"Chavez, Mark A",MC5,Sales Associate,Plaza Bonita,Syed,6/5/2026,14:57,17:03,0:58,2:06,
"Chavez, Mark A",MC5,Sales Associate,Plaza Bonita,Syed,6/6/2026,12:38,16:32,,3:54,
"Chavez, Mark A",MC5,Sales Associate,Plaza Bonita,Syed,6/6/2026,17:30,21:17,0:58,3:47,
"Chavez, Mark A",MC5,Sales Associate,Plaza Bonita,Syed,6/7/2026,10:32,14:47,,4:15,
"Chavez, Mark A",MC5,Sales Associate,Plaza Bonita,Syed,6/7/2026,15:45,19:23,0:58,3:38,
"Chavez, Mark A",MC5,Sales Associate,Plaza Bonita,Syed,6/8/2026,9:00,13:57,,4:57,
"Chavez, Mark A",MC5,Sales Associate,Plaza Bonita,Syed,6/8/2026,14:55,17:02,0:58,2:07,
"Chavez, Mark A",MC5,Sales Associate,Plaza Bonita,Syed,6/8/2026,17:32,20:39,0:30,3:07,
"Chavez, Mark A",MC5,Sales Associate,Plaza Bonita,Syed,6/11/2026,9:00,13:52,,4:52,
"Chavez, Mark A",MC5,Sales Associate,Plaza Bonita,Syed,6/11/2026,14:50,18:00,0:58,3:10,
"Chavez, Mark A",MC5,Sales Associate,Plaza Bonita,Syed,6/12/2026,13:26,16:54,,3:28,
"Chavez, Mark A",MC5,Sales Associate,Plaza Bonita,Syed,6/12/2026,17:53,21:37,0:59,3:44,
"Chavez, Mark A",MC5,Sales Associate,Plaza Bonita,Syed,6/13/2026,13:25,18:20,,4:55,
"Chavez, Mark A",MC5,Sales Associate,Plaza Bonita,Syed,6/13/2026,19:18,21:32,0:58,2:14,
"Chavez, Mark A",MC5,Sales Associate,Plaza Bonita,Syed,6/14/2026,10:23,14:37,,4:14,
"Chavez, Mark A",MC5,Sales Associate,Plaza Bonita,Syed,6/14/2026,15:35,19:07,0:58,3:32,
"Chavez, Mark A",MC5,Sales Associate,Plaza Bonita,Syed,6/15/2026,11:50,16:17,,4:27,
"Chavez, Mark A",MC5,Sales Associate,Plaza Bonita,Syed,6/15/2026,17:15,20:19,0:58,3:04,
"Chavez, Mark A",MC5,Sales Associate,Plaza Bonita,Syed,6/17/2026,9:15,14:10,,4:55,
"Chavez, Mark A",MC5,Sales Associate,Plaza Bonita,Syed,6/17/2026,15:11,17:00,1:01,1:49,
"Chavez, Mark A",MC5,Sales Associate,Plaza Bonita,Syed,6/17/2026,17:30,20:30,0:30,3:00,
"Chavez, Mark A",MC5,Sales Associate,Plaza Bonita,Syed,6/19/2026,9:15,14:14,,4:59,
"Chavez, Mark A",MC5,Sales Associate,Plaza Bonita,Syed,6/19/2026,15:14,17:23,1:00,2:09,
"Chavez, Mark A",MC5,Sales Associate,Plaza Bonita,Syed,6/20/2026,13:27,17:06,,3:39,
"Chavez, Mark A",MC5,Sales Associate,Plaza Bonita,Syed,6/20/2026,18:03,21:26,0:57,3:23,
"Chavez, Mark A",MC5,Sales Associate,Plaza Bonita,Syed,6/21/2026,10:27,15:20,,4:53,
"Chavez, Mark A",MC5,Sales Associate,Plaza Bonita,Syed,6/21/2026,16:24,19:24,1:04,3:00,
"Chavez, Mark A",MC5,Sales Associate,Plaza Bonita,Syed,6/22/2026,11:41,15:52,,4:11,
"Chavez, Mark A",MC5,Sales Associate,Plaza Bonita,Syed,6/22/2026,16:51,20:26,0:59,3:35,
"Chavez, Mark A",MC5,Sales Associate,Plaza Bonita,Syed,6/23/2026,11:49,16:27,,4:38,
"Chavez, Mark A",MC5,Sales Associate,Plaza Bonita,Syed,6/23/2026,17:26,20:21,0:59,2:55,
"Chavez, Mark A",MC5,Sales Associate,Plaza Bonita,Syed,6/24/2026,11:52,16:44,,4:52,
"Chavez, Mark A",MC5,Sales Associate,Plaza Bonita,Syed,6/24/2026,17:43,20:29,0:59,2:46,
"Chavez, Mark A",MC5,Sales Associate,Plaza Bonita,Syed,6/25/2026,9:11,14:02,,4:51,
"Chavez, Mark A",MC5,Sales Associate,Plaza Bonita,Syed,6/25/2026,15:01,17:12,0:59,2:11,
"Chavez, Mark A",MC5,Sales Associate,Plaza Bonita,Syed,6/25/2026,17:42,20:31,0:30,2:49,
"Chavez, Mark A",MC5,Sales Associate,Plaza Bonita,Syed,6/30/2026,9:15,13:41,,4:26,
"Chavez, Mark A",MC5,Sales Associate,Plaza Bonita,Syed,6/30/2026,14:39,18:25,0:58,3:46,
"Cheung, Liyi B",LC3,Sales Associate,Santa Anita,Jesus Acosta ,6/3/2026,9:28,12:36,,3:08,
"Cheung, Liyi B",LC3,Sales Associate,Santa Anita,Jesus Acosta ,6/3/2026,13:06,17:30,0:30,4:24,
"Cheung, Liyi B",LC3,Sales Associate,Santa Anita,Jesus Acosta ,6/3/2026,18:00,21:32,0:30,3:32,
"Cheung, Liyi B",LC3,Sales Associate,Santa Anita,Jesus Acosta ,6/4/2026,12:25,16:07,,3:42,
"Cheung, Liyi B",LC3,Sales Associate,Santa Anita,Jesus Acosta ,6/4/2026,17:07,19:28,1:00,2:21,
"Cheung, Liyi B",LC3,Sales Associate,Santa Anita,Jesus Acosta ,6/5/2026,12:33,16:05,,3:32,
"Cheung, Liyi B",LC3,Sales Associate,Santa Anita,Jesus Acosta ,6/5/2026,17:05,21:30,1:00,4:25,
"Cheung, Liyi B",LC3,Sales Associate,Santa Anita,Jesus Acosta ,6/6/2026,12:29,16:27,,3:58,
"Cheung, Liyi B",LC3,Sales Associate,Santa Anita,Jesus Acosta ,6/6/2026,17:27,21:33,1:00,4:06,
"Cheung, Liyi B",LC3,Sales Associate,Santa Anita,Jesus Acosta ,6/7/2026,11:33,15:43,,4:10,
"Cheung, Liyi B",LC3,Sales Associate,Santa Anita,Jesus Acosta ,6/7/2026,16:43,20:34,1:00,3:51,
"Cheung, Liyi B",LC3,Sales Associate,Santa Anita,Jesus Acosta ,6/8/2026,12:37,16:40,,4:03,
"Cheung, Liyi B",LC3,Sales Associate,Santa Anita,Jesus Acosta ,6/8/2026,17:40,21:25,1:00,3:45,
"Cheung, Liyi B",LC3,Sales Associate,Santa Anita,Jesus Acosta ,6/9/2026,9:29,12:45,,3:16,
"Cheung, Liyi B",LC3,Sales Associate,Santa Anita,Jesus Acosta ,6/9/2026,13:45,18:32,1:00,4:47,
"Cheung, Liyi B",LC3,Sales Associate,Santa Anita,Jesus Acosta ,6/10/2026,12:26,16:14,,3:48,
"Cheung, Liyi B",LC3,Sales Associate,Santa Anita,Jesus Acosta ,6/10/2026,17:14,21:28,1:00,4:14,
"Cheung, Liyi B",LC3,Sales Associate,Santa Anita,Jesus Acosta ,6/11/2026,12:27,16:31,,4:04,
"Cheung, Liyi B",LC3,Sales Associate,Santa Anita,Jesus Acosta ,6/11/2026,17:31,21:43,1:00,4:12,
"Cheung, Liyi B",LC3,Sales Associate,Santa Anita,Jesus Acosta ,6/12/2026,12:25,16:45,,4:20,
"Cheung, Liyi B",LC3,Sales Associate,Santa Anita,Jesus Acosta ,6/12/2026,17:45,21:30,1:00,3:45,
"Cheung, Liyi B",LC3,Sales Associate,Santa Anita,Jesus Acosta ,6/17/2026,9:25,13:05,,3:40,
"Cheung, Liyi B",LC3,Sales Associate,Santa Anita,Jesus Acosta ,6/17/2026,14:05,18:31,1:00,4:26,
"Cheung, Liyi B",LC3,Sales Associate,Santa Anita,Jesus Acosta ,6/18/2026,12:34,16:40,,4:06,
"Cheung, Liyi B",LC3,Sales Associate,Santa Anita,Jesus Acosta ,6/18/2026,17:40,21:27,1:00,3:47,
"Cheung, Liyi B",LC3,Sales Associate,Santa Anita,Jesus Acosta ,6/19/2026,12:28,16:31,,4:03,
"Cheung, Liyi B",LC3,Sales Associate,Santa Anita,Jesus Acosta ,6/19/2026,17:31,21:26,1:00,3:55,
"Cheung, Liyi B",LC3,Sales Associate,Santa Anita,Jesus Acosta ,6/20/2026,12:32,16:44,,4:12,
"Cheung, Liyi B",LC3,Sales Associate,Santa Anita,Jesus Acosta ,6/20/2026,17:44,21:23,1:00,3:39,
"Cheung, Liyi B",LC3,Sales Associate,Santa Anita,Jesus Acosta ,6/21/2026,11:32,14:52,,3:20,
"Cheung, Liyi B",LC3,Sales Associate,Santa Anita,Jesus Acosta ,6/21/2026,15:52,20:33,1:00,4:41,
"Cheung, Liyi B",LC3,Sales Associate,Santa Anita,Jesus Acosta ,6/23/2026,9:28,12:50,,3:22,
"Cheung, Liyi B",LC3,Sales Associate,Santa Anita,Jesus Acosta ,6/23/2026,13:50,18:37,1:00,4:47,
"Cheung, Liyi B",LC3,Sales Associate,Santa Anita,Jesus Acosta ,6/25/2026,12:29,15:46,,3:17,
"Cheung, Liyi B",LC3,Sales Associate,Santa Anita,Jesus Acosta ,6/25/2026,16:46,21:36,1:00,4:50,
"Cheung, Liyi B",LC3,Sales Associate,Santa Anita,Jesus Acosta ,6/26/2026,12:34,16:16,,3:42,
"Cheung, Liyi B",LC3,Sales Associate,Santa Anita,Jesus Acosta ,6/26/2026,17:16,21:24,1:00,4:08,
"Cheung, Liyi B",LC3,Sales Associate,Santa Anita,Jesus Acosta ,6/27/2026,12:22,16:31,,4:09,
"Cheung, Liyi B",LC3,Sales Associate,Santa Anita,Jesus Acosta ,6/27/2026,17:31,21:16,1:00,3:45,
"Cheung, Liyi B",LC3,Sales Associate,Santa Anita,Jesus Acosta ,6/28/2026,10:32,13:35,,3:03,
"Cheung, Liyi B",LC3,Sales Associate,Santa Anita,Jesus Acosta ,6/28/2026,14:35,19:32,1:00,4:57,
"Chun, Lady Diana Andaya",CL9,Sales Associate,Livermore,Fahad,6/1/2026,11:00,13:30,,2:30,
"Chun, Lady Diana Andaya",CL9,Sales Associate,Livermore,Fahad,6/1/2026,13:40,15:12,0:10,1:42,
"Chun, Lady Diana Andaya",CL9,Sales Associate,Livermore,Fahad,6/1/2026,16:12,20:03,1:00,3:51,
"Chun, Lady Diana Andaya",CL9,Sales Associate,Livermore,Fahad,6/2/2026,11:01,13:41,,2:40,
"Chun, Lady Diana Andaya",CL9,Sales Associate,Livermore,Fahad,6/2/2026,13:51,15:51,0:10,2:10,
"Chun, Lady Diana Andaya",CL9,Sales Associate,Livermore,Fahad,6/2/2026,16:51,20:04,1:00,3:13,
"Chun, Lady Diana Andaya",CL9,Sales Associate,Livermore,Fahad,6/4/2026,9:20,12:03,,2:43,
"Chun, Lady Diana Andaya",CL9,Sales Associate,Livermore,Fahad,6/4/2026,12:18,13:02,0:15,0:54,
"Chun, Lady Diana Andaya",CL9,Sales Associate,Livermore,Fahad,6/4/2026,14:00,18:02,0:58,4:02,
"Chun, Lady Diana Andaya",CL9,Sales Associate,Livermore,Fahad,6/5/2026,10:58,15:26,,4:28,
"Chun, Lady Diana Andaya",CL9,Sales Associate,Livermore,Fahad,6/5/2026,16:19,19:17,0:53,2:58,
"Chun, Lady Diana Andaya",CL9,Sales Associate,Livermore,Fahad,6/5/2026,19:25,20:00,0:08,0:43,
"Chun, Lady Diana Andaya",CL9,Sales Associate,Livermore,Fahad,6/9/2026,11:13,15:46,,4:33,
"Chun, Lady Diana Andaya",CL9,Sales Associate,Livermore,Fahad,6/9/2026,16:40,20:05,0:54,3:25,
"Chun, Lady Diana Andaya",CL9,Sales Associate,Livermore,Fahad,6/10/2026,9:15,12:30,,3:15,
"Chun, Lady Diana Andaya",CL9,Sales Associate,Livermore,Fahad,6/10/2026,12:42,14:11,0:12,1:39,
"Chun, Lady Diana Andaya",CL9,Sales Associate,Livermore,Fahad,6/10/2026,15:14,20:08,1:03,4:54,
"Chun, Lady Diana Andaya",CL9,Sales Associate,Livermore,Fahad,6/12/2026,11:02,14:31,,3:29,
"Chun, Lady Diana Andaya",CL9,Sales Associate,Livermore,Fahad,6/12/2026,15:32,19:02,1:01,3:30,
"Chun, Lady Diana Andaya",CL9,Sales Associate,Livermore,Fahad,6/12/2026,19:11,20:08,0:09,1:06,
"Chun, Lady Diana Andaya",CL9,Sales Associate,Livermore,Fahad,6/13/2026,10:31,12:41,,2:10,
"Chun, Lady Diana Andaya",CL9,Sales Associate,Livermore,Fahad,6/13/2026,12:51,14:06,0:10,1:25,
"Chun, Lady Diana Andaya",CL9,Sales Associate,Livermore,Fahad,6/13/2026,15:11,17:12,1:05,2:01,
"Chun, Lady Diana Andaya",CL9,Sales Associate,Livermore,Fahad,6/13/2026,17:23,20:01,0:11,2:48,
"Chun, Lady Diana Andaya",CL9,Sales Associate,Livermore,Fahad,6/14/2026,9:15,13:15,,4:00,
"Chun, Lady Diana Andaya",CL9,Sales Associate,Livermore,Fahad,6/14/2026,14:10,18:00,0:55,3:50,
"Chun, Lady Diana Andaya",CL9,Sales Associate,Livermore,Fahad,6/16/2026,11:08,16:00,,4:52,
"Chun, Lady Diana Andaya",CL9,Sales Associate,Livermore,Fahad,6/16/2026,16:58,20:07,0:58,3:09,
"Chun, Lady Diana Andaya",CL9,Sales Associate,Livermore,Fahad,6/17/2026,9:15,11:48,,2:33,
"Chun, Lady Diana Andaya",CL9,Sales Associate,Livermore,Fahad,6/17/2026,11:59,14:10,0:11,2:21,
"Chun, Lady Diana Andaya",CL9,Sales Associate,Livermore,Fahad,6/17/2026,15:00,18:42,0:50,3:42,
"Chun, Lady Diana Andaya",CL9,Sales Associate,Livermore,Fahad,6/17/2026,18:53,20:06,0:11,1:23,
"Chun, Lady Diana Andaya",CL9,Sales Associate,Livermore,Fahad,6/19/2026,11:05,15:52,,4:47,
"Chun, Lady Diana Andaya",CL9,Sales Associate,Livermore,Fahad,6/19/2026,16:52,20:26,1:00,3:34,
"Chun, Lady Diana Andaya",CL9,Sales Associate,Livermore,Fahad,6/20/2026,10:27,14:11,,3:44,
"Chun, Lady Diana Andaya",CL9,Sales Associate,Livermore,Fahad,6/20/2026,14:22,15:25,0:11,1:13,
"Chun, Lady Diana Andaya",CL9,Sales Associate,Livermore,Fahad,6/20/2026,16:22,17:12,0:57,0:50,
"Chun, Lady Diana Andaya",CL9,Sales Associate,Livermore,Fahad,6/20/2026,17:23,19:54,0:11,2:41,
"Chun, Lady Diana Andaya",CL9,Sales Associate,Livermore,Fahad,6/21/2026,10:24,15:12,,4:48,
"Chun, Lady Diana Andaya",CL9,Sales Associate,Livermore,Fahad,6/21/2026,16:12,18:59,1:00,2:47,
"Chun, Lady Diana Andaya",CL9,Sales Associate,Livermore,Fahad,6/23/2026,11:00,14:45,,3:45,
"Chun, Lady Diana Andaya",CL9,Sales Associate,Livermore,Fahad,6/23/2026,14:56,15:55,0:11,1:09,
"Chun, Lady Diana Andaya",CL9,Sales Associate,Livermore,Fahad,6/23/2026,16:56,20:10,1:01,3:14,
"Chun, Lady Diana Andaya",CL9,Sales Associate,Livermore,Fahad,6/24/2026,9:14,13:44,,4:30,
"Chun, Lady Diana Andaya",CL9,Sales Associate,Livermore,Fahad,6/24/2026,14:44,17:46,1:00,3:02,
"Chun, Lady Diana Andaya",CL9,Sales Associate,Livermore,Fahad,6/24/2026,17:57,20:01,0:11,2:14,
"Chun, Lady Diana Andaya",CL9,Sales Associate,Livermore,Fahad,6/26/2026,10:58,15:07,,4:09,
"Chun, Lady Diana Andaya",CL9,Sales Associate,Livermore,Fahad,6/26/2026,16:04,20:01,0:57,3:57,
"Chun, Lady Diana Andaya",CL9,Sales Associate,Livermore,Fahad,6/27/2026,10:31,15:25,,4:54,
"Chun, Lady Diana Andaya",CL9,Sales Associate,Livermore,Fahad,6/27/2026,16:20,18:36,0:55,2:16,
"Chun, Lady Diana Andaya",CL9,Sales Associate,Livermore,Fahad,6/27/2026,18:46,20:05,0:10,1:29,
"Chun, Lady Diana Andaya",CL9,Sales Associate,Livermore,Fahad,6/28/2026,10:26,15:23,,4:57,
"Chun, Lady Diana Andaya",CL9,Sales Associate,Livermore,Fahad,6/28/2026,16:21,19:09,0:58,2:48,
"Chun, Lady Diana Andaya",CL9,Sales Associate,Livermore,Fahad,6/30/2026,10:55,15:41,,4:46,
"Chun, Lady Diana Andaya",CL9,Sales Associate,Livermore,Fahad,6/30/2026,16:39,20:08,0:58,3:29,
"Collum III, Charles",CC3,Sales Associate,Deerbrook,Akberali S Jivani,6/1/2026,11:56,16:45,,4:49,
"Collum III, Charles",CC3,Sales Associate,Deerbrook,Akberali S Jivani,6/1/2026,17:32,21:01,0:47,3:29,
"Collum III, Charles",CC3,Sales Associate,Deerbrook,Akberali S Jivani,6/3/2026,11:43,16:38,,4:55,
"Collum III, Charles",CC3,Sales Associate,Deerbrook,Akberali S Jivani,6/3/2026,17:18,21:02,0:40,3:44,
"Collum III, Charles",CC3,Sales Associate,Deerbrook,Akberali S Jivani,6/4/2026,12:11,15:59,,3:48,
"Collum III, Charles",CC3,Sales Associate,Deerbrook,Akberali S Jivani,6/4/2026,16:32,21:11,0:33,4:39,
"Collum III, Charles",CC3,Sales Associate,Deerbrook,Akberali S Jivani,6/5/2026,12:08,14:08,,2:00,
"Collum III, Charles",CC3,Sales Associate,Deerbrook,Akberali S Jivani,6/5/2026,14:21,16:11,0:13,2:00,
"Collum III, Charles",CC3,Sales Associate,Deerbrook,Akberali S Jivani,6/5/2026,16:41,19:33,0:30,2:52,
"Collum III, Charles",CC3,Sales Associate,Deerbrook,Akberali S Jivani,6/5/2026,19:40,21:00,0:07,1:27,
"Collum, Charles K",,,,,6/1/2026,11:56,13:14,,1:18,
"Collum, Charles K",,,,,6/1/2026,13:24,15:32,0:10,2:18,
"Collum, Charles K",,,,,6/1/2026,16:28,21:02,0:56,4:34,
"Collum, Charles K",,,,,6/3/2026,11:42,16:39,,4:57,
"Collum, Charles K",,,,,6/3/2026,17:20,21:03,0:41,3:43,
"Collum, Charles K",,,,,6/4/2026,12:11,16:59,,4:48,
"Collum, Charles K",,,,,6/4/2026,17:59,21:11,1:00,3:12,
"Collum, Charles K",,,,,6/5/2026,12:00,13:55,,1:55,
"Collum, Charles K",,,,,6/5/2026,14:05,15:24,0:10,1:29,
"Collum, Charles K",,,,,6/5/2026,16:24,21:00,1:00,4:36,
"Collum, Charles K",,,,,6/6/2026,13:34,18:19,,4:45,
"Collum, Charles K",,,,,6/6/2026,18:49,21:01,0:30,2:12,
"Collum, Charles K",,,,,6/7/2026,10:41,15:28,,4:47,
"Collum, Charles K",,,,,6/7/2026,16:00,19:33,0:32,3:33,
"Collum, Charles K",,,,,6/8/2026,11:53,15:41,,3:48,
"Collum, Charles K",,,,,6/8/2026,16:11,18:55,0:30,2:44,
"Collum, Charles K",,,,,6/8/2026,19:25,21:15,0:30,1:50,
"Collum, Charles K",,,,,6/9/2026,9:10,14:05,,4:55,
"Collum, Charles K",,,,,6/9/2026,15:05,18:13,1:00,3:08,
"Collum, Charles K",,,,,6/10/2026,9:01,12:25,,3:24,
"Collum, Charles K",,,,,6/10/2026,12:33,13:52,0:08,1:27,
"Collum, Charles K",,,,,6/10/2026,13:55,13:58,0:03,0:06,
"Collum, Charles K",,,,,6/10/2026,14:57,18:00,0:59,3:03,
"Collum, Charles K",,,,,6/11/2026,14:21,18:32,,4:11,
"Collum, Charles K",,,,,6/11/2026,19:31,20:37,0:59,1:06,
"Collum, Charles K",,,,,6/13/2026,11:57,16:48,,4:51,
"Collum, Charles K",,,,,6/13/2026,17:48,20:46,1:00,2:58,
"Collum, Charles K",,,,,6/14/2026,11:05,15:48,,4:43,
"Collum, Charles K",,,,,6/14/2026,16:48,19:34,1:00,2:46,
"Collum, Charles K",,,,,6/15/2026,9:32,14:28,,4:56,
"Collum, Charles K",,,,,6/15/2026,15:28,18:32,1:00,3:04,
"Collum, Charles K",,,,,6/16/2026,9:01,13:06,,4:05,
"Collum, Charles K",,,,,6/16/2026,14:06,18:02,1:00,3:56,
"Collum, Charles K",,,,,6/17/2026,12:27,17:18,,4:51,
"Collum, Charles K",,,,,6/17/2026,18:18,19:48,1:00,1:30,
"Collum, Charles K",,,,,6/17/2026,19:56,21:38,0:08,1:50,
"Collum, Charles K",,,,,6/18/2026,15:20,20:01,,4:41,
"Collum, Charles K",,,,,6/19/2026,11:57,16:41,,4:44,
"Collum, Charles K",,,,,6/19/2026,17:41,21:32,1:00,3:51,
"Cruz Lopez, Estefany C",EC,Sales Associate,Modesto,Maria,6/2/2026,9:02,13:04,,4:02,
"Cruz Lopez, Estefany C",EC,Sales Associate,Modesto,Maria,6/2/2026,13:36,17:33,0:32,3:57,
"Cruz Lopez, Estefany C",EC,Sales Associate,Modesto,Maria,6/2/2026,18:03,21:11,0:30,3:08,
"Cruz Lopez, Estefany C",EC,Sales Associate,Modesto,Maria,6/3/2026,13:40,16:48,,3:08,
"Cruz Lopez, Estefany C",EC,Sales Associate,Modesto,Maria,6/3/2026,17:50,21:14,1:02,3:24,
"Cruz Lopez, Estefany C",EC,Sales Associate,Modesto,Maria,6/5/2026,13:39,16:30,,2:51,
"Cruz Lopez, Estefany C",EC,Sales Associate,Modesto,Maria,6/5/2026,17:30,21:27,1:00,3:57,
"Cruz Lopez, Estefany C",EC,Sales Associate,Modesto,Maria,6/6/2026,9:03,13:10,,4:07,
"Cruz Lopez, Estefany C",EC,Sales Associate,Modesto,Maria,6/6/2026,14:10,18:01,1:00,3:51,
"Cruz Lopez, Estefany C",EC,Sales Associate,Modesto,Maria,6/7/2026,10:38,15:09,,4:31,
"Cruz Lopez, Estefany C",EC,Sales Associate,Modesto,Maria,6/7/2026,16:08,19:12,0:59,3:04,
"Cruz Lopez, Estefany C",EC,Sales Associate,Modesto,Maria,6/9/2026,9:05,13:02,,3:57,
"Cruz Lopez, Estefany C",EC,Sales Associate,Modesto,Maria,6/9/2026,13:32,17:30,0:30,3:58,
"Cruz Lopez, Estefany C",EC,Sales Associate,Modesto,Maria,6/9/2026,18:01,21:16,0:31,3:15,
"Cruz Lopez, Estefany C",EC,Sales Associate,Modesto,Maria,6/10/2026,9:06,14:00,,4:54,
"Cruz Lopez, Estefany C",EC,Sales Associate,Modesto,Maria,6/10/2026,15:00,19:01,1:00,4:01,
"Cruz Lopez, Estefany C",EC,Sales Associate,Modesto,Maria,6/11/2026,9:04,13:33,,4:29,
"Cruz Lopez, Estefany C",EC,Sales Associate,Modesto,Maria,6/11/2026,14:35,17:30,1:02,2:55,
"Cruz Lopez, Estefany C",EC,Sales Associate,Modesto,Maria,6/13/2026,9:07,13:10,,4:03,
"Cruz Lopez, Estefany C",EC,Sales Associate,Modesto,Maria,6/13/2026,14:12,17:07,1:02,2:55,
"Cruz Lopez, Estefany C",EC,Sales Associate,Modesto,Maria,6/14/2026,11:38,16:06,,4:28,
"Cruz Lopez, Estefany C",EC,Sales Associate,Modesto,Maria,6/14/2026,17:06,19:19,1:00,2:13,
"Cruz Lopez, Estefany C",EC,Sales Associate,Modesto,Maria,6/15/2026,9:06,12:59,,3:53,
"Cruz Lopez, Estefany C",EC,Sales Associate,Modesto,Maria,6/15/2026,14:02,18:08,1:03,4:06,
"Cruz Lopez, Estefany C",EC,Sales Associate,Modesto,Maria,6/16/2026,9:05,13:03,,3:58,
"Cruz Lopez, Estefany C",EC,Sales Associate,Modesto,Maria,6/16/2026,14:09,17:57,1:06,3:48,
"Cruz Lopez, Estefany C",EC,Sales Associate,Modesto,Maria,6/19/2026,9:03,13:28,,4:25,
"Cruz Lopez, Estefany C",EC,Sales Associate,Modesto,Maria,6/19/2026,14:30,18:02,1:02,3:32,
"Cruz Lopez, Estefany C",EC,Sales Associate,Modesto,Maria,6/20/2026,9:03,13:23,,4:20,
"Cruz Lopez, Estefany C",EC,Sales Associate,Modesto,Maria,6/20/2026,14:24,18:04,1:01,3:40,
"Cruz Lopez, Estefany C",EC,Sales Associate,Modesto,Maria,6/21/2026,10:35,15:03,,4:28,
"Cruz Lopez, Estefany C",EC,Sales Associate,Modesto,Maria,6/21/2026,16:05,19:04,1:02,2:59,
"Cruz Lopez, Estefany C",EC,Sales Associate,Modesto,Maria,6/22/2026,9:09,13:41,,4:32,
"Cruz Lopez, Estefany C",EC,Sales Associate,Modesto,Maria,6/22/2026,14:41,17:52,1:00,3:11,
"Cruz Lopez, Estefany C",EC,Sales Associate,Modesto,Maria,6/23/2026,9:05,13:43,,4:38,
"Cruz Lopez, Estefany C",EC,Sales Associate,Modesto,Maria,6/23/2026,14:42,17:52,0:59,3:10,
"Cruz Lopez, Estefany C",EC,Sales Associate,Modesto,Maria,6/24/2026,12:39,16:00,,3:21,
"Cruz Lopez, Estefany C",EC,Sales Associate,Modesto,Maria,6/24/2026,17:00,21:05,1:00,4:05,
"Cruz Lopez, Estefany C",EC,Sales Associate,Modesto,Maria,6/25/2026,9:06,13:06,,4:00,
"Cruz Lopez, Estefany C",EC,Sales Associate,Modesto,Maria,6/25/2026,14:07,17:48,1:01,3:41,
"Cruz Lopez, Estefany C",EC,Sales Associate,Modesto,Maria,6/27/2026,9:03,13:27,,4:24,
"Cruz Lopez, Estefany C",EC,Sales Associate,Modesto,Maria,6/27/2026,14:28,18:02,1:01,3:34,
"Cruz Lopez, Estefany C",EC,Sales Associate,Modesto,Maria,6/30/2026,9:04,13:28,,4:24,
"Cruz Lopez, Estefany C",EC,Sales Associate,Modesto,Maria,6/30/2026,14:28,17:46,1:00,3:18,
"Dao, Anh",AD,Corporate Manager,Admin,AJ,6/1/2026,10:54,13:04,,2:10,
"Dao, Anh",AD,Corporate Manager,Admin,AJ,6/1/2026,13:15,14:20,0:11,1:15,
"Dao, Anh",AD,Corporate Manager,Admin,AJ,6/1/2026,15:16,17:40,0:56,2:24,
"Dao, Anh",AD,Corporate Manager,Admin,AJ,6/1/2026,17:50,20:00,0:10,2:20,
"Dao, Anh",AD,Corporate Manager,Admin,AJ,6/2/2026,8:54,11:00,,2:06,
"Dao, Anh",AD,Corporate Manager,Admin,AJ,6/2/2026,11:11,13:41,0:11,2:40,
"Dao, Anh",AD,Corporate Manager,Admin,AJ,6/2/2026,14:36,20:27,0:55,5:51,
"Dao, Anh",AD,Corporate Manager,Admin,AJ,6/3/2026,8:57,13:42,,4:45,
"Dao, Anh",AD,Corporate Manager,Admin,AJ,6/3/2026,14:38,18:45,0:56,4:07,
"Dao, Anh",AD,Corporate Manager,Admin,AJ,6/3/2026,18:55,20:00,0:10,1:15,
"Dao, Anh",AD,Corporate Manager,Admin,AJ,6/5/2026,9:02,13:48,,4:46,
"Dao, Anh",AD,Corporate Manager,Admin,AJ,6/5/2026,14:44,21:09,0:56,6:25,
"Dao, Anh",AD,Corporate Manager,Admin,AJ,6/6/2026,10:55,13:19,,2:24,
"Dao, Anh",AD,Corporate Manager,Admin,AJ,6/6/2026,13:30,14:05,0:11,0:45,
"Dao, Anh",AD,Corporate Manager,Admin,AJ,6/6/2026,15:07,17:40,1:02,2:33,
"Dao, Anh",AD,Corporate Manager,Admin,AJ,6/6/2026,17:51,19:54,0:11,2:13,
"Dao, Anh",AD,Corporate Manager,Admin,AJ,6/7/2026,10:44,15:03,,4:19,
"Dao, Anh",AD,Corporate Manager,Admin,AJ,6/7/2026,15:33,17:58,0:30,2:25,
"Dao, Anh",AD,Corporate Manager,Admin,AJ,6/7/2026,18:08,19:00,0:10,1:02,
"Dao, Anh",AD,Corporate Manager,Admin,AJ,6/8/2026,10:45,14:48,,4:03,
"Dao, Anh",AD,Corporate Manager,Admin,AJ,6/8/2026,15:36,16:52,0:48,1:16,
"Dao, Anh",AD,Corporate Manager,Admin,AJ,6/8/2026,17:06,19:59,0:14,3:03,
"Dao, Anh",AD,Corporate Manager,Admin,AJ,6/9/2026,9:00,13:52,,4:52,
"Dao, Anh",AD,Corporate Manager,Admin,AJ,6/9/2026,14:42,19:25,0:50,4:43,
"Dao, Anh",AD,Corporate Manager,Admin,AJ,6/10/2026,9:05,10:48,,1:43,
"Dao, Anh",AD,Corporate Manager,Admin,AJ,6/10/2026,10:56,12:51,0:08,2:03,
"Dao, Anh",AD,Corporate Manager,Admin,AJ,6/10/2026,14:25,17:28,1:34,3:03,
"Dao, Anh",AD,Corporate Manager,Admin,AJ,6/10/2026,17:36,20:17,0:08,2:49,
"Dao, Anh",AD,Corporate Manager,Admin,AJ,6/12/2026,8:55,11:35,,2:40,
"Dao, Anh",AD,Corporate Manager,Admin,AJ,6/12/2026,11:45,13:00,0:10,1:25,
"Dao, Anh",AD,Corporate Manager,Admin,AJ,6/12/2026,13:55,19:00,0:55,5:05,
"Dao, Anh",AD,Corporate Manager,Admin,AJ,6/12/2026,19:11,20:55,0:11,1:54,
"Dao, Anh",AD,Corporate Manager,Admin,AJ,6/13/2026,10:54,15:47,,4:53,
"Dao, Anh",AD,Corporate Manager,Admin,AJ,6/13/2026,16:18,20:10,0:31,3:52,
"Dao, Anh",AD,Corporate Manager,Admin,AJ,6/14/2026,10:33,14:44,,4:11,
"Dao, Anh",AD,Corporate Manager,Admin,AJ,6/14/2026,15:21,17:28,0:37,2:07,
"Dao, Anh",AD,Corporate Manager,Admin,AJ,6/15/2026,11:00,15:59,,4:59,
"Dao, Anh",AD,Corporate Manager,Admin,AJ,6/15/2026,16:47,19:55,0:48,3:08,
"Dao, Anh",AD,Corporate Manager,Admin,AJ,6/16/2026,9:12,12:13,,3:01,
"Dao, Anh",AD,Corporate Manager,Admin,AJ,6/16/2026,12:23,13:58,0:10,1:45,
"Dao, Anh",AD,Corporate Manager,Admin,AJ,6/16/2026,14:30,18:23,0:32,3:53,
"Dao, Anh",AD,Corporate Manager,Admin,AJ,6/17/2026,9:13,12:00,,2:47,
"Dao, Anh",AD,Corporate Manager,Admin,AJ,6/17/2026,12:14,13:04,0:14,1:00,
"Dao, Anh",AD,Corporate Manager,Admin,AJ,6/17/2026,13:56,19:16,0:52,5:20,
"Dao, Anh",AD,Corporate Manager,Admin,AJ,6/17/2026,19:25,20:57,0:09,1:41,
"Dao, Anh",AD,Corporate Manager,Admin,AJ,6/19/2026,9:13,11:03,,1:50,
"Dao, Anh",AD,Corporate Manager,Admin,AJ,6/19/2026,11:12,13:39,0:09,2:36,
"Dao, Anh",AD,Corporate Manager,Admin,AJ,6/19/2026,14:22,18:50,0:43,4:28,
"Dao, Anh",AD,Corporate Manager,Admin,AJ,6/19/2026,19:07,20:59,0:17,2:02,
"Dao, Anh",AD,Corporate Manager,Admin,AJ,6/20/2026,9:14,12:15,,3:01,
"Dao, Anh",AD,Corporate Manager,Admin,AJ,6/20/2026,12:26,12:51,0:11,0:35,
"Dao, Anh",AD,Corporate Manager,Admin,AJ,6/20/2026,13:46,18:16,0:55,4:30,
"Dao, Anh",AD,Corporate Manager,Admin,AJ,6/21/2026,10:52,14:28,,3:36,
"Dao, Anh",AD,Corporate Manager,Admin,AJ,6/21/2026,15:23,19:59,0:55,4:36,
"Dao, Anh",AD,Corporate Manager,Admin,AJ,6/22/2026,11:00,19:00,,8:00,
"Dao, Anh",AD,Corporate Manager,Admin,AJ,6/23/2026,9:17,12:19,,3:02,
"Dao, Anh",AD,Corporate Manager,Admin,AJ,6/23/2026,12:30,13:01,0:11,0:41,
"Dao, Anh",AD,Corporate Manager,Admin,AJ,6/23/2026,13:53,18:13,0:52,4:20,
"Dao, Anh",AD,Corporate Manager,Admin,AJ,6/24/2026,9:14,12:49,,3:35,
"Dao, Anh",AD,Corporate Manager,Admin,AJ,6/24/2026,12:59,14:08,0:10,1:19,
"Dao, Anh",AD,Corporate Manager,Admin,AJ,6/24/2026,14:54,21:00,0:46,6:06,
"Dao, Anh",AD,Corporate Manager,Admin,AJ,6/25/2026,9:16,11:40,,2:24,
"Dao, Anh",AD,Corporate Manager,Admin,AJ,6/25/2026,11:50,13:18,0:10,1:38,
"Dao, Anh",AD,Corporate Manager,Admin,AJ,6/25/2026,14:09,17:54,0:51,3:45,
"Dao, Anh",AD,Corporate Manager,Admin,AJ,6/26/2026,11:52,15:47,,3:55,
"Dao, Anh",AD,Corporate Manager,Admin,AJ,6/26/2026,15:58,16:07,0:11,0:19,
"Dao, Anh",AD,Corporate Manager,Admin,AJ,6/26/2026,17:02,20:57,0:55,3:55,
"Dao, Anh",AD,Corporate Manager,Admin,AJ,6/27/2026,9:13,10:49,,1:36,
"Dao, Anh",AD,Corporate Manager,Admin,AJ,6/27/2026,10:59,14:03,0:10,3:14,
"Dao, Anh",AD,Corporate Manager,Admin,AJ,6/27/2026,14:54,17:59,0:51,3:05,
"Dao, Anh",AD,Corporate Manager,Admin,AJ,6/27/2026,18:09,18:15,0:10,0:16,
"Dao, Anh",AD,Corporate Manager,Admin,AJ,6/28/2026,11:55,14:36,,2:41,
"Dao, Anh",AD,Corporate Manager,Admin,AJ,6/28/2026,14:46,14:59,0:10,0:23,
"Dao, Anh",AD,Corporate Manager,Admin,AJ,6/28/2026,15:56,17:51,0:57,1:55,
"Dao, Anh",AD,Corporate Manager,Admin,AJ,6/28/2026,18:01,21:20,0:10,3:29,
"Dao, Anh",AD,Corporate Manager,Admin,AJ,6/29/2026,10:47,14:34,,3:47,
"Dao, Anh",AD,Corporate Manager,Admin,AJ,6/29/2026,14:45,15:29,0:11,0:54,
"Dao, Anh",AD,Corporate Manager,Admin,AJ,6/29/2026,16:16,20:14,0:47,3:58,
"Dao, Anh",AD,Corporate Manager,Admin,AJ,6/30/2026,9:10,10:58,,1:48,
"Dao, Anh",AD,Corporate Manager,Admin,AJ,6/30/2026,11:08,13:59,0:10,3:01,
"Dao, Anh",AD,Corporate Manager,Admin,AJ,6/30/2026,14:53,17:44,0:54,2:51,
"Dao, Anh",AD,Corporate Manager,Admin,AJ,6/30/2026,17:53,18:12,0:09,0:28,
"Das, Shila",SD,Sales Associate,Inland,Issa,6/1/2026,9:02,13:55,,4:53,
"Das, Shila",SD,Sales Associate,Inland,Issa,6/1/2026,15:05,20:17,1:10,5:12,
"Das, Shila",SD,Sales Associate,Inland,Issa,6/2/2026,9:07,13:52,,4:45,
"Das, Shila",SD,Sales Associate,Inland,Issa,6/2/2026,15:12,21:36,1:20,6:24,
"Das, Shila",SD,Sales Associate,Inland,Issa,6/4/2026,9:04,13:20,,4:16,
"Das, Shila",SD,Sales Associate,Inland,Issa,6/4/2026,14:42,18:03,1:22,3:21,
"Das, Shila",SD,Sales Associate,Inland,Issa,6/4/2026,18:16,20:52,0:13,2:46,
"Das, Shila",SD,Sales Associate,Inland,Issa,6/5/2026,9:09,13:52,,4:43,
"Das, Shila",SD,Sales Associate,Inland,Issa,6/5/2026,15:09,18:33,1:17,3:24,
"Das, Shila",SD,Sales Associate,Inland,Issa,6/5/2026,18:51,21:14,0:18,2:33,
"Das, Shila",SD,Sales Associate,Inland,Issa,6/6/2026,11:58,16:32,,4:34,
"Das, Shila",SD,Sales Associate,Inland,Issa,6/6/2026,17:41,20:26,1:09,2:45,
"Das, Shila",SD,Sales Associate,Inland,Issa,6/7/2026,10:20,14:52,,4:32,
"Das, Shila",SD,Sales Associate,Inland,Issa,6/7/2026,16:07,19:27,1:15,3:20,
"Das, Shila",SD,Sales Associate,Inland,Issa,6/8/2026,9:01,11:29,,2:28,
"Das, Shila",SD,Sales Associate,Inland,Issa,6/8/2026,11:42,13:28,0:13,1:56,
"Das, Shila",SD,Sales Associate,Inland,Issa,6/8/2026,14:47,20:23,1:19,5:36,
"Das, Shila",SD,Sales Associate,Inland,Issa,6/9/2026,9:03,11:56,,2:53,
"Das, Shila",SD,Sales Associate,Inland,Issa,6/9/2026,12:06,13:24,0:10,1:28,
"Das, Shila",SD,Sales Associate,Inland,Issa,6/9/2026,14:20,16:30,0:56,2:10,
"Das, Shila",SD,Sales Associate,Inland,Issa,6/11/2026,8:59,13:26,,4:27,
"Das, Shila",SD,Sales Associate,Inland,Issa,6/11/2026,14:39,18:36,1:13,3:57,
"Das, Shila",SD,Sales Associate,Inland,Issa,6/11/2026,19:07,20:54,0:31,1:47,
"Das, Shila",SD,Sales Associate,Inland,Issa,6/12/2026,9:04,13:05,,4:01,
"Das, Shila",SD,Sales Associate,Inland,Issa,6/12/2026,13:18,13:21,0:13,0:13,
"Das, Shila",SD,Sales Associate,Inland,Issa,6/12/2026,14:16,18:47,0:55,4:31,
"Das, Shila",SD,Sales Associate,Inland,Issa,6/12/2026,19:06,21:00,0:19,2:04,
"Das, Shila",SD,Sales Associate,Inland,Issa,6/13/2026,9:01,12:18,,3:17,
"Das, Shila",SD,Sales Associate,Inland,Issa,6/13/2026,12:38,13:52,0:20,1:24,
"Das, Shila",SD,Sales Associate,Inland,Issa,6/13/2026,14:58,17:21,1:06,2:23,
"Das, Shila",SD,Sales Associate,Inland,Issa,6/13/2026,18:00,20:41,0:39,2:41,
"Das, Shila",SD,Sales Associate,Inland,Issa,6/14/2026,10:15,13:16,,3:01,
"Das, Shila",SD,Sales Associate,Inland,Issa,6/14/2026,13:32,14:03,0:16,0:41,
"Das, Shila",SD,Sales Associate,Inland,Issa,6/14/2026,14:36,19:29,0:33,4:53,
"Das, Shila",SD,Sales Associate,Inland,Issa,6/15/2026,9:01,13:53,,4:52,
"Das, Shila",SD,Sales Associate,Inland,Issa,6/15/2026,15:15,20:21,1:22,5:06,
"Das, Shila",SD,Sales Associate,Inland,Issa,6/17/2026,9:03,13:53,,4:50,
"Das, Shila",SD,Sales Associate,Inland,Issa,6/17/2026,14:59,16:43,1:06,1:44,
"Das, Shila",SD,Sales Associate,Inland,Issa,6/17/2026,17:14,20:34,0:31,3:20,
"Das, Shila",SD,Sales Associate,Inland,Issa,6/18/2026,9:05,13:03,,3:58,
"Das, Shila",SD,Sales Associate,Inland,Issa,6/18/2026,13:09,13:16,0:06,0:13,
"Das, Shila",SD,Sales Associate,Inland,Issa,6/18/2026,14:15,18:01,0:59,3:46,
"Das, Shila",SD,Sales Associate,Inland,Issa,6/18/2026,18:34,20:13,0:33,1:39,
"Das, Shila",SD,Sales Associate,Inland,Issa,6/19/2026,9:14,13:55,,4:41,
"Das, Shila",SD,Sales Associate,Inland,Issa,6/19/2026,14:55,18:17,1:00,3:22,
"Das, Shila",SD,Sales Associate,Inland,Issa,6/19/2026,18:47,20:23,0:30,1:36,
"Das, Shila",SD,Sales Associate,Inland,Issa,6/20/2026,9:08,13:03,,3:55,
"Das, Shila",SD,Sales Associate,Inland,Issa,6/20/2026,13:57,17:13,0:54,3:16,
"Das, Shila",SD,Sales Associate,Inland,Issa,6/21/2026,10:18,11:55,,1:37,
"Das, Shila",SD,Sales Associate,Inland,Issa,6/21/2026,12:04,14:55,0:09,3:00,
"Das, Shila",SD,Sales Associate,Inland,Issa,6/21/2026,15:51,19:15,0:56,3:24,
"Das, Shila",SD,Sales Associate,Inland,Issa,6/22/2026,9:00,11:33,,2:33,
"Das, Shila",SD,Sales Associate,Inland,Issa,6/22/2026,11:46,13:35,0:13,1:59,
"Das, Shila",SD,Sales Associate,Inland,Issa,6/22/2026,14:42,19:49,1:07,5:07,
"Das, Shila",SD,Sales Associate,Inland,Issa,6/23/2026,9:03,11:14,,2:11,
"Das, Shila",SD,Sales Associate,Inland,Issa,6/25/2026,9:05,13:55,,4:50,
"Das, Shila",SD,Sales Associate,Inland,Issa,6/25/2026,15:02,20:24,1:07,5:22,
"Das, Shila",SD,Sales Associate,Inland,Issa,6/26/2026,9:05,13:56,,4:51,
"Das, Shila",SD,Sales Associate,Inland,Issa,6/26/2026,15:05,18:50,1:09,3:45,
"Das, Shila",SD,Sales Associate,Inland,Issa,6/26/2026,19:21,20:12,0:31,0:51,
"Das, Shila",SD,Sales Associate,Inland,Issa,6/27/2026,9:26,13:55,,4:29,
"Das, Shila",SD,Sales Associate,Inland,Issa,6/27/2026,15:02,17:06,1:07,2:04,
"Das, Shila",SD,Sales Associate,Inland,Issa,6/28/2026,10:22,12:08,,1:46,
"Das, Shila",SD,Sales Associate,Inland,Issa,6/28/2026,12:24,14:42,0:16,2:28,
"Das, Shila",SD,Sales Associate,Inland,Issa,6/28/2026,15:44,19:06,1:02,3:22,
"Das, Shila",SD,Sales Associate,Inland,Issa,6/29/2026,9:03,13:53,,4:50,
"Das, Shila",SD,Sales Associate,Inland,Issa,6/29/2026,14:55,20:02,1:02,5:07,
"Das, Shila",SD,Sales Associate,Inland,Issa,6/30/2026,9:01,13:43,,4:42,
"Das, Shila",SD,Sales Associate,Inland,Issa,6/30/2026,15:07,20:00,1:24,4:53,
"De Guzman, Estelita M",EG,Manager,Great Mall,Ross,6/2/2026,12:31,16:02,,3:31,
"De Guzman, Estelita M",EG,Manager,Great Mall,Ross,6/2/2026,17:11,20:03,1:09,2:52,
"De Guzman, Estelita M",EG,Manager,Great Mall,Ross,6/3/2026,11:35,16:11,,4:36,
"De Guzman, Estelita M",EG,Manager,Great Mall,Ross,6/3/2026,17:03,20:09,0:52,3:06,
"De Guzman, Estelita M",EG,Manager,Great Mall,Ross,6/4/2026,11:00,15:49,,4:49,
"De Guzman, Estelita M",EG,Manager,Great Mall,Ross,6/4/2026,16:48,19:22,0:59,2:34,
"De Guzman, Estelita M",EG,Manager,Great Mall,Ross,6/5/2026,11:29,15:51,,4:22,
"De Guzman, Estelita M",EG,Manager,Great Mall,Ross,6/5/2026,16:38,20:49,0:47,4:11,
"De Guzman, Estelita M",EG,Manager,Great Mall,Ross,6/6/2026,11:41,15:24,,3:43,
"De Guzman, Estelita M",EG,Manager,Great Mall,Ross,6/6/2026,16:00,20:39,0:36,4:39,
"De Guzman, Estelita M",EG,Manager,Great Mall,Ross,6/7/2026,11:23,15:22,,3:59,
"De Guzman, Estelita M",EG,Manager,Great Mall,Ross,6/7/2026,15:58,18:58,0:36,3:00,
"De Guzman, Estelita M",EG,Manager,Great Mall,Ross,6/9/2026,11:12,15:28,,4:16,
"De Guzman, Estelita M",EG,Manager,Great Mall,Ross,6/9/2026,16:18,20:02,0:50,3:44,
"De Guzman, Estelita M",EG,Manager,Great Mall,Ross,6/10/2026,10:30,15:24,,4:54,
"De Guzman, Estelita M",EG,Manager,Great Mall,Ross,6/10/2026,16:08,19:52,0:44,3:44,
"De Guzman, Estelita M",EG,Manager,Great Mall,Ross,6/11/2026,11:30,19:30,,8:00,
"De Guzman, Estelita M",EG,Manager,Great Mall,Ross,6/12/2026,11:06,15:16,,4:10,
"De Guzman, Estelita M",EG,Manager,Great Mall,Ross,6/12/2026,16:13,20:41,0:57,4:28,
"De Guzman, Estelita M",EG,Manager,Great Mall,Ross,6/13/2026,12:20,16:09,,3:49,
"De Guzman, Estelita M",EG,Manager,Great Mall,Ross,6/13/2026,16:56,20:47,0:47,3:51,
"De Guzman, Estelita M",EG,Manager,Great Mall,Ross,6/14/2026,10:41,14:29,,3:48,
"De Guzman, Estelita M",EG,Manager,Great Mall,Ross,6/14/2026,14:59,18:59,0:30,4:00,
"De Guzman, Estelita M",EG,Manager,Great Mall,Ross,6/16/2026,12:20,17:19,,4:59,
"De Guzman, Estelita M",EG,Manager,Great Mall,Ross,6/16/2026,17:54,19:49,0:35,1:55,
"De Guzman, Estelita M",EG,Manager,Great Mall,Ross,6/17/2026,12:24,15:35,,3:11,
"De Guzman, Estelita M",EG,Manager,Great Mall,Ross,6/17/2026,16:06,19:02,0:31,2:56,
"De Guzman, Estelita M",EG,Manager,Great Mall,Ross,6/18/2026,11:30,19:30,,8:00,
"De Guzman, Estelita M",EG,Manager,Great Mall,Ross,6/19/2026,12:00,15:24,,3:24,
"De Guzman, Estelita M",EG,Manager,Great Mall,Ross,6/19/2026,16:05,20:58,0:41,4:53,
"De Guzman, Estelita M",EG,Manager,Great Mall,Ross,6/20/2026,12:45,17:30,,4:45,
"De Guzman, Estelita M",EG,Manager,Great Mall,Ross,6/20/2026,18:04,21:01,0:34,2:57,
"De Guzman, Estelita M",EG,Manager,Great Mall,Ross,6/21/2026,10:58,14:21,,3:23,
"De Guzman, Estelita M",EG,Manager,Great Mall,Ross,6/21/2026,14:51,19:02,0:30,4:11,
"De Guzman, Estelita M",EG,Manager,Great Mall,Ross,6/23/2026,12:10,15:32,,3:22,
"De Guzman, Estelita M",EG,Manager,Great Mall,Ross,6/23/2026,16:02,20:06,0:30,4:04,
"De Guzman, Estelita M",EG,Manager,Great Mall,Ross,6/24/2026,12:46,18:41,,5:55,
"De Guzman, Estelita M",EG,Manager,Great Mall,Ross,6/25/2026,12:04,17:03,,4:59,
"De Guzman, Estelita M",EG,Manager,Great Mall,Ross,6/25/2026,17:33,19:57,0:30,2:24,
"De Guzman, Estelita M",EG,Manager,Great Mall,Ross,6/26/2026,12:17,18:03,,5:46,
"De Guzman, Estelita M",EG,Manager,Great Mall,Ross,6/30/2026,11:42,16:36,,4:54,
"De Guzman, Estelita M",EG,Manager,Great Mall,Ross,6/30/2026,17:08,19:40,0:32,2:32,
"Dy, Maria Cecilia Quirante",MQ1,Sales Associate,Ontario,Rosela,6/4/2026,9:00,13:02,,4:02,
"Dy, Maria Cecilia Quirante",MQ1,Sales Associate,Ontario,Rosela,6/4/2026,14:01,16:38,0:59,2:37,
"Dy, Maria Cecilia Quirante",MQ1,Sales Associate,Ontario,Rosela,6/4/2026,16:47,17:01,0:09,0:23,
"Dy, Maria Cecilia Quirante",MQ1,Sales Associate,Ontario,Rosela,6/5/2026,10:52,15:05,,4:13,
"Dy, Maria Cecilia Quirante",MQ1,Sales Associate,Ontario,Rosela,6/5/2026,16:00,20:03,0:55,4:03,
"Dy, Maria Cecilia Quirante",MQ1,Sales Associate,Ontario,Rosela,6/6/2026,9:00,13:32,,4:32,
"Dy, Maria Cecilia Quirante",MQ1,Sales Associate,Ontario,Rosela,6/6/2026,14:33,18:02,1:01,3:29,
"Dy, Maria Cecilia Quirante",MQ1,Sales Associate,Ontario,Rosela,6/7/2026,11:18,15:38,,4:20,
"Dy, Maria Cecilia Quirante",MQ1,Sales Associate,Ontario,Rosela,6/7/2026,16:33,20:16,0:55,3:43,
"Dy, Maria Cecilia Quirante",MQ1,Sales Associate,Ontario,Rosela,6/8/2026,9:52,14:05,,4:13,
"Dy, Maria Cecilia Quirante",MQ1,Sales Associate,Ontario,Rosela,6/8/2026,15:00,18:17,0:55,3:17,
"Dy, Maria Cecilia Quirante",MQ1,Sales Associate,Ontario,Rosela,6/8/2026,18:28,19:01,0:11,0:43,
"Dy, Maria Cecilia Quirante",MQ1,Sales Associate,Ontario,Rosela,6/9/2026,9:56,14:16,,4:20,
"Dy, Maria Cecilia Quirante",MQ1,Sales Associate,Ontario,Rosela,6/9/2026,15:17,19:01,1:01,3:44,
"Dy, Maria Cecilia Quirante",MQ1,Sales Associate,Ontario,Rosela,6/10/2026,9:00,13:49,,4:49,
"Dy, Maria Cecilia Quirante",MQ1,Sales Associate,Ontario,Rosela,6/10/2026,14:47,18:00,0:58,3:13,
"Dy, Maria Cecilia Quirante",MQ1,Sales Associate,Ontario,Rosela,6/15/2026,11:21,15:37,,4:16,
"Dy, Maria Cecilia Quirante",MQ1,Sales Associate,Ontario,Rosela,6/15/2026,16:35,20:13,0:58,3:38,
"Dy, Maria Cecilia Quirante",MQ1,Sales Associate,Ontario,Rosela,6/16/2026,9:05,13:09,,4:04,
"Dy, Maria Cecilia Quirante",MQ1,Sales Associate,Ontario,Rosela,6/16/2026,14:09,17:09,1:00,3:00,
"Dy, Maria Cecilia Quirante",MQ1,Sales Associate,Ontario,Rosela,6/18/2026,11:25,15:54,,4:29,
"Dy, Maria Cecilia Quirante",MQ1,Sales Associate,Ontario,Rosela,6/18/2026,16:48,20:02,0:54,3:14,
"Dy, Maria Cecilia Quirante",MQ1,Sales Associate,Ontario,Rosela,6/19/2026,9:01,12:56,,3:55,
"Dy, Maria Cecilia Quirante",MQ1,Sales Associate,Ontario,Rosela,6/19/2026,13:56,18:04,1:00,4:08,
"Dy, Maria Cecilia Quirante",MQ1,Sales Associate,Ontario,Rosela,6/20/2026,11:57,16:06,,4:09,
"Dy, Maria Cecilia Quirante",MQ1,Sales Associate,Ontario,Rosela,6/20/2026,17:07,21:00,1:01,3:53,
"Dy, Maria Cecilia Quirante",MQ1,Sales Associate,Ontario,Rosela,6/22/2026,9:58,14:23,,4:25,
"Dy, Maria Cecilia Quirante",MQ1,Sales Associate,Ontario,Rosela,6/22/2026,15:22,19:02,0:59,3:40,
"Dy, Maria Cecilia Quirante",MQ1,Sales Associate,Ontario,Rosela,6/23/2026,8:59,13:33,,4:34,
"Dy, Maria Cecilia Quirante",MQ1,Sales Associate,Ontario,Rosela,6/23/2026,14:28,17:01,0:55,2:33,
"Dy, Maria Cecilia Quirante",MQ1,Sales Associate,Ontario,Rosela,6/24/2026,8:58,12:32,,3:34,
"Dy, Maria Cecilia Quirante",MQ1,Sales Associate,Ontario,Rosela,6/24/2026,13:31,18:01,0:59,4:30,
"Dy, Maria Cecilia Quirante",MQ1,Sales Associate,Ontario,Rosela,6/26/2026,12:29,16:58,,4:29,
"Dy, Maria Cecilia Quirante",MQ1,Sales Associate,Ontario,Rosela,6/26/2026,17:57,21:38,0:59,3:41,
"Dy, Maria Cecilia Quirante",MQ1,Sales Associate,Ontario,Rosela,6/27/2026,9:59,13:02,,3:03,
"Dy, Maria Cecilia Quirante",MQ1,Sales Associate,Ontario,Rosela,6/27/2026,13:12,14:03,0:10,1:01,
"Dy, Maria Cecilia Quirante",MQ1,Sales Associate,Ontario,Rosela,6/27/2026,14:59,19:02,0:56,4:03,
"Dy, Maria Cecilia Quirante",MQ1,Sales Associate,Ontario,Rosela,6/29/2026,9:00,13:00,,4:00,
"Dy, Maria Cecilia Quirante",MQ1,Sales Associate,Ontario,Rosela,6/29/2026,14:00,17:04,1:00,3:04,
"Elizalde, Alexandra",AE1,Assistant Manager,Culver City,Steven,6/3/2026,14:20,16:12,,1:52,
"Elizalde, Alexandra",AE1,Assistant Manager,Culver City,Steven,6/3/2026,16:22,16:56,0:10,0:44,
"Elizalde, Alexandra",AE1,Assistant Manager,Culver City,Steven,6/3/2026,17:43,20:24,0:47,2:41,
"Elizalde, Alexandra",AE1,Assistant Manager,Culver City,Steven,6/3/2026,20:35,21:19,0:11,0:54,
"Elizalde, Alexandra",AE1,Assistant Manager,Culver City,Steven,6/4/2026,8:59,12:18,,3:19,
"Elizalde, Alexandra",AE1,Assistant Manager,Culver City,Steven,6/4/2026,12:29,13:26,0:11,1:07,
"Elizalde, Alexandra",AE1,Assistant Manager,Culver City,Steven,6/4/2026,14:14,19:02,0:48,4:48,
"Elizalde, Alexandra",AE1,Assistant Manager,Culver City,Steven,6/4/2026,19:35,21:25,0:33,1:50,
"Elizalde, Alexandra",AE1,Assistant Manager,Culver City,Steven,6/5/2026,12:12,15:41,,3:29,
"Elizalde, Alexandra",AE1,Assistant Manager,Culver City,Steven,6/5/2026,16:22,19:22,0:41,3:00,
"Elizalde, Alexandra",AE1,Assistant Manager,Culver City,Steven,6/5/2026,19:33,21:29,0:11,2:06,
"Elizalde, Alexandra",AE1,Assistant Manager,Culver City,Steven,6/6/2026,12:31,17:00,,4:29,
"Elizalde, Alexandra",AE1,Assistant Manager,Culver City,Steven,6/6/2026,17:45,21:05,0:45,3:20,
"Elizalde, Alexandra",AE1,Assistant Manager,Culver City,Steven,6/7/2026,11:53,16:10,,4:17,
"Elizalde, Alexandra",AE1,Assistant Manager,Culver City,Steven,6/7/2026,16:51,20:10,0:41,3:19,
"Elizalde, Alexandra",AE1,Assistant Manager,Culver City,Steven,6/8/2026,12:28,15:19,,2:51,
"Elizalde, Alexandra",AE1,Assistant Manager,Culver City,Steven,6/8/2026,15:31,15:48,0:12,0:27,
"Elizalde, Alexandra",AE1,Assistant Manager,Culver City,Steven,6/8/2026,16:35,21:04,0:47,4:29,
"Elizalde, Alexandra",AE1,Assistant Manager,Culver City,Steven,6/11/2026,12:24,15:06,,2:42,
"Elizalde, Alexandra",AE1,Assistant Manager,Culver City,Steven,6/11/2026,15:21,16:15,0:15,1:04,
"Elizalde, Alexandra",AE1,Assistant Manager,Culver City,Steven,6/11/2026,17:00,20:28,0:45,3:28,
"Elizalde, Alexandra",AE1,Assistant Manager,Culver City,Steven,6/11/2026,20:40,21:25,0:12,0:55,
"Elizalde, Alexandra",AE1,Assistant Manager,Culver City,Steven,6/12/2026,12:30,15:12,,2:42,
"Elizalde, Alexandra",AE1,Assistant Manager,Culver City,Steven,6/12/2026,15:23,16:02,0:11,0:49,
"Elizalde, Alexandra",AE1,Assistant Manager,Culver City,Steven,6/12/2026,16:34,19:17,0:32,2:43,
"Elizalde, Alexandra",AE1,Assistant Manager,Culver City,Steven,6/12/2026,19:32,21:23,0:15,2:01,
"Elizalde, Alexandra",AE1,Assistant Manager,Culver City,Steven,6/13/2026,11:01,13:44,,2:43,
"Elizalde, Alexandra",AE1,Assistant Manager,Culver City,Steven,6/13/2026,13:55,14:14,0:11,0:29,
"Elizalde, Alexandra",AE1,Assistant Manager,Culver City,Steven,6/13/2026,15:08,20:08,0:54,5:00,
"Elizalde, Alexandra",AE1,Assistant Manager,Culver City,Steven,6/14/2026,11:33,15:38,,4:05,
"Elizalde, Alexandra",AE1,Assistant Manager,Culver City,Steven,6/14/2026,16:40,20:10,1:02,3:30,
"Elizalde, Alexandra",AE1,Assistant Manager,Culver City,Steven,6/15/2026,12:26,14:54,,2:28,
"Elizalde, Alexandra",AE1,Assistant Manager,Culver City,Steven,6/15/2026,15:06,15:49,0:12,0:53,
"Elizalde, Alexandra",AE1,Assistant Manager,Culver City,Steven,6/15/2026,16:53,18:53,1:04,2:00,
"Elizalde, Alexandra",AE1,Assistant Manager,Culver City,Steven,6/15/2026,19:03,21:15,0:10,2:22,
"Elizalde, Alexandra",AE1,Assistant Manager,Culver City,Steven,6/16/2026,12:26,15:47,,3:21,
"Elizalde, Alexandra",AE1,Assistant Manager,Culver City,Steven,6/16/2026,16:00,16:09,0:13,0:19,
"Elizalde, Alexandra",AE1,Assistant Manager,Culver City,Steven,6/16/2026,17:02,19:24,0:53,2:22,
"Elizalde, Alexandra",AE1,Assistant Manager,Culver City,Steven,6/16/2026,19:28,21:17,0:04,1:53,
"Elizalde, Alexandra",AE1,Assistant Manager,Culver City,Steven,6/22/2026,12:30,15:21,,2:51,
"Elizalde, Alexandra",AE1,Assistant Manager,Culver City,Steven,6/22/2026,16:30,20:04,1:09,3:34,
"Elizalde, Alexandra",AE1,Assistant Manager,Culver City,Steven,6/22/2026,20:16,21:13,0:12,1:07,
"Elizalde, Alexandra",AE1,Assistant Manager,Culver City,Steven,6/25/2026,12:22,13:55,,1:33,
"Elizalde, Alexandra",AE1,Assistant Manager,Culver City,Steven,6/25/2026,14:05,15:50,0:10,1:55,
"Elizalde, Alexandra",AE1,Assistant Manager,Culver City,Steven,6/25/2026,17:09,21:02,1:19,3:53,
"Elizalde, Alexandra",AE1,Assistant Manager,Culver City,Steven,6/26/2026,12:35,15:29,,2:54,
"Elizalde, Alexandra",AE1,Assistant Manager,Culver City,Steven,6/26/2026,15:41,16:09,0:12,0:38,
"Elizalde, Alexandra",AE1,Assistant Manager,Culver City,Steven,6/26/2026,17:06,20:41,0:57,3:35,
"Elizalde, Alexandra",AE1,Assistant Manager,Culver City,Steven,6/26/2026,20:53,21:17,0:12,0:34,
"Elizalde, Alexandra",AE1,Assistant Manager,Culver City,Steven,6/27/2026,9:00,12:08,,3:08,
"Elizalde, Alexandra",AE1,Assistant Manager,Culver City,Steven,6/27/2026,12:21,13:52,0:13,1:41,
"Elizalde, Alexandra",AE1,Assistant Manager,Culver City,Steven,6/27/2026,14:40,17:59,0:48,3:19,
"Elizalde, Alexandra",AE1,Assistant Manager,Culver City,Steven,6/28/2026,11:39,13:24,,1:45,
"Elizalde, Alexandra",AE1,Assistant Manager,Culver City,Steven,6/28/2026,13:35,16:14,0:11,2:49,
"Elizalde, Alexandra",AE1,Assistant Manager,Culver City,Steven,6/28/2026,17:22,18:38,1:08,1:16,
"Elizalde, Alexandra",AE1,Assistant Manager,Culver City,Steven,6/28/2026,18:49,20:03,0:11,1:24,
"Emi, Mehjabeen S",ME,Office,Admin,Office,6/1/2026,10:34,15:32,,4:58,
"Emi, Mehjabeen S",ME,Office,Admin,Office,6/1/2026,16:05,18:34,0:33,2:29,
"Emi, Mehjabeen S",ME,Office,Admin,Office,6/2/2026,10:41,15:29,,4:48,
"Emi, Mehjabeen S",ME,Office,Admin,Office,6/2/2026,16:04,18:52,0:35,2:48,
"Emi, Mehjabeen S",ME,Office,Admin,Office,6/3/2026,10:50,15:19,,4:29,
"Emi, Mehjabeen S",ME,Office,Admin,Office,6/3/2026,15:54,18:52,0:35,2:58,
"Emi, Mehjabeen S",ME,Office,Admin,Office,6/4/2026,10:47,14:47,,4:00,
"Emi, Mehjabeen S",ME,Office,Admin,Office,6/4/2026,15:18,18:51,0:31,3:33,
"Emi, Mehjabeen S",ME,Office,Admin,Office,6/5/2026,10:41,15:29,,4:48,
"Emi, Mehjabeen S",ME,Office,Admin,Office,6/5/2026,15:59,18:50,0:30,2:51,
"Emi, Mehjabeen S",ME,Office,Admin,Office,6/8/2026,10:32,15:04,,4:32,
"Emi, Mehjabeen S",ME,Office,Admin,Office,6/8/2026,15:38,19:03,0:34,3:25,
"Emi, Mehjabeen S",ME,Office,Admin,Office,6/9/2026,10:38,13:38,,3:00,
"Emi, Mehjabeen S",ME,Office,Admin,Office,6/9/2026,14:33,19:06,0:55,4:33,
"Emi, Mehjabeen S",ME,Office,Admin,Office,6/10/2026,10:44,15:13,,4:29,
"Emi, Mehjabeen S",ME,Office,Admin,Office,6/10/2026,15:53,19:01,0:40,3:08,
"Emi, Mehjabeen S",ME,Office,Admin,Office,6/11/2026,10:23,15:04,,4:41,
"Emi, Mehjabeen S",ME,Office,Admin,Office,6/11/2026,15:35,18:52,0:31,3:17,
"Emi, Mehjabeen S",ME,Office,Admin,Office,6/12/2026,10:35,15:23,,4:48,
"Emi, Mehjabeen S",ME,Office,Admin,Office,6/12/2026,15:54,18:40,0:31,2:46,
"Emi, Mehjabeen S",ME,Office,Admin,Office,6/15/2026,10:32,14:10,,3:38,
"Emi, Mehjabeen S",ME,Office,Admin,Office,6/15/2026,14:43,18:46,0:33,4:03,
"Emi, Mehjabeen S",ME,Office,Admin,Office,6/16/2026,10:41,15:27,,4:46,
"Emi, Mehjabeen S",ME,Office,Admin,Office,6/16/2026,15:58,19:06,0:31,3:08,
"Emi, Mehjabeen S",ME,Office,Admin,Office,6/17/2026,10:24,13:19,,2:55,
"Emi, Mehjabeen S",ME,Office,Admin,Office,6/17/2026,14:30,18:57,1:11,4:27,
"Emi, Mehjabeen S",ME,Office,Admin,Office,6/18/2026,10:00,14:14,,4:14,
"Emi, Mehjabeen S",ME,Office,Admin,Office,6/18/2026,14:45,19:03,0:31,4:18,
"Emi, Mehjabeen S",ME,Office,Admin,Office,6/19/2026,9:31,14:21,,4:50,
"Emi, Mehjabeen S",ME,Office,Admin,Office,6/19/2026,14:53,18:02,0:32,3:09,
"Emi, Mehjabeen S",ME,Office,Admin,Office,6/20/2026,10:18,14:50,,4:32,
"Emi, Mehjabeen S",ME,Office,Admin,Office,6/20/2026,15:21,17:45,0:31,2:24,
"Emi, Mehjabeen S",ME,Office,Admin,Office,6/22/2026,10:27,14:56,,4:29,
"Emi, Mehjabeen S",ME,Office,Admin,Office,6/22/2026,15:29,15:32,0:33,0:03,
"Emi, Mehjabeen S",ME,Office,Admin,Office,6/22/2026,16:27,19:17,0:55,2:50,
"Emi, Mehjabeen S",ME,Office,Admin,Office,6/23/2026,10:35,14:19,,3:44,
"Emi, Mehjabeen S",ME,Office,Admin,Office,6/23/2026,14:52,19:04,0:33,4:12,
"Emi, Mehjabeen S",ME,Office,Admin,Office,6/24/2026,10:13,14:49,,4:36,
"Emi, Mehjabeen S",ME,Office,Admin,Office,6/24/2026,15:33,20:11,0:44,4:38,
"Emi, Mehjabeen S",ME,Office,Admin,Office,6/25/2026,10:32,15:03,,4:31,
"Emi, Mehjabeen S",ME,Office,Admin,Office,6/25/2026,16:48,19:28,1:45,2:40,
"Emi, Mehjabeen S",ME,Office,Admin,Office,6/26/2026,10:24,14:58,,4:34,
"Emi, Mehjabeen S",ME,Office,Admin,Office,6/26/2026,15:35,19:05,0:37,3:30,
"Emi, Mehjabeen S",ME,Office,Admin,Office,6/29/2026,10:42,13:36,,2:54,
"Emi, Mehjabeen S",ME,Office,Admin,Office,6/29/2026,14:07,18:44,0:31,4:37,
"Emi, Mehjabeen S",ME,Office,Admin,Office,6/30/2026,10:26,15:25,,4:59,
"Emi, Mehjabeen S",ME,Office,Admin,Office,6/30/2026,15:55,18:57,0:30,3:02,
"Encarnacion, Guardiana Soriano",GE3,Sales Associate,Northridge,Jorge,6/2/2026,11:52,15:06,,3:14,
"Encarnacion, Guardiana Soriano",GE3,Sales Associate,Northridge,Jorge,6/2/2026,16:09,20:35,1:03,4:26,
"Encarnacion, Guardiana Soriano",GE3,Sales Associate,Northridge,Jorge,6/3/2026,10:19,15:16,,4:57,
"Encarnacion, Guardiana Soriano",GE3,Sales Associate,Northridge,Jorge,6/3/2026,16:17,18:52,1:01,2:35,
"Encarnacion, Guardiana Soriano",GE3,Sales Associate,Northridge,Jorge,6/5/2026,10:12,15:02,,4:50,
"Encarnacion, Guardiana Soriano",GE3,Sales Associate,Northridge,Jorge,6/5/2026,16:02,21:20,1:00,5:18,
"Encarnacion, Guardiana Soriano",GE3,Sales Associate,Northridge,Jorge,6/6/2026,13:22,17:44,,4:22,
"Encarnacion, Guardiana Soriano",GE3,Sales Associate,Northridge,Jorge,6/6/2026,18:46,21:17,1:02,2:31,
"Encarnacion, Guardiana Soriano",GE3,Sales Associate,Northridge,Jorge,6/7/2026,10:25,11:34,,1:09,
"Encarnacion, Guardiana Soriano",GE3,Sales Associate,Northridge,Jorge,6/7/2026,11:47,14:52,0:13,3:15,
"Encarnacion, Guardiana Soriano",GE3,Sales Associate,Northridge,Jorge,6/7/2026,15:58,19:30,1:06,3:32,
"Encarnacion, Guardiana Soriano",GE3,Sales Associate,Northridge,Jorge,6/8/2026,10:18,13:30,,3:12,
"Encarnacion, Guardiana Soriano",GE3,Sales Associate,Northridge,Jorge,6/8/2026,13:46,15:04,0:16,1:28,
"Encarnacion, Guardiana Soriano",GE3,Sales Associate,Northridge,Jorge,6/8/2026,16:09,18:50,1:05,2:41,
"Encarnacion, Guardiana Soriano",GE3,Sales Associate,Northridge,Jorge,6/8/2026,19:22,20:03,0:32,0:41,
"Encarnacion, Guardiana Soriano",GE3,Sales Associate,Northridge,Jorge,6/9/2026,10:14,11:35,,1:21,
"Encarnacion, Guardiana Soriano",GE3,Sales Associate,Northridge,Jorge,6/9/2026,11:56,15:02,0:21,3:16,
"Encarnacion, Guardiana Soriano",GE3,Sales Associate,Northridge,Jorge,6/9/2026,16:03,19:08,1:01,3:05,
"Encarnacion, Guardiana Soriano",GE3,Sales Associate,Northridge,Jorge,6/9/2026,19:39,20:15,0:31,0:36,
"Encarnacion, Guardiana Soriano",GE3,Sales Associate,Northridge,Jorge,6/11/2026,10:16,13:09,,2:53,
"Encarnacion, Guardiana Soriano",GE3,Sales Associate,Northridge,Jorge,6/11/2026,13:23,14:16,0:14,1:03,
"Encarnacion, Guardiana Soriano",GE3,Sales Associate,Northridge,Jorge,6/11/2026,15:20,18:32,1:04,3:12,
"Encarnacion, Guardiana Soriano",GE3,Sales Associate,Northridge,Jorge,6/11/2026,19:03,20:06,0:31,1:03,
"Encarnacion, Guardiana Soriano",GE3,Sales Associate,Northridge,Jorge,6/13/2026,12:35,16:33,,3:58,
"Encarnacion, Guardiana Soriano",GE3,Sales Associate,Northridge,Jorge,6/13/2026,17:37,20:22,1:04,2:45,
"Encarnacion, Guardiana Soriano",GE3,Sales Associate,Northridge,Jorge,6/13/2026,20:35,21:11,0:13,0:46,
"Encarnacion, Guardiana Soriano",GE3,Sales Associate,Northridge,Jorge,6/14/2026,10:15,11:36,,1:21,
"Encarnacion, Guardiana Soriano",GE3,Sales Associate,Northridge,Jorge,6/14/2026,11:47,15:14,0:11,3:37,
"Encarnacion, Guardiana Soriano",GE3,Sales Associate,Northridge,Jorge,6/14/2026,16:11,19:01,0:57,2:50,
"Encarnacion, Guardiana Soriano",GE3,Sales Associate,Northridge,Jorge,6/15/2026,11:49,15:07,,3:18,
"Encarnacion, Guardiana Soriano",GE3,Sales Associate,Northridge,Jorge,6/15/2026,15:11,15:15,0:04,0:08,
"Encarnacion, Guardiana Soriano",GE3,Sales Associate,Northridge,Jorge,6/15/2026,15:26,16:06,0:11,0:50,
"Encarnacion, Guardiana Soriano",GE3,Sales Associate,Northridge,Jorge,6/15/2026,17:11,19:18,1:05,2:07,
"Encarnacion, Guardiana Soriano",GE3,Sales Associate,Northridge,Jorge,6/15/2026,19:33,20:05,0:15,0:32,
"Encarnacion, Guardiana Soriano",GE3,Sales Associate,Northridge,Jorge,6/17/2026,11:52,15:28,,3:36,
"Encarnacion, Guardiana Soriano",GE3,Sales Associate,Northridge,Jorge,6/17/2026,16:32,19:20,1:04,2:48,
"Encarnacion, Guardiana Soriano",GE3,Sales Associate,Northridge,Jorge,6/17/2026,19:32,20:06,0:12,0:44,
"Encarnacion, Guardiana Soriano",GE3,Sales Associate,Northridge,Jorge,6/19/2026,10:10,13:02,,2:52,
"Encarnacion, Guardiana Soriano",GE3,Sales Associate,Northridge,Jorge,6/19/2026,13:18,13:35,0:16,0:27,
"Encarnacion, Guardiana Soriano",GE3,Sales Associate,Northridge,Jorge,6/19/2026,14:39,18:27,1:04,3:48,
"Encarnacion, Guardiana Soriano",GE3,Sales Associate,Northridge,Jorge,6/19/2026,18:39,18:46,0:12,0:17,
"Encarnacion, Guardiana Soriano",GE3,Sales Associate,Northridge,Jorge,6/20/2026,11:38,15:34,,3:56,
"Encarnacion, Guardiana Soriano",GE3,Sales Associate,Northridge,Jorge,6/20/2026,16:37,18:46,1:03,2:09,
"Encarnacion, Guardiana Soriano",GE3,Sales Associate,Northridge,Jorge,6/20/2026,18:50,19:00,0:04,0:14,
"Encarnacion, Guardiana Soriano",GE3,Sales Associate,Northridge,Jorge,6/21/2026,10:21,13:42,,3:21,
"Encarnacion, Guardiana Soriano",GE3,Sales Associate,Northridge,Jorge,6/21/2026,14:36,18:09,0:54,3:33,
"Encarnacion, Guardiana Soriano",GE3,Sales Associate,Northridge,Jorge,6/21/2026,18:24,19:02,0:15,0:48,
"Encarnacion, Guardiana Soriano",GE3,Sales Associate,Northridge,Jorge,6/24/2026,12:35,15:46,,3:11,
"Encarnacion, Guardiana Soriano",GE3,Sales Associate,Northridge,Jorge,6/24/2026,16:49,19:20,1:03,2:31,
"Encarnacion, Guardiana Soriano",GE3,Sales Associate,Northridge,Jorge,6/24/2026,19:32,20:15,0:12,0:53,
"Encarnacion, Guardiana Soriano",GE3,Sales Associate,Northridge,Jorge,6/25/2026,10:20,11:52,,1:32,
"Encarnacion, Guardiana Soriano",GE3,Sales Associate,Northridge,Jorge,6/25/2026,12:06,14:13,0:14,2:17,
"Encarnacion, Guardiana Soriano",GE3,Sales Associate,Northridge,Jorge,6/25/2026,15:19,18:41,1:06,3:22,
"Encarnacion, Guardiana Soriano",GE3,Sales Associate,Northridge,Jorge,6/25/2026,19:15,20:14,0:34,0:59,
"Encarnacion, Guardiana Soriano",GE3,Sales Associate,Northridge,Jorge,6/27/2026,11:03,14:29,,3:26,
"Encarnacion, Guardiana Soriano",GE3,Sales Associate,Northridge,Jorge,6/27/2026,14:44,15:20,0:15,0:46,
"Encarnacion, Guardiana Soriano",GE3,Sales Associate,Northridge,Jorge,6/27/2026,16:46,19:04,1:26,2:18,
"Encarnacion, Guardiana Soriano",GE3,Sales Associate,Northridge,Jorge,6/28/2026,10:20,11:36,,1:16,
"Encarnacion, Guardiana Soriano",GE3,Sales Associate,Northridge,Jorge,6/28/2026,11:48,13:25,0:12,1:47,
"Encarnacion, Guardiana Soriano",GE3,Sales Associate,Northridge,Jorge,6/28/2026,14:30,17:53,1:05,3:23,
"Encarnacion, Guardiana Soriano",GE3,Sales Associate,Northridge,Jorge,6/28/2026,18:06,19:16,0:13,1:20,
"Esmail, Sarah A",SE,Office,Admin,Office,6/1/2026,9:39,14:38,,4:59,
"Esmail, Sarah A",SE,Office,Admin,Office,6/1/2026,15:19,19:08,0:41,3:49,
"Esmail, Sarah A",SE,Office,Admin,Office,6/2/2026,9:39,13:09,,3:30,
"Esmail, Sarah A",SE,Office,Admin,Office,6/2/2026,13:39,20:04,0:30,6:25,
"Esmail, Sarah A",SE,Office,Admin,Office,6/3/2026,9:51,14:01,,4:10,
"Esmail, Sarah A",SE,Office,Admin,Office,6/3/2026,14:31,20:09,0:30,5:38,
"Esmail, Sarah A",SE,Office,Admin,Office,6/4/2026,9:32,13:19,,3:47,
"Esmail, Sarah A",SE,Office,Admin,Office,6/4/2026,13:51,20:02,0:32,6:11,
"Esmail, Sarah A",SE,Office,Admin,Office,6/5/2026,9:39,14:31,,4:52,
"Esmail, Sarah A",SE,Office,Admin,Office,6/5/2026,15:01,19:57,0:30,4:56,
"Esmail, Sarah A",SE,Office,Admin,Office,6/6/2026,11:05,15:36,,4:31,
"Esmail, Sarah A",SE,Office,Admin,Office,6/6/2026,16:07,19:59,0:31,3:52,
"Esmail, Sarah A",SE,Office,Admin,Office,6/8/2026,9:34,14:05,,4:31,
"Esmail, Sarah A",SE,Office,Admin,Office,6/8/2026,14:35,20:02,0:30,5:27,
"Esmail, Sarah A",SE,Office,Admin,Office,6/9/2026,9:33,14:26,,4:53,
"Esmail, Sarah A",SE,Office,Admin,Office,6/9/2026,14:56,20:14,0:30,5:18,
"Esmail, Sarah A",SE,Office,Admin,Office,6/10/2026,9:53,13:33,,3:40,
"Esmail, Sarah A",SE,Office,Admin,Office,6/10/2026,14:03,20:05,0:30,6:02,
"Esmail, Sarah A",SE,Office,Admin,Office,6/11/2026,9:39,14:36,,4:57,
"Esmail, Sarah A",SE,Office,Admin,Office,6/11/2026,15:07,20:06,0:31,4:59,
"Esmail, Sarah A",SE,Office,Admin,Office,6/12/2026,10:03,13:19,,3:16,
"Esmail, Sarah A",SE,Office,Admin,Office,6/12/2026,13:52,19:56,0:33,6:04,
"Esmail, Sarah A",SE,Office,Admin,Office,6/13/2026,11:05,16:01,,4:56,
"Esmail, Sarah A",SE,Office,Admin,Office,6/13/2026,16:32,19:51,0:31,3:19,
"Esmail, Sarah A",SE,Office,Admin,Office,6/15/2026,9:40,13:46,,4:06,
"Esmail, Sarah A",SE,Office,Admin,Office,6/15/2026,14:17,19:34,0:31,5:17,
"Esmail, Sarah A",SE,Office,Admin,Office,6/16/2026,9:39,14:18,,4:39,
"Esmail, Sarah A",SE,Office,Admin,Office,6/16/2026,14:48,20:03,0:30,5:15,
"Esmail, Sarah A",SE,Office,Admin,Office,6/17/2026,9:37,14:35,,4:58,
"Esmail, Sarah A",SE,Office,Admin,Office,6/17/2026,15:06,20:09,0:31,5:03,
"Esmail, Sarah A",SE,Office,Admin,Office,6/18/2026,9:53,14:33,,4:40,
"Esmail, Sarah A",SE,Office,Admin,Office,6/18/2026,15:03,20:05,0:30,5:02,
"Esmail, Sarah A",SE,Office,Admin,Office,6/19/2026,9:54,14:45,,4:51,
"Esmail, Sarah A",SE,Office,Admin,Office,6/19/2026,15:15,19:38,0:30,4:23,
"Esmail, Sarah A",SE,Office,Admin,Office,6/20/2026,11:38,15:21,,3:43,
"Esmail, Sarah A",SE,Office,Admin,Office,6/22/2026,9:39,14:38,,4:59,
"Esmail, Sarah A",SE,Office,Admin,Office,6/22/2026,15:08,20:08,0:30,5:00,
"Esmail, Sarah A",SE,Office,Admin,Office,6/23/2026,9:45,14:44,,4:59,
"Esmail, Sarah A",SE,Office,Admin,Office,6/23/2026,15:15,20:10,0:31,4:55,
"Esmail, Sarah A",SE,Office,Admin,Office,6/24/2026,9:48,14:26,,4:38,
"Esmail, Sarah A",SE,Office,Admin,Office,6/24/2026,14:58,20:09,0:32,5:11,
"Esmail, Sarah A",SE,Office,Admin,Office,6/25/2026,9:40,14:38,,4:58,
"Esmail, Sarah A",SE,Office,Admin,Office,6/25/2026,15:08,19:30,0:30,4:22,
"Esmail, Sarah A",SE,Office,Admin,Office,6/26/2026,9:40,14:39,,4:59,
"Esmail, Sarah A",SE,Office,Admin,Office,6/26/2026,15:09,19:07,0:30,3:58,
"Esmail, Sarah A",SE,Office,Admin,Office,6/29/2026,9:34,13:01,,3:27,
"Esmail, Sarah A",SE,Office,Admin,Office,6/29/2026,13:32,19:29,0:31,5:57,
"Esmail, Sarah A",SE,Office,Admin,Office,6/30/2026,9:34,14:14,,4:40,
"Esmail, Sarah A",SE,Office,Admin,Office,6/30/2026,14:44,19:45,0:30,5:01,
"Evangelista, Karla M",KE,Office,Admin,Office,6/1/2026,11:11,14:38,,3:27,
"Evangelista, Karla M",KE,Office,Admin,Office,6/1/2026,15:19,20:01,0:41,4:42,
"Evangelista, Karla M",KE,Office,Admin,Office,6/2/2026,11:44,16:42,,4:58,
"Evangelista, Karla M",KE,Office,Admin,Office,6/2/2026,17:29,20:07,0:47,2:38,
"Evangelista, Karla M",KE,Office,Admin,Office,6/3/2026,13:41,15:21,,1:40,
"Evangelista, Karla M",KE,Office,Admin,Office,6/3/2026,16:05,20:12,0:44,4:07,
"Evangelista, Karla M",KE,Office,Admin,Office,6/4/2026,12:08,14:43,,2:35,
"Evangelista, Karla M",KE,Office,Admin,Office,6/4/2026,15:15,18:18,0:32,3:03,
"Evangelista, Karla M",KE,Office,Admin,Office,6/5/2026,11:19,15:02,,3:43,
"Evangelista, Karla M",KE,Office,Admin,Office,6/6/2026,11:00,13:54,,2:54,
"Evangelista, Karla M",KE,Office,Admin,Office,6/6/2026,14:27,19:35,0:33,5:08,
"Evangelista, Karla M",KE,Office,Admin,Office,6/8/2026,11:29,13:09,,1:40,
"Evangelista, Karla M",KE,Office,Admin,Office,6/8/2026,13:41,20:02,0:32,6:21,
"Evangelista, Karla M",KE,Office,Admin,Office,6/9/2026,10:53,11:10,,0:17,
"Evangelista, Karla M",KE,Office,Admin,Office,6/9/2026,11:24,13:43,0:14,2:29,
"Evangelista, Karla M",KE,Office,Admin,Office,6/9/2026,15:01,20:07,1:18,5:06,
"Evangelista, Karla M",KE,Office,Admin,Office,6/10/2026,11:37,16:14,,4:37,
"Evangelista, Karla M",KE,Office,Admin,Office,6/10/2026,17:04,20:04,0:50,3:00,
"Evangelista, Karla M",KE,Office,Admin,Office,6/11/2026,11:10,14:23,,3:13,
"Evangelista, Karla M",KE,Office,Admin,Office,6/11/2026,15:59,20:04,1:36,4:05,
"Evangelista, Karla M",KE,Office,Admin,Office,6/12/2026,11:31,15:40,,4:09,
"Evangelista, Karla M",KE,Office,Admin,Office,6/12/2026,16:13,19:38,0:33,3:25,
"Evangelista, Karla M",KE,Office,Admin,Office,6/13/2026,11:25,16:01,,4:36,
"Evangelista, Karla M",KE,Office,Admin,Office,6/13/2026,16:32,19:47,0:31,3:15,
"Evangelista, Karla M",KE,Office,Admin,Office,6/15/2026,12:40,16:53,,4:13,
"Evangelista, Karla M",KE,Office,Admin,Office,6/15/2026,17:34,19:52,0:41,2:18,
"Evangelista, Karla M",KE,Office,Admin,Office,6/16/2026,11:31,16:25,,4:54,
"Evangelista, Karla M",KE,Office,Admin,Office,6/16/2026,17:09,20:02,0:44,2:53,
"Evangelista, Karla M",KE,Office,Admin,Office,6/17/2026,11:59,16:34,,4:35,
"Evangelista, Karla M",KE,Office,Admin,Office,6/17/2026,17:04,20:14,0:30,3:10,
"Evangelista, Karla M",KE,Office,Admin,Office,6/18/2026,11:01,12:47,,1:46,
"Evangelista, Karla M",KE,Office,Admin,Office,6/18/2026,13:17,19:47,0:30,6:30,
"Evangelista, Karla M",KE,Office,Admin,Office,6/19/2026,11:02,14:10,,3:08,
"Evangelista, Karla M",KE,Office,Admin,Office,6/19/2026,15:02,19:39,0:52,4:37,
"Evangelista, Karla M",KE,Office,Admin,Office,6/20/2026,11:06,13:04,,1:58,
"Evangelista, Karla M",KE,Office,Admin,Office,6/20/2026,13:34,18:53,0:30,5:19,
"Evangelista, Karla M",KE,Office,Admin,Office,6/22/2026,10:36,11:19,,0:43,
"Evangelista, Karla M",KE,Office,Admin,Office,6/22/2026,12:11,20:05,0:52,7:54,
"Evangelista, Karla M",KE,Office,Admin,Office,6/23/2026,11:09,16:08,,4:59,
"Evangelista, Karla M",KE,Office,Admin,Office,6/23/2026,16:38,20:11,0:30,3:33,
"Evangelista, Karla M",KE,Office,Admin,Office,6/24/2026,11:02,15:19,,4:17,
"Evangelista, Karla M",KE,Office,Admin,Office,6/24/2026,15:49,20:07,0:30,4:18,
"Evangelista, Karla M",KE,Office,Admin,Office,6/25/2026,8:25,13:00,,4:35,
"Evangelista, Karla M",KE,Office,Admin,Office,6/25/2026,14:00,0:00,1:00,10:00,
"Evangelista, Karla M",KE,Office,Admin,Office,6/26/2026,0:01,14:00,0:01,14:00,
"Evangelista, Karla M",KE,Office,Admin,Office,6/26/2026,15:00,21:40,1:00,6:40,
"Evangelista, Karla M",KE,Office,Admin,Office,6/27/2026,10:30,15:29,,4:59,
"Evangelista, Karla M",KE,Office,Admin,Office,6/27/2026,15:59,22:30,0:30,6:31,
"Evangelista, Karla M",KE,Office,Admin,Office,6/28/2026,11:05,15:45,,4:40,
"Evangelista, Karla M",KE,Office,Admin,Office,6/28/2026,16:30,22:30,0:45,6:00,
"Evangelista, Karla M",KE,Office,Admin,Office,6/29/2026,15:30,18:40,,3:10,
"Evangelista, Karla M",KE,Office,Admin,Office,6/29/2026,19:10,22:30,0:30,3:20,
"Evangelista, Karla M",KE,Office,Admin,Office,6/30/2026,12:05,15:15,,3:10,
"Evangelista, Karla M",KE,Office,Admin,Office,6/30/2026,15:45,20:30,0:30,4:45,
"Faustino, Maria C",MF,Assistant Manager,Serramonte,Maria,6/1/2026,9:30,14:24,,4:54,
"Faustino, Maria C",MF,Assistant Manager,Serramonte,Maria,6/3/2026,9:31,14:27,,4:56,
"Faustino, Maria C",MF,Assistant Manager,Serramonte,Maria,6/8/2026,9:34,14:11,,4:37,
"Faustino, Maria C",MF,Assistant Manager,Serramonte,Maria,6/10/2026,9:31,13:37,,4:06,
"Faustino, Maria C",MF,Assistant Manager,Serramonte,Maria,6/10/2026,13:47,14:07,0:10,0:30,
"Faustino, Maria C",MF,Assistant Manager,Serramonte,Maria,6/18/2026,9:29,14:25,,4:56,
"Faustino, Maria C",MF,Assistant Manager,Serramonte,Maria,6/18/2026,14:55,19:31,0:30,4:36,
"Faustino, Maria C",MF,Assistant Manager,Serramonte,Maria,6/18/2026,20:01,21:46,0:30,1:45,
"Faustino, Maria C",MF,Assistant Manager,Serramonte,Maria,6/19/2026,9:32,14:23,,4:51,
"Faustino, Maria C",MF,Assistant Manager,Serramonte,Maria,6/19/2026,14:53,19:08,0:30,4:15,
"Faustino, Maria C",MF,Assistant Manager,Serramonte,Maria,6/19/2026,19:38,21:31,0:30,1:53,
"Faustino, Maria C",MF,Assistant Manager,Serramonte,Maria,6/20/2026,9:31,14:30,,4:59,
"Faustino, Maria C",MF,Assistant Manager,Serramonte,Maria,6/20/2026,15:00,17:56,0:30,2:56,
"Faustino, Maria C",MF,Assistant Manager,Serramonte,Maria,6/20/2026,18:27,19:41,0:31,1:14,
"Faustino, Maria C",MF,Assistant Manager,Serramonte,Maria,6/22/2026,9:30,14:25,,4:55,
"Faustino, Maria C",MF,Assistant Manager,Serramonte,Maria,6/22/2026,15:06,18:59,0:41,3:53,
"Faustino, Maria C",MF,Assistant Manager,Serramonte,Maria,6/22/2026,19:29,21:48,0:30,2:19,
"Faustino, Maria C",MF,Assistant Manager,Serramonte,Maria,6/23/2026,9:32,14:30,,4:58,
"Faustino, Maria C",MF,Assistant Manager,Serramonte,Maria,6/23/2026,15:00,19:34,0:30,4:34,
"Faustino, Maria C",MF,Assistant Manager,Serramonte,Maria,6/23/2026,20:04,21:37,0:30,1:33,
"Faustino, Maria C",MF,Assistant Manager,Serramonte,Maria,6/24/2026,9:35,14:25,,4:50,
"Faustino, Maria C",MF,Assistant Manager,Serramonte,Maria,6/24/2026,14:55,19:28,0:30,4:33,
"Faustino, Maria C",MF,Assistant Manager,Serramonte,Maria,6/24/2026,19:58,21:16,0:30,1:18,
"Faustino, Maria C",MF,Assistant Manager,Serramonte,Maria,6/26/2026,9:33,14:18,,4:45,
"Faustino, Maria C",MF,Assistant Manager,Serramonte,Maria,6/26/2026,14:48,19:30,0:30,4:42,
"Faustino, Maria C",MF,Assistant Manager,Serramonte,Maria,6/26/2026,20:01,21:15,0:31,1:14,
"Faustino, Maria C",MF,Assistant Manager,Serramonte,Maria,6/29/2026,9:33,14:14,,4:41,
"Faustino, Maria C",MF,Assistant Manager,Serramonte,Maria,6/29/2026,14:44,19:25,0:30,4:41,
"Faustino, Maria C",MF,Assistant Manager,Serramonte,Maria,6/29/2026,19:55,21:18,0:30,1:23,
"Faustino, Maria C",MF,Assistant Manager,Serramonte,Maria,6/30/2026,9:37,14:24,,4:47,
"Faustino, Maria C",MF,Assistant Manager,Serramonte,Maria,6/30/2026,14:55,19:23,0:31,4:28,
"Faustino, Maria C",MF,Assistant Manager,Serramonte,Maria,6/30/2026,19:53,21:41,0:30,1:48,
"Fernandez, Emelita",EF,Sales Associate,Great Mall,Estie,6/1/2026,9:16,14:06,,4:50,
"Fernandez, Emelita",EF,Sales Associate,Great Mall,Estie,6/1/2026,15:04,18:13,0:58,3:09,
"Fernandez, Emelita",EF,Sales Associate,Great Mall,Estie,6/2/2026,9:12,12:39,,3:27,
"Fernandez, Emelita",EF,Sales Associate,Great Mall,Estie,6/2/2026,13:38,18:05,0:59,4:27,
"Fernandez, Emelita",EF,Sales Associate,Great Mall,Estie,6/3/2026,9:15,14:10,,4:55,
"Fernandez, Emelita",EF,Sales Associate,Great Mall,Estie,6/3/2026,15:09,20:11,0:59,5:02,
"Fernandez, Emelita",EF,Sales Associate,Great Mall,Estie,6/6/2026,10:28,15:07,,4:39,
"Fernandez, Emelita",EF,Sales Associate,Great Mall,Estie,6/6/2026,16:07,20:06,1:00,3:59,
"Fernandez, Emelita",EF,Sales Associate,Great Mall,Estie,6/7/2026,9:14,13:55,,4:41,
"Fernandez, Emelita",EF,Sales Associate,Great Mall,Estie,6/7/2026,14:52,18:06,0:57,3:14,
"Fernandez, Emelita",EF,Sales Associate,Great Mall,Estie,6/8/2026,9:15,14:01,,4:46,
"Fernandez, Emelita",EF,Sales Associate,Great Mall,Estie,6/8/2026,15:00,18:14,0:59,3:14,
"Fernandez, Emelita",EF,Sales Associate,Great Mall,Estie,6/9/2026,9:20,13:14,,3:54,
"Fernandez, Emelita",EF,Sales Associate,Great Mall,Estie,6/9/2026,14:09,18:16,0:55,4:07,
"Fernandez, Emelita",EF,Sales Associate,Great Mall,Estie,6/11/2026,9:12,13:00,,3:48,
"Fernandez, Emelita",EF,Sales Associate,Great Mall,Estie,6/11/2026,13:56,17:15,0:56,3:19,
"Fernandez, Emelita",EF,Sales Associate,Great Mall,Estie,6/13/2026,10:29,14:15,,3:46,
"Fernandez, Emelita",EF,Sales Associate,Great Mall,Estie,6/13/2026,15:13,20:02,0:58,4:49,
"Fernandez, Emelita",EF,Sales Associate,Great Mall,Estie,6/14/2026,10:23,14:38,,4:15,
"Fernandez, Emelita",EF,Sales Associate,Great Mall,Estie,6/14/2026,15:36,19:04,0:58,3:28,
"Fernandez, Emelita",EF,Sales Associate,Great Mall,Estie,6/15/2026,9:20,13:42,,4:22,
"Fernandez, Emelita",EF,Sales Associate,Great Mall,Estie,6/15/2026,14:40,20:17,0:58,5:37,
"Fernandez, Emelita",EF,Sales Associate,Great Mall,Estie,6/16/2026,9:20,14:13,,4:53,
"Fernandez, Emelita",EF,Sales Associate,Great Mall,Estie,6/16/2026,15:09,18:11,0:56,3:02,
"Fernandez, Emelita",EF,Sales Associate,Great Mall,Estie,6/18/2026,9:12,13:24,,4:12,
"Fernandez, Emelita",EF,Sales Associate,Great Mall,Estie,6/18/2026,14:21,18:09,0:57,3:48,
"Fernandez, Emelita",EF,Sales Associate,Great Mall,Estie,6/20/2026,10:29,14:35,,4:06,
"Fernandez, Emelita",EF,Sales Associate,Great Mall,Estie,6/20/2026,15:21,19:56,0:46,4:35,
"Fernandez, Emelita",EF,Sales Associate,Great Mall,Estie,6/21/2026,9:21,13:03,,3:42,
"Fernandez, Emelita",EF,Sales Associate,Great Mall,Estie,6/21/2026,14:00,18:11,0:57,4:11,
"Fernandez, Emelita",EF,Sales Associate,Great Mall,Estie,6/22/2026,9:20,14:06,,4:46,
"Fernandez, Emelita",EF,Sales Associate,Great Mall,Estie,6/22/2026,15:01,18:08,0:55,3:07,
"Fernandez, Emelita",EF,Sales Associate,Great Mall,Estie,6/23/2026,9:22,13:31,,4:09,
"Fernandez, Emelita",EF,Sales Associate,Great Mall,Estie,6/23/2026,14:29,18:19,0:58,3:50,
"Fernandez, Emelita",EF,Sales Associate,Great Mall,Estie,6/25/2026,9:11,13:08,,3:57,
"Fernandez, Emelita",EF,Sales Associate,Great Mall,Estie,6/25/2026,14:06,18:09,0:58,4:03,
"Fernandez, Emelita",EF,Sales Associate,Great Mall,Estie,6/27/2026,10:27,14:43,,4:16,
"Fernandez, Emelita",EF,Sales Associate,Great Mall,Estie,6/27/2026,15:43,20:01,1:00,4:18,
"Fernandez, Emelita",EF,Sales Associate,Great Mall,Estie,6/28/2026,9:20,14:03,,4:43,
"Fernandez, Emelita",EF,Sales Associate,Great Mall,Estie,6/28/2026,14:51,18:11,0:48,3:20,
"Fernandez, Emelita",EF,Sales Associate,Great Mall,Estie,6/29/2026,9:15,14:06,,4:51,
"Fernandez, Emelita",EF,Sales Associate,Great Mall,Estie,6/29/2026,15:05,18:10,0:59,3:05,
"Fernandez, Emelita",EF,Sales Associate,Great Mall,Estie,6/30/2026,9:20,14:10,,4:50,
"Fernandez, Emelita",EF,Sales Associate,Great Mall,Estie,6/30/2026,15:07,18:05,0:57,2:58,
"Flores, Alexa Maria",AF2,Sales Associate,Inland,Issa,6/1/2026,8:55,13:02,,4:07,
"Flores, Alexa Maria",AF2,Sales Associate,Inland,Issa,6/1/2026,14:02,18:05,1:00,4:03,
"Flores, Alexa Maria",AF2,Sales Associate,Inland,Issa,6/3/2026,8:53,13:05,,4:12,
"Flores, Alexa Maria",AF2,Sales Associate,Inland,Issa,6/3/2026,13:40,18:15,0:35,4:35,
"Flores, Alexa Maria",AF2,Sales Associate,Inland,Issa,6/4/2026,9:05,13:46,,4:41,
"Flores, Alexa Maria",AF2,Sales Associate,Inland,Issa,6/4/2026,14:29,17:55,0:43,3:26,
"Flores, Alexa Maria",AF2,Sales Associate,Inland,Issa,6/6/2026,8:55,13:03,,4:08,
"Flores, Alexa Maria",AF2,Sales Associate,Inland,Issa,6/6/2026,14:04,18:19,1:01,4:15,
"Flores, Alexa Maria",AF2,Sales Associate,Inland,Issa,6/7/2026,10:21,13:54,,3:33,
"Flores, Alexa Maria",AF2,Sales Associate,Inland,Issa,6/7/2026,14:50,19:26,0:56,4:36,
"Flores, Alexa Maria",AF2,Sales Associate,Inland,Issa,6/8/2026,9:03,13:58,,4:55,
"Flores, Alexa Maria",AF2,Sales Associate,Inland,Issa,6/8/2026,14:47,17:54,0:49,3:07,
"Flores, Alexa Maria",AF2,Sales Associate,Inland,Issa,6/10/2026,8:46,13:04,,4:18,
"Flores, Alexa Maria",AF2,Sales Associate,Inland,Issa,6/10/2026,13:50,18:20,0:46,4:30,
"Flores, Alexa Maria",AF2,Sales Associate,Inland,Issa,6/11/2026,9:00,13:53,,4:53,
"Flores, Alexa Maria",AF2,Sales Associate,Inland,Issa,6/11/2026,14:44,17:51,0:51,3:07,
"Flores, Alexa Maria",AF2,Sales Associate,Inland,Issa,6/13/2026,11:43,16:24,,4:41,
"Flores, Alexa Maria",AF2,Sales Associate,Inland,Issa,6/13/2026,17:00,20:42,0:36,3:42,
"Flores, Alexa Maria",AF2,Sales Associate,Inland,Issa,6/14/2026,10:16,13:01,,2:45,
"Flores, Alexa Maria",AF2,Sales Associate,Inland,Issa,6/14/2026,13:43,19:28,0:42,5:45,
"Flores, Alexa Maria",AF2,Sales Associate,Inland,Issa,6/16/2026,8:59,13:29,,4:30,
"Flores, Alexa Maria",AF2,Sales Associate,Inland,Issa,6/16/2026,14:13,18:32,0:44,4:19,
"Flores, Alexa Maria",AF2,Sales Associate,Inland,Issa,6/17/2026,9:06,13:08,,4:02,
"Flores, Alexa Maria",AF2,Sales Associate,Inland,Issa,6/17/2026,13:58,17:56,0:50,3:58,
"Flores, Alexa Maria",AF2,Sales Associate,Inland,Issa,6/19/2026,11:40,15:58,,4:18,
"Flores, Alexa Maria",AF2,Sales Associate,Inland,Issa,6/19/2026,16:47,20:24,0:49,3:37,
"Flores, Alexa Maria",AF2,Sales Associate,Inland,Issa,6/20/2026,9:08,13:45,,4:37,
"Flores, Alexa Maria",AF2,Sales Associate,Inland,Issa,6/20/2026,14:29,19:18,0:44,4:49,
"Flores, Alexa Maria",AF2,Sales Associate,Inland,Issa,6/21/2026,10:15,13:23,,3:08,
"Flores, Alexa Maria",AF2,Sales Associate,Inland,Issa,6/21/2026,14:15,19:17,0:52,5:02,
"Flores, Alexa Maria",AF2,Sales Associate,Inland,Issa,6/22/2026,9:00,13:56,,4:56,
"Flores, Alexa Maria",AF2,Sales Associate,Inland,Issa,6/22/2026,14:45,17:55,0:49,3:10,
"Flores, Alexa Maria",AF2,Sales Associate,Inland,Issa,6/24/2026,9:03,13:47,,4:44,
"Flores, Alexa Maria",AF2,Sales Associate,Inland,Issa,6/24/2026,14:37,17:48,0:50,3:11,
"Flores, Alexa Maria",AF2,Sales Associate,Inland,Issa,6/27/2026,9:00,13:02,,4:02,
"Flores, Alexa Maria",AF2,Sales Associate,Inland,Issa,6/27/2026,13:48,18:00,0:46,4:12,
"Flores, Alexa Maria",AF2,Sales Associate,Inland,Issa,6/28/2026,10:22,13:14,,2:52,
"Flores, Alexa Maria",AF2,Sales Associate,Inland,Issa,6/28/2026,14:12,19:07,0:58,4:55,
"Flores, Alexa Maria",AF2,Sales Associate,Inland,Issa,6/29/2026,9:03,13:53,,4:50,
"Flores, Alexa Maria",AF2,Sales Associate,Inland,Issa,6/29/2026,14:55,17:57,1:02,3:02,
"Flores, Cristina",CF2,Sales Associate,Stockton,Joyce,6/1/2026,10:14,14:30,,4:16,
"Flores, Cristina",CF2,Sales Associate,Stockton,Joyce,6/1/2026,15:32,19:19,1:02,3:47,
"Flores, Cristina",CF2,Sales Associate,Stockton,Joyce,6/5/2026,9:18,14:16,,4:58,
"Flores, Cristina",CF2,Sales Associate,Stockton,Joyce,6/5/2026,15:15,18:20,0:59,3:05,
"Flores, Cristina",CF2,Sales Associate,Stockton,Joyce,6/6/2026,11:31,15:04,,3:33,
"Flores, Cristina",CF2,Sales Associate,Stockton,Joyce,6/6/2026,16:04,20:23,1:00,4:19,
"Flores, Cristina",CF2,Sales Associate,Stockton,Joyce,6/7/2026,10:29,15:06,,4:37,
"Flores, Cristina",CF2,Sales Associate,Stockton,Joyce,6/7/2026,16:07,19:10,1:01,3:03,
"Flores, Cristina",CF2,Sales Associate,Stockton,Joyce,6/8/2026,10:15,14:38,,4:23,
"Flores, Cristina",CF2,Sales Associate,Stockton,Joyce,6/8/2026,15:36,19:15,0:58,3:39,
"Flores, Cristina",CF2,Sales Associate,Stockton,Joyce,6/10/2026,11:46,15:55,,4:09,
"Flores, Cristina",CF2,Sales Associate,Stockton,Joyce,6/10/2026,16:59,20:13,1:04,3:14,
"Flores, Cristina",CF2,Sales Associate,Stockton,Joyce,6/11/2026,10:18,14:22,,4:04,
"Flores, Cristina",CF2,Sales Associate,Stockton,Joyce,6/11/2026,15:22,19:41,1:00,4:19,
"Flores, Cristina",CF2,Sales Associate,Stockton,Joyce,6/13/2026,9:17,14:09,,4:52,
"Flores, Cristina",CF2,Sales Associate,Stockton,Joyce,6/13/2026,15:07,17:04,0:58,1:57,
"Flores, Cristina",CF2,Sales Associate,Stockton,Joyce,6/14/2026,10:31,15:27,,4:56,
"Flores, Cristina",CF2,Sales Associate,Stockton,Joyce,6/14/2026,16:27,19:31,1:00,3:04,
"Flores, Cristina",CF2,Sales Associate,Stockton,Joyce,6/16/2026,10:23,14:17,,3:54,
"Flores, Cristina",CF2,Sales Associate,Stockton,Joyce,6/16/2026,15:20,19:19,1:03,3:59,
"Flores, Cristina",CF2,Sales Associate,Stockton,Joyce,6/19/2026,11:33,14:34,,3:01,
"Flores, Cristina",CF2,Sales Associate,Stockton,Joyce,6/19/2026,15:37,20:43,1:03,5:06,
"Flores, Cristina",CF2,Sales Associate,Stockton,Joyce,6/20/2026,9:15,13:12,,3:57,
"Flores, Cristina",CF2,Sales Associate,Stockton,Joyce,6/20/2026,14:13,18:15,1:01,4:02,
"Flores, Cristina",CF2,Sales Associate,Stockton,Joyce,6/21/2026,10:30,14:28,,3:58,
"Flores, Cristina",CF2,Sales Associate,Stockton,Joyce,6/21/2026,15:29,19:09,1:01,3:40,
"Flores, Cristina",CF2,Sales Associate,Stockton,Joyce,6/23/2026,14:21,16:56,,2:35,
"Flores, Cristina",CF2,Sales Associate,Stockton,Joyce,6/23/2026,17:58,20:36,1:02,2:38,
"Flores, Cristina",CF2,Sales Associate,Stockton,Joyce,6/24/2026,10:18,13:38,,3:20,
"Flores, Cristina",CF2,Sales Associate,Stockton,Joyce,6/24/2026,14:37,19:15,0:59,4:38,
"Flores, Cristina",CF2,Sales Associate,Stockton,Joyce,6/26/2026,11:33,14:39,,3:06,
"Flores, Cristina",CF2,Sales Associate,Stockton,Joyce,6/26/2026,15:46,20:17,1:07,4:31,
"Flores, Cristina",CF2,Sales Associate,Stockton,Joyce,6/27/2026,9:17,13:04,,3:47,
"Flores, Cristina",CF2,Sales Associate,Stockton,Joyce,6/27/2026,14:04,15:30,1:00,1:26,
"Flores, Cristina",CF2,Sales Associate,Stockton,Joyce,6/28/2026,10:36,14:23,,3:47,
"Flores, Cristina",CF2,Sales Associate,Stockton,Joyce,6/28/2026,15:24,19:14,1:01,3:50,
"Flores, Cristina",CF2,Sales Associate,Stockton,Joyce,6/30/2026,10:22,15:07,,4:45,
"Flores, Cristina",CF2,Sales Associate,Stockton,Joyce,6/30/2026,16:05,19:14,0:58,3:09,
"Flores, Jorge A",JF,Sales Associate,Modesto,Maria,6/2/2026,9:11,13:40,,4:29,
"Flores, Jorge A",JF,Sales Associate,Modesto,Maria,6/2/2026,14:14,18:02,0:34,3:48,
"Flores, Jorge A",JF,Sales Associate,Modesto,Maria,6/3/2026,11:01,15:57,,4:56,
"Flores, Jorge A",JF,Sales Associate,Modesto,Maria,6/3/2026,16:43,21:14,0:46,4:31,
"Flores, Jorge A",JF,Sales Associate,Modesto,Maria,6/4/2026,10:58,15:41,,4:43,
"Flores, Jorge A",JF,Sales Associate,Modesto,Maria,6/4/2026,16:25,21:20,0:44,4:55,
"Flores, Jorge A",JF,Sales Associate,Modesto,Maria,6/5/2026,9:03,13:52,,4:49,
"Flores, Jorge A",JF,Sales Associate,Modesto,Maria,6/5/2026,14:30,17:08,0:38,2:38,
"Flores, Jorge A",JF,Sales Associate,Modesto,Maria,6/6/2026,9:03,13:45,,4:42,
"Flores, Jorge A",JF,Sales Associate,Modesto,Maria,6/6/2026,14:45,17:58,1:00,3:13,
"Flores, Jorge A",JF,Sales Associate,Modesto,Maria,6/10/2026,11:15,19:15,,8:00,
"Flores, Jorge A",JF,Sales Associate,Modesto,Maria,6/11/2026,10:59,15:41,,4:42,
"Flores, Jorge A",JF,Sales Associate,Modesto,Maria,6/11/2026,16:35,21:34,0:54,4:59,
"Flores, Jorge A",JF,Sales Associate,Modesto,Maria,6/12/2026,12:13,16:31,,4:18,
"Flores, Jorge A",JF,Sales Associate,Modesto,Maria,6/12/2026,17:25,21:16,0:54,3:51,
"Flores, Jorge A",JF,Sales Associate,Modesto,Maria,6/13/2026,12:00,16:37,,4:37,
"Flores, Jorge A",JF,Sales Associate,Modesto,Maria,6/13/2026,17:20,21:37,0:43,4:17,
"Flores, Jorge A",JF,Sales Associate,Modesto,Maria,6/14/2026,10:31,14:43,,4:12,
"Flores, Jorge A",JF,Sales Associate,Modesto,Maria,6/14/2026,15:14,17:49,0:31,2:35,
"Flores, Jorge A",JF,Sales Associate,Modesto,Maria,6/19/2026,9:10,13:58,,4:48,
"Flores, Jorge A",JF,Sales Associate,Modesto,Maria,6/19/2026,14:53,17:25,0:55,2:32,
"Flores, Jorge A",JF,Sales Associate,Modesto,Maria,6/20/2026,9:02,13:54,,4:52,
"Flores, Jorge A",JF,Sales Associate,Modesto,Maria,6/20/2026,14:52,18:02,0:58,3:10,
"Flores, Jorge A",JF,Sales Associate,Modesto,Maria,6/21/2026,10:32,14:47,,4:15,
"Flores, Jorge A",JF,Sales Associate,Modesto,Maria,6/21/2026,15:19,17:33,0:32,2:14,
"Flores, Jorge A",JF,Sales Associate,Modesto,Maria,6/24/2026,12:10,16:56,,4:46,
"Flores, Jorge A",JF,Sales Associate,Modesto,Maria,6/24/2026,17:51,21:06,0:55,3:15,
"Flores, Jorge A",JF,Sales Associate,Modesto,Maria,6/25/2026,12:05,16:35,,4:30,
"Flores, Jorge A",JF,Sales Associate,Modesto,Maria,6/25/2026,17:25,21:31,0:50,4:06,
"Flores, Jorge A",JF,Sales Associate,Modesto,Maria,6/26/2026,12:03,16:58,,4:55,
"Flores, Jorge A",JF,Sales Associate,Modesto,Maria,6/26/2026,17:51,21:32,0:53,3:41,
"Flores, Jorge A",JF,Sales Associate,Modesto,Maria,6/27/2026,12:03,16:40,,4:37,
"Flores, Jorge A",JF,Sales Associate,Modesto,Maria,6/27/2026,17:24,21:13,0:44,3:49,
"Flores, Jorge A",JF,Sales Associate,Modesto,Maria,6/28/2026,10:31,14:30,,3:59,
"Flores, Jorge A",JF,Sales Associate,Modesto,Maria,6/28/2026,15:15,19:04,0:45,3:49,
"Fuentes, Carlos Alberto",,,,,6/1/2026,11:17,15:20,,4:03,
"Fuentes, Carlos Alberto",,,,,6/1/2026,15:51,20:00,0:31,4:09,
"Fuentes, Carlos Alberto",,,,,6/3/2026,10:42,15:01,,4:19,
"Fuentes, Carlos Alberto",,,,,6/3/2026,15:52,19:58,0:51,4:06,
"Fuentes, Carlos Alberto",,,,,6/6/2026,10:52,15:34,,4:42,
"Fuentes, Carlos Alberto",,,,,6/6/2026,16:13,20:02,0:39,3:49,
"Fuentes, Carlos Alberto",,,,,6/7/2026,11:00,15:00,,4:00,
"Fuentes, Carlos Alberto",,,,,6/7/2026,15:30,19:00,0:30,3:30,
"Fuentes, Carlos Alberto",,,,,6/8/2026,11:22,15:02,,3:40,
"Fuentes, Carlos Alberto",,,,,6/8/2026,15:53,19:57,0:51,4:04,
"Fuentes, Carlos Alberto",,,,,6/10/2026,11:02,15:53,,4:51,
"Fuentes, Carlos Alberto",,,,,6/10/2026,16:26,19:58,0:33,3:32,
"Fuentes, Carlos Alberto",,,,,6/13/2026,10:59,15:00,,4:01,
"Fuentes, Carlos Alberto",,,,,6/13/2026,15:58,20:01,0:58,4:03,
"Fuentes, Carlos Alberto",,,,,6/15/2026,11:20,15:03,,3:43,
"Fuentes, Carlos Alberto",,,,,6/15/2026,16:02,20:01,0:59,3:59,
"Fuentes, Carlos Alberto",,,,,6/17/2026,11:09,16:01,,4:52,
"Fuentes, Carlos Alberto",,,,,6/17/2026,16:32,18:01,0:31,1:29,
"Fuentes, Carlos Alberto",,,,,6/20/2026,11:44,15:01,,3:17,
"Fuentes, Carlos Alberto",,,,,6/20/2026,15:32,20:04,0:31,4:32,
"Fuentes, Carlos Alberto",,,,,6/21/2026,11:00,15:30,,4:30,
"Fuentes, Carlos Alberto",,,,,6/21/2026,16:00,18:00,0:30,2:00,
"Fuentes, Carlos Alberto",,,,,6/22/2026,11:40,14:58,,3:18,
"Fuentes, Carlos Alberto",,,,,6/22/2026,15:30,19:59,0:32,4:29,
"Fuentes, Carlos Alberto",,,,,6/24/2026,12:01,14:45,,2:44,
"Fuentes, Carlos Alberto",,,,,6/24/2026,15:29,19:59,0:44,4:30,
"Fuentes, Carlos Alberto",,,,,6/27/2026,12:00,16:02,,4:02,
"Fuentes, Carlos Alberto",,,,,6/27/2026,16:32,20:16,0:30,3:44,
"Fuller, Liezl B",LF1,Sales Associate,Plaza Bonita,Syed,6/1/2026,11:48,16:40,,4:52,
"Fuller, Liezl B",LF1,Sales Associate,Plaza Bonita,Syed,6/1/2026,17:39,20:48,0:59,3:09,
"Fuller, Liezl B",LF1,Sales Associate,Plaza Bonita,Syed,6/2/2026,11:40,16:02,,4:22,
"Fuller, Liezl B",LF1,Sales Associate,Plaza Bonita,Syed,6/2/2026,17:02,20:32,1:00,3:30,
"Fuller, Liezl B",LF1,Sales Associate,Plaza Bonita,Syed,6/5/2026,12:40,16:05,,3:25,
"Fuller, Liezl B",LF1,Sales Associate,Plaza Bonita,Syed,6/5/2026,17:04,21:20,0:59,4:16,
"Fuller, Liezl B",LF1,Sales Associate,Plaza Bonita,Syed,6/6/2026,9:08,12:31,,3:23,
"Fuller, Liezl B",LF1,Sales Associate,Plaza Bonita,Syed,6/6/2026,12:32,17:08,,4:36,
"Fuller, Liezl B",LF1,Sales Associate,Plaza Bonita,Syed,6/7/2026,10:32,14:00,,3:28,
"Fuller, Liezl B",LF1,Sales Associate,Plaza Bonita,Syed,6/7/2026,14:59,19:21,0:59,4:22,
"Fuller, Liezl B",LF1,Sales Associate,Plaza Bonita,Syed,6/8/2026,9:00,13:02,,4:02,
"Fuller, Liezl B",LF1,Sales Associate,Plaza Bonita,Syed,6/8/2026,14:02,17:45,1:00,3:43,
"Fuller, Liezl B",LF1,Sales Associate,Plaza Bonita,Syed,6/9/2026,9:09,13:03,,3:54,
"Fuller, Liezl B",LF1,Sales Associate,Plaza Bonita,Syed,6/9/2026,14:02,17:55,0:59,3:53,
"Fuller, Liezl B",LF1,Sales Associate,Plaza Bonita,Syed,6/12/2026,12:39,17:15,,4:36,
"Fuller, Liezl B",LF1,Sales Associate,Plaza Bonita,Syed,6/12/2026,18:14,21:37,0:59,3:23,
"Fuller, Liezl B",LF1,Sales Associate,Plaza Bonita,Syed,6/13/2026,11:40,15:25,,3:45,
"Fuller, Liezl B",LF1,Sales Associate,Plaza Bonita,Syed,6/13/2026,16:25,20:33,1:00,4:08,
"Fuller, Liezl B",LF1,Sales Associate,Plaza Bonita,Syed,6/14/2026,10:41,14:01,,3:20,
"Fuller, Liezl B",LF1,Sales Associate,Plaza Bonita,Syed,6/14/2026,15:00,19:06,0:59,4:06,
"Fuller, Liezl B",LF1,Sales Associate,Plaza Bonita,Syed,6/17/2026,11:40,16:08,,4:28,
"Fuller, Liezl B",LF1,Sales Associate,Plaza Bonita,Syed,6/17/2026,17:07,20:26,0:59,3:19,
"Fuller, Liezl B",LF1,Sales Associate,Plaza Bonita,Syed,6/18/2026,9:15,13:06,,3:51,
"Fuller, Liezl B",LF1,Sales Associate,Plaza Bonita,Syed,6/18/2026,14:07,18:05,1:01,3:58,
"Fuller, Liezl B",LF1,Sales Associate,Plaza Bonita,Syed,6/19/2026,12:55,16:48,,3:53,
"Fuller, Liezl B",LF1,Sales Associate,Plaza Bonita,Syed,6/19/2026,17:49,21:23,1:01,3:34,
"Fuller, Liezl B",LF1,Sales Associate,Plaza Bonita,Syed,6/20/2026,11:32,15:12,,3:40,
"Fuller, Liezl B",LF1,Sales Associate,Plaza Bonita,Syed,6/20/2026,16:12,20:32,1:00,4:20,
"Fuller, Liezl B",LF1,Sales Associate,Plaza Bonita,Syed,6/21/2026,10:30,13:31,,3:01,
"Fuller, Liezl B",LF1,Sales Associate,Plaza Bonita,Syed,6/21/2026,14:31,19:25,1:00,4:54,
"Fuller, Liezl B",LF1,Sales Associate,Plaza Bonita,Syed,6/24/2026,9:15,14:14,,4:59,
"Fuller, Liezl B",LF1,Sales Associate,Plaza Bonita,Syed,6/24/2026,15:17,18:17,1:03,3:00,
"Fuller, Liezl B",LF1,Sales Associate,Plaza Bonita,Syed,6/25/2026,11:48,15:45,,3:57,
"Fuller, Liezl B",LF1,Sales Associate,Plaza Bonita,Syed,6/25/2026,16:44,20:30,0:59,3:46,
"Fuller, Liezl B",LF1,Sales Associate,Plaza Bonita,Syed,6/26/2026,12:43,16:44,,4:01,
"Fuller, Liezl B",LF1,Sales Associate,Plaza Bonita,Syed,6/26/2026,17:44,21:20,1:00,3:36,
"Fuller, Liezl B",LF1,Sales Associate,Plaza Bonita,Syed,6/27/2026,12:45,20:45,,8:00,
"Fuller, Liezl B",LF1,Sales Associate,Plaza Bonita,Syed,6/28/2026,10:41,14:44,,4:03,
"Fuller, Liezl B",LF1,Sales Associate,Plaza Bonita,Syed,6/28/2026,15:43,19:30,0:59,3:47,
"Fuller, Liezl B",LF1,Sales Associate,Plaza Bonita,Syed,6/29/2026,9:25,13:05,,3:40,
"Fuller, Liezl B",LF1,Sales Associate,Plaza Bonita,Syed,6/29/2026,14:08,18:00,1:03,3:52,
"Garcia Espinoza, Teresa J",TG,Sales Associate,Modesto,Maria,6/12/2026,9:04,13:50,,4:46,
"Garcia Espinoza, Teresa J",TG,Sales Associate,Modesto,Maria,6/12/2026,14:47,18:05,0:57,3:18,
"Garcia Espinoza, Teresa J",TG,Sales Associate,Modesto,Maria,6/13/2026,12:21,16:15,,3:54,
"Garcia Espinoza, Teresa J",TG,Sales Associate,Modesto,Maria,6/13/2026,17:16,21:36,1:01,4:20,
"Garcia Espinoza, Teresa J",TG,Sales Associate,Modesto,Maria,6/14/2026,10:31,15:03,,4:32,
"Garcia Espinoza, Teresa J",TG,Sales Associate,Modesto,Maria,6/14/2026,16:03,19:19,1:00,3:16,
"Garcia Espinoza, Teresa J",TG,Sales Associate,Modesto,Maria,6/15/2026,12:23,17:11,,4:48,
"Garcia Espinoza, Teresa J",TG,Sales Associate,Modesto,Maria,6/15/2026,18:10,21:12,0:59,3:02,
"Garcia Espinoza, Teresa J",TG,Sales Associate,Modesto,Maria,6/16/2026,12:38,16:40,,4:02,
"Garcia Espinoza, Teresa J",TG,Sales Associate,Modesto,Maria,6/16/2026,17:38,21:06,0:58,3:28,
"Garcia Espinoza, Teresa J",TG,Sales Associate,Modesto,Maria,6/18/2026,9:02,13:37,,4:35,
"Garcia Espinoza, Teresa J",TG,Sales Associate,Modesto,Maria,6/18/2026,14:33,18:55,0:56,4:22,
"Garcia Espinoza, Teresa J",TG,Sales Associate,Modesto,Maria,6/20/2026,12:33,13:46,,1:13,
"Garcia Espinoza, Teresa J",TG,Sales Associate,Modesto,Maria,6/20/2026,13:56,16:31,0:10,2:45,
"Garcia Espinoza, Teresa J",TG,Sales Associate,Modesto,Maria,6/20/2026,17:33,21:23,1:02,3:50,
"Garcia Espinoza, Teresa J",TG,Sales Associate,Modesto,Maria,6/21/2026,10:32,14:30,,3:58,
"Garcia Espinoza, Teresa J",TG,Sales Associate,Modesto,Maria,6/21/2026,15:31,19:05,1:01,3:34,
"Garcia Espinoza, Teresa J",TG,Sales Associate,Modesto,Maria,6/22/2026,12:38,15:43,,3:05,
"Garcia Espinoza, Teresa J",TG,Sales Associate,Modesto,Maria,6/22/2026,15:53,16:54,0:10,1:11,
"Garcia Espinoza, Teresa J",TG,Sales Associate,Modesto,Maria,6/22/2026,17:56,21:40,1:02,3:44,
"Garcia Espinoza, Teresa J",TG,Sales Associate,Modesto,Maria,6/23/2026,12:37,16:37,,4:00,
"Garcia Espinoza, Teresa J",TG,Sales Associate,Modesto,Maria,6/23/2026,17:41,21:10,1:04,3:29,
"Garcia Espinoza, Teresa J",TG,Sales Associate,Modesto,Maria,6/25/2026,9:05,13:31,,4:26,
"Garcia Espinoza, Teresa J",TG,Sales Associate,Modesto,Maria,6/25/2026,14:30,17:48,0:59,3:18,
"Garcia Espinoza, Teresa J",TG,Sales Associate,Modesto,Maria,6/27/2026,9:08,13:36,,4:28,
"Garcia Espinoza, Teresa J",TG,Sales Associate,Modesto,Maria,6/27/2026,14:35,18:13,0:59,3:38,
"Garcia Espinoza, Teresa J",TG,Sales Associate,Modesto,Maria,6/28/2026,10:43,13:40,,2:57,
"Garcia Espinoza, Teresa J",TG,Sales Associate,Modesto,Maria,6/28/2026,13:52,15:30,0:12,1:48,
"Garcia Espinoza, Teresa J",TG,Sales Associate,Modesto,Maria,6/28/2026,16:28,19:04,0:58,2:36,
"Garcia Espinoza, Teresa J",TG,Sales Associate,Modesto,Maria,6/29/2026,12:37,14:43,,2:06,
"Garcia Espinoza, Teresa J",TG,Sales Associate,Modesto,Maria,6/29/2026,14:54,17:04,0:11,2:20,
"Garcia Espinoza, Teresa J",TG,Sales Associate,Modesto,Maria,6/29/2026,18:07,21:09,1:03,3:02,
"Garcia Espinoza, Teresa J",TG,Sales Associate,Modesto,Maria,6/30/2026,12:39,16:25,,3:46,
"Garcia Espinoza, Teresa J",TG,Sales Associate,Modesto,Maria,6/30/2026,17:27,21:13,1:02,3:46,
"Garcia, Jorge Perez",JG1,Sales Associate,Serramonte,Maria,6/1/2026,13:11,15:56,,2:45,
"Garcia, Jorge Perez",JG1,Sales Associate,Serramonte,Maria,6/1/2026,16:07,17:54,0:11,1:57,
"Garcia, Jorge Perez",JG1,Sales Associate,Serramonte,Maria,6/1/2026,18:27,21:08,0:33,2:41,
"Garcia, Jorge Perez",JG1,Sales Associate,Serramonte,Maria,6/3/2026,13:05,16:26,,3:21,
"Garcia, Jorge Perez",JG1,Sales Associate,Serramonte,Maria,6/3/2026,16:38,17:36,0:12,1:08,
"Garcia, Jorge Perez",JG1,Sales Associate,Serramonte,Maria,6/3/2026,18:07,21:14,0:31,3:07,
"Garcia, Jorge Perez",JG1,Sales Associate,Serramonte,Maria,6/5/2026,9:37,14:21,,4:44,
"Garcia, Jorge Perez",JG1,Sales Associate,Serramonte,Maria,6/5/2026,15:22,18:04,1:01,2:42,
"Garcia, Jorge Perez",JG1,Sales Associate,Serramonte,Maria,6/6/2026,12:35,17:03,,4:28,
"Garcia, Jorge Perez",JG1,Sales Associate,Serramonte,Maria,6/6/2026,17:15,17:23,0:12,0:18,
"Garcia, Jorge Perez",JG1,Sales Associate,Serramonte,Maria,6/6/2026,18:17,21:27,0:54,3:10,
"Garcia, Jorge Perez",JG1,Sales Associate,Serramonte,Maria,6/7/2026,10:41,15:02,,4:21,
"Garcia, Jorge Perez",JG1,Sales Associate,Serramonte,Maria,6/7/2026,15:14,15:28,0:12,0:24,
"Garcia, Jorge Perez",JG1,Sales Associate,Serramonte,Maria,6/7/2026,16:01,19:33,0:33,3:32,
"Garcia, Jorge Perez",JG1,Sales Associate,Serramonte,Maria,6/8/2026,13:13,17:15,,4:02,
"Garcia, Jorge Perez",JG1,Sales Associate,Serramonte,Maria,6/8/2026,18:16,21:13,1:01,2:57,
"Garcia, Jorge Perez",JG1,Sales Associate,Serramonte,Maria,6/10/2026,13:11,18:06,,4:55,
"Garcia, Jorge Perez",JG1,Sales Associate,Serramonte,Maria,6/10/2026,18:36,21:27,0:30,2:51,
"Garcia, Jorge Perez",JG1,Sales Associate,Serramonte,Maria,6/11/2026,13:08,16:12,,3:04,
"Garcia, Jorge Perez",JG1,Sales Associate,Serramonte,Maria,6/11/2026,16:24,18:01,0:12,1:47,
"Garcia, Jorge Perez",JG1,Sales Associate,Serramonte,Maria,6/11/2026,19:01,21:17,1:00,2:16,
"Garcia, Jorge Perez",JG1,Sales Associate,Serramonte,Maria,6/12/2026,9:33,14:28,,4:55,
"Garcia, Jorge Perez",JG1,Sales Associate,Serramonte,Maria,6/12/2026,15:01,18:26,0:33,3:25,
"Garcia, Jorge Perez",JG1,Sales Associate,Serramonte,Maria,6/13/2026,12:41,14:22,,1:41,
"Garcia, Jorge Perez",JG1,Sales Associate,Serramonte,Maria,6/13/2026,14:35,16:44,0:13,2:19,
"Garcia, Jorge Perez",JG1,Sales Associate,Serramonte,Maria,6/13/2026,18:57,21:42,,2:45,
"Garcia, Jorge Perez",JG1,Sales Associate,Serramonte,Maria,6/14/2026,10:38,15:30,,4:52,
"Garcia, Jorge Perez",JG1,Sales Associate,Serramonte,Maria,6/14/2026,16:08,19:35,0:38,3:27,
"Garcia, Jorge Perez",JG1,Sales Associate,Serramonte,Maria,6/15/2026,13:14,18:09,,4:55,
"Garcia, Jorge Perez",JG1,Sales Associate,Serramonte,Maria,6/15/2026,18:40,20:15,0:31,1:35,
"Garcia, Jorge Perez",JG1,Sales Associate,Serramonte,Maria,6/15/2026,20:27,21:27,0:12,1:10,
"Garcia, Jorge Perez",JG1,Sales Associate,Serramonte,Maria,6/17/2026,13:08,16:20,,3:12,
"Garcia, Jorge Perez",JG1,Sales Associate,Serramonte,Maria,6/17/2026,17:21,21:39,1:01,4:18,
"Garcia, Jorge Perez",JG1,Sales Associate,Serramonte,Maria,6/18/2026,13:09,17:28,,4:19,
"Garcia, Jorge Perez",JG1,Sales Associate,Serramonte,Maria,6/18/2026,18:27,21:46,0:59,3:19,
"Garcia, Jorge Perez",JG1,Sales Associate,Serramonte,Maria,6/19/2026,13:10,16:22,,3:12,
"Garcia, Jorge Perez",JG1,Sales Associate,Serramonte,Maria,6/19/2026,16:32,17:38,0:10,1:16,
"Garcia, Jorge Perez",JG1,Sales Associate,Serramonte,Maria,6/19/2026,18:38,21:31,1:00,2:53,
"Garcia, Jorge Perez",JG1,Sales Associate,Serramonte,Maria,6/20/2026,13:50,18:45,,4:55,
"Garcia, Jorge Perez",JG1,Sales Associate,Serramonte,Maria,6/20/2026,19:44,21:14,0:59,1:30,
"Garcia, Jorge Perez",JG1,Sales Associate,Serramonte,Maria,6/21/2026,10:37,15:22,,4:45,
"Garcia, Jorge Perez",JG1,Sales Associate,Serramonte,Maria,6/21/2026,16:02,19:51,0:40,3:49,
"Garcia, Jorge Perez",JG1,Sales Associate,Serramonte,Maria,6/24/2026,13:10,16:07,,2:57,
"Garcia, Jorge Perez",JG1,Sales Associate,Serramonte,Maria,6/24/2026,16:18,18:04,0:11,1:56,
"Garcia, Jorge Perez",JG1,Sales Associate,Serramonte,Maria,6/24/2026,19:04,21:16,1:00,2:12,
"Garcia, Jorge Perez",JG1,Sales Associate,Serramonte,Maria,6/25/2026,13:10,16:05,,2:55,
"Garcia, Jorge Perez",JG1,Sales Associate,Serramonte,Maria,6/25/2026,16:16,17:53,0:11,1:47,
"Garcia, Jorge Perez",JG1,Sales Associate,Serramonte,Maria,6/25/2026,18:54,21:24,1:01,2:30,
"Garcia, Jorge Perez",JG1,Sales Associate,Serramonte,Maria,6/26/2026,13:09,15:03,,1:54,
"Garcia, Jorge Perez",JG1,Sales Associate,Serramonte,Maria,6/26/2026,15:14,16:55,0:11,1:51,
"Garcia, Jorge Perez",JG1,Sales Associate,Serramonte,Maria,6/26/2026,17:56,19:35,1:01,1:39,
"Garcia, Jorge Perez",JG1,Sales Associate,Serramonte,Maria,6/26/2026,19:46,21:11,0:11,1:35,
"Garcia, Jorge Perez",JG1,Sales Associate,Serramonte,Maria,6/27/2026,9:33,14:27,,4:54,
"Garcia, Jorge Perez",JG1,Sales Associate,Serramonte,Maria,6/27/2026,14:58,18:47,0:31,3:49,
"Garcia, Jorge Perez",JG1,Sales Associate,Serramonte,Maria,6/27/2026,19:18,21:17,0:31,1:59,
"Garcia, Jorge Perez",JG1,Sales Associate,Serramonte,Maria,6/28/2026,10:37,15:29,,4:52,
"Garcia, Jorge Perez",JG1,Sales Associate,Serramonte,Maria,6/28/2026,16:01,19:23,0:32,3:22,
"Garcia, Jorge Perez",JG1,Sales Associate,Serramonte,Maria,6/29/2026,13:09,14:56,,1:47,
"Garcia, Jorge Perez",JG1,Sales Associate,Serramonte,Maria,6/29/2026,15:07,17:10,0:11,2:13,
"Garcia, Jorge Perez",JG1,Sales Associate,Serramonte,Maria,6/29/2026,18:07,21:15,0:57,3:08,
"Garcia, Lidia R",LG,Sales Associate,Oakridge,Fahad,6/1/2026,9:13,13:15,,4:02,
"Garcia, Lidia R",LG,Sales Associate,Oakridge,Fahad,6/1/2026,14:17,18:03,1:02,3:46,
"Garcia, Lidia R",LG,Sales Associate,Oakridge,Fahad,6/2/2026,11:37,15:34,,3:57,
"Garcia, Lidia R",LG,Sales Associate,Oakridge,Fahad,6/2/2026,16:33,19:32,0:59,2:59,
"Garcia, Lidia R",LG,Sales Associate,Oakridge,Fahad,6/5/2026,13:09,17:50,,4:41,
"Garcia, Lidia R",LG,Sales Associate,Oakridge,Fahad,6/5/2026,18:48,21:01,0:58,2:13,
"Garcia, Lidia R",LG,Sales Associate,Oakridge,Fahad,6/6/2026,12:38,17:14,,4:36,
"Garcia, Lidia R",LG,Sales Associate,Oakridge,Fahad,6/6/2026,18:10,20:30,0:56,2:20,
"Garcia, Lidia R",LG,Sales Associate,Oakridge,Fahad,6/8/2026,9:12,13:58,,4:46,
"Garcia, Lidia R",LG,Sales Associate,Oakridge,Fahad,6/8/2026,14:56,18:12,0:58,3:16,
"Garcia, Lidia R",LG,Sales Associate,Oakridge,Fahad,6/9/2026,11:38,15:58,,4:20,
"Garcia, Lidia R",LG,Sales Associate,Oakridge,Fahad,6/9/2026,17:00,20:11,1:02,3:11,
"Garcia, Lidia R",LG,Sales Associate,Oakridge,Fahad,6/12/2026,13:02,17:00,,3:58,
"Garcia, Lidia R",LG,Sales Associate,Oakridge,Fahad,6/12/2026,18:00,21:12,1:00,3:12,
"Garcia, Lidia R",LG,Sales Associate,Oakridge,Fahad,6/13/2026,12:30,20:30,,8:00,
"Garcia, Lidia R",LG,Sales Associate,Oakridge,Fahad,6/15/2026,9:06,13:58,,4:52,
"Garcia, Lidia R",LG,Sales Associate,Oakridge,Fahad,6/15/2026,14:57,18:04,0:59,3:07,
"Garcia, Lidia R",LG,Sales Associate,Oakridge,Fahad,6/16/2026,11:02,15:52,,4:50,
"Garcia, Lidia R",LG,Sales Associate,Oakridge,Fahad,6/16/2026,16:55,20:02,1:03,3:07,
"Garcia, Lidia R",LG,Sales Associate,Oakridge,Fahad,6/19/2026,13:01,17:27,,4:26,
"Garcia, Lidia R",LG,Sales Associate,Oakridge,Fahad,6/19/2026,18:27,21:18,1:00,2:51,
"Garcia, Lidia R",LG,Sales Associate,Oakridge,Fahad,6/20/2026,12:40,16:47,,4:07,
"Garcia, Lidia R",LG,Sales Associate,Oakridge,Fahad,6/20/2026,17:45,21:08,0:58,3:23,
"Garcia, Lidia R",LG,Sales Associate,Oakridge,Fahad,6/22/2026,9:10,13:58,,4:48,
"Garcia, Lidia R",LG,Sales Associate,Oakridge,Fahad,6/22/2026,14:57,18:27,0:59,3:30,
"Garcia, Lidia R",LG,Sales Associate,Oakridge,Fahad,6/23/2026,11:06,15:19,,4:13,
"Garcia, Lidia R",LG,Sales Associate,Oakridge,Fahad,6/23/2026,16:19,20:04,1:00,3:45,
"Garcia, Lidia R",LG,Sales Associate,Oakridge,Fahad,6/26/2026,13:04,17:12,,4:08,
"Garcia, Lidia R",LG,Sales Associate,Oakridge,Fahad,6/26/2026,18:11,21:26,0:59,3:15,
"Garcia, Lidia R",LG,Sales Associate,Oakridge,Fahad,6/27/2026,12:40,16:23,,3:43,
"Garcia, Lidia R",LG,Sales Associate,Oakridge,Fahad,6/27/2026,17:21,20:29,0:58,3:08,
"Garcia, Lidia R",LG,Sales Associate,Oakridge,Fahad,6/29/2026,11:30,15:33,,4:03,
"Garcia, Lidia R",LG,Sales Associate,Oakridge,Fahad,6/29/2026,16:36,20:08,1:03,3:32,
"Garcia, Lidia R",LG,Sales Associate,Oakridge,Fahad,6/30/2026,9:34,14:10,,4:36,
"Garcia, Lidia R",LG,Sales Associate,Oakridge,Fahad,6/30/2026,15:09,18:38,0:59,3:29,
"Garcia, Roberto",,,,,6/1/2026,11:12,13:54,,2:42,
"Garcia, Roberto",,,,,6/1/2026,14:06,15:47,0:12,1:51,
"Garcia, Roberto",,,,,6/1/2026,16:44,20:07,0:57,3:23,
"Garcia, Roberto",,,,,6/2/2026,11:02,14:10,,3:08,
"Garcia, Roberto",,,,,6/2/2026,14:19,15:50,0:09,1:40,
"Garcia, Roberto",,,,,6/2/2026,16:51,20:12,1:01,3:21,
"Garcia, Roberto",,,,,6/4/2026,11:00,15:21,,4:21,
"Garcia, Roberto",,,,,6/4/2026,16:20,19:51,0:59,3:31,
"Garcia, Roberto",,,,,6/5/2026,11:11,15:38,,4:27,
"Garcia, Roberto",,,,,6/5/2026,16:37,19:57,0:59,3:20,
"Garcia, Roberto",,,,,6/6/2026,11:28,15:31,,4:03,
"Garcia, Roberto",,,,,6/6/2026,16:35,19:37,1:04,3:02,
"Garcia, Roberto",,,,,6/8/2026,11:52,15:33,,3:41,
"Garcia, Roberto",,,,,6/8/2026,16:27,17:58,0:54,1:31,
"Garcia, Roberto",,,,,6/8/2026,18:10,20:01,0:12,2:01,
"Garcia, Roberto",,,,,6/9/2026,11:03,13:24,,2:21,
"Garcia, Roberto",,,,,6/9/2026,13:35,14:55,0:11,1:30,
"Garcia, Roberto",,,,,6/9/2026,15:52,18:46,0:57,2:54,
"Garcia, Roberto",,,,,6/9/2026,18:56,20:12,0:10,1:26,
"Garcia, Roberto",,,,,6/12/2026,11:25,13:59,,2:34,
"Garcia, Roberto",,,,,6/12/2026,14:10,15:43,0:11,1:43,
"Garcia, Roberto",,,,,6/12/2026,16:32,18:22,0:49,1:50,
"Garcia, Roberto",,,,,6/12/2026,18:32,19:57,0:10,1:35,
"Garcia, Roberto",,,,,6/13/2026,11:02,15:33,,4:31,
"Garcia, Roberto",,,,,6/13/2026,16:36,18:51,1:03,2:15,
"Garcia, Roberto",,,,,6/13/2026,19:01,20:01,0:10,1:10,
"Garcia, Roberto",,,,,6/14/2026,11:08,13:40,,2:32,
"Garcia, Roberto",,,,,6/14/2026,13:50,15:44,0:10,2:04,
"Garcia, Roberto",,,,,6/14/2026,16:30,18:16,0:46,1:46,
"Garcia, Roberto",,,,,6/15/2026,11:03,14:18,,3:15,
"Garcia, Roberto",,,,,6/15/2026,14:29,15:52,0:11,1:33,
"Garcia, Roberto",,,,,6/15/2026,16:52,20:01,1:00,3:09,
"Garcia, Roberto",,,,,6/16/2026,11:06,14:08,,3:02,
"Garcia, Roberto",,,,,6/16/2026,14:18,15:50,0:10,1:42,
"Garcia, Roberto",,,,,6/16/2026,16:51,19:46,1:01,2:55,
"Garcia, Roberto",,,,,6/19/2026,11:02,15:46,,4:44,
"Garcia, Roberto",,,,,6/19/2026,16:46,19:01,1:00,2:15,
"Garcia, Roberto",,,,,6/19/2026,19:11,20:05,0:10,1:04,
"Garcia, Roberto",,,,,6/20/2026,11:06,13:52,,2:46,
"Garcia, Roberto",,,,,6/20/2026,14:02,15:45,0:10,1:53,
"Garcia, Roberto",,,,,6/20/2026,16:45,19:05,1:00,2:20,
"Garcia, Roberto",,,,,6/20/2026,19:16,19:59,0:11,0:53,
"Garcia, Roberto",,,,,6/21/2026,10:57,13:32,,2:35,
"Garcia, Roberto",,,,,6/21/2026,13:42,15:26,0:10,1:54,
"Garcia, Roberto",,,,,6/21/2026,16:27,18:05,1:01,1:38,
"Garcia, Roberto",,,,,6/21/2026,18:17,19:03,0:12,0:56,
"Garcia, Roberto",,,,,6/22/2026,11:17,15:21,,4:04,
"Garcia, Roberto",,,,,6/22/2026,16:21,20:03,1:00,3:42,
"Garcia, Roberto",,,,,6/23/2026,11:07,14:47,,3:40,
"Garcia, Roberto",,,,,6/23/2026,14:59,15:49,0:12,1:00,
"Garcia, Roberto",,,,,6/23/2026,16:49,19:10,1:00,2:21,
"Garcia, Roberto",,,,,6/23/2026,19:20,19:55,0:10,0:45,
"Garcia, Roberto",,,,,6/25/2026,11:07,13:42,,2:35,
"Garcia, Roberto",,,,,6/25/2026,13:52,15:11,0:10,1:29,
"Garcia, Roberto",,,,,6/25/2026,16:11,20:00,1:00,3:49,
"Garcia, Roberto",,,,,6/26/2026,11:02,11:21,,0:19,
"Garcia, Roberto",,,,,6/26/2026,11:28,15:47,0:07,4:26,
"Garcia, Roberto",,,,,6/26/2026,16:46,19:49,0:59,3:03,
"Garcia, Roberto",,,,,6/27/2026,11:23,15:49,,4:26,
"Garcia, Roberto",,,,,6/27/2026,16:48,20:01,0:59,3:13,
"Garcia, Roberto",,,,,6/29/2026,11:05,15:44,,4:39,
"Garcia, Roberto",,,,,6/29/2026,16:43,18:56,0:59,2:13,
"Garcia, Roberto",,,,,6/29/2026,19:06,20:01,0:10,1:05,
"Garcia, Roberto",,,,,6/30/2026,11:02,15:53,,4:51,
"Garcia, Roberto",,,,,6/30/2026,16:52,20:00,0:59,3:08,
"Gomez, Susana",SG4,Sales Associate,Plaza Bonita,Syed,6/2/2026,9:08,11:40,,2:32,
"Gomez, Susana",SG4,Sales Associate,Plaza Bonita,Syed,6/2/2026,11:50,13:06,0:10,1:26,
"Gomez, Susana",SG4,Sales Associate,Plaza Bonita,Syed,6/2/2026,14:21,18:01,1:15,3:40,
"Gomez, Susana",SG4,Sales Associate,Plaza Bonita,Syed,6/3/2026,9:07,13:06,,3:59,
"Gomez, Susana",SG4,Sales Associate,Plaza Bonita,Syed,6/3/2026,14:08,17:50,1:02,3:42,
"Gomez, Susana",SG4,Sales Associate,Plaza Bonita,Syed,6/4/2026,11:52,16:22,,4:30,
"Gomez, Susana",SG4,Sales Associate,Plaza Bonita,Syed,6/4/2026,17:30,20:41,1:08,3:11,
"Gomez, Susana",SG4,Sales Associate,Plaza Bonita,Syed,6/7/2026,10:37,11:58,,1:21,
"Gomez, Susana",SG4,Sales Associate,Plaza Bonita,Syed,6/7/2026,12:07,13:55,0:09,1:57,
"Gomez, Susana",SG4,Sales Associate,Plaza Bonita,Syed,6/7/2026,15:00,19:22,1:05,4:22,
"Gomez, Susana",SG4,Sales Associate,Plaza Bonita,Syed,6/9/2026,11:53,14:38,,2:45,
"Gomez, Susana",SG4,Sales Associate,Plaza Bonita,Syed,6/9/2026,14:47,16:40,0:09,2:02,
"Gomez, Susana",SG4,Sales Associate,Plaza Bonita,Syed,6/9/2026,17:47,20:36,1:07,2:49,
"Gomez, Susana",SG4,Sales Associate,Plaza Bonita,Syed,6/10/2026,9:08,11:28,,2:20,
"Gomez, Susana",SG4,Sales Associate,Plaza Bonita,Syed,6/10/2026,11:42,13:11,0:14,1:39,
"Gomez, Susana",SG4,Sales Associate,Plaza Bonita,Syed,6/10/2026,14:16,18:33,1:05,4:17,
"Gomez, Susana",SG4,Sales Associate,Plaza Bonita,Syed,6/11/2026,11:51,15:58,,4:07,
"Gomez, Susana",SG4,Sales Associate,Plaza Bonita,Syed,6/11/2026,17:02,20:28,1:04,3:26,
"Gomez, Susana",SG4,Sales Associate,Plaza Bonita,Syed,6/13/2026,8:58,13:35,,4:37,
"Gomez, Susana",SG4,Sales Associate,Plaza Bonita,Syed,6/13/2026,14:37,16:10,1:02,1:33,
"Gomez, Susana",SG4,Sales Associate,Plaza Bonita,Syed,6/14/2026,10:33,12:18,,1:45,
"Gomez, Susana",SG4,Sales Associate,Plaza Bonita,Syed,6/14/2026,12:26,15:03,0:08,2:45,
"Gomez, Susana",SG4,Sales Associate,Plaza Bonita,Syed,6/14/2026,16:03,19:07,1:00,3:04,
"Gomez, Susana",SG4,Sales Associate,Plaza Bonita,Syed,6/16/2026,9:21,13:28,,4:07,
"Gomez, Susana",SG4,Sales Associate,Plaza Bonita,Syed,6/16/2026,14:35,18:02,1:07,3:27,
"Gomez, Susana",SG4,Sales Associate,Plaza Bonita,Syed,6/18/2026,11:44,16:43,,4:59,
"Gomez, Susana",SG4,Sales Associate,Plaza Bonita,Syed,6/18/2026,17:46,20:23,1:03,2:37,
"Gomez, Susana",SG4,Sales Associate,Plaza Bonita,Syed,6/19/2026,12:53,14:07,,1:14,
"Gomez, Susana",SG4,Sales Associate,Plaza Bonita,Syed,6/19/2026,14:16,16:25,0:09,2:18,
"Gomez, Susana",SG4,Sales Associate,Plaza Bonita,Syed,6/19/2026,17:26,21:23,1:01,3:57,
"Gomez, Susana",SG4,Sales Associate,Plaza Bonita,Syed,6/20/2026,9:20,12:45,,3:25,
"Gomez, Susana",SG4,Sales Associate,Plaza Bonita,Syed,6/20/2026,13:50,18:01,1:05,4:11,
"Gomez, Susana",SG4,Sales Associate,Plaza Bonita,Syed,6/21/2026,10:38,12:57,,2:19,
"Gomez, Susana",SG4,Sales Associate,Plaza Bonita,Syed,6/21/2026,15:32,18:14,,2:42,
"Gomez, Susana",SG4,Sales Associate,Plaza Bonita,Syed,6/21/2026,18:24,19:23,0:10,1:09,
"Gomez, Susana",SG4,Sales Associate,Plaza Bonita,Syed,6/23/2026,9:20,12:43,,3:23,
"Gomez, Susana",SG4,Sales Associate,Plaza Bonita,Syed,6/23/2026,12:54,13:18,0:11,0:34,
"Gomez, Susana",SG4,Sales Associate,Plaza Bonita,Syed,6/23/2026,14:20,17:38,1:02,3:18,
"Gomez, Susana",SG4,Sales Associate,Plaza Bonita,Syed,6/23/2026,17:49,18:02,0:11,0:23,
"Gomez, Susana",SG4,Sales Associate,Plaza Bonita,Syed,6/24/2026,11:45,15:53,,4:08,
"Gomez, Susana",SG4,Sales Associate,Plaza Bonita,Syed,6/24/2026,16:55,20:29,1:02,3:34,
"Gomez, Susana",SG4,Sales Associate,Plaza Bonita,Syed,6/26/2026,9:24,11:28,,2:04,
"Gomez, Susana",SG4,Sales Associate,Plaza Bonita,Syed,6/26/2026,11:39,13:27,0:11,1:58,
"Gomez, Susana",SG4,Sales Associate,Plaza Bonita,Syed,6/26/2026,14:36,17:56,1:09,3:20,
"Gomez, Susana",SG4,Sales Associate,Plaza Bonita,Syed,6/27/2026,12:50,16:38,,3:48,
"Gomez, Susana",SG4,Sales Associate,Plaza Bonita,Syed,6/27/2026,17:43,21:14,1:05,3:31,
"Gomez, Susana",SG4,Sales Associate,Plaza Bonita,Syed,6/28/2026,10:41,11:09,,0:28,
"Gomez, Susana",SG4,Sales Associate,Plaza Bonita,Syed,6/28/2026,12:13,14:59,1:04,2:46,
"Gomez, Susana",SG4,Sales Associate,Plaza Bonita,Syed,6/28/2026,15:58,19:30,0:59,3:32,
"Gonzalez, Natalie Pamela",NG1,Sales Associate,Fresno,Lourdes,6/3/2026,12:30,16:27,,3:57,
"Gonzalez, Natalie Pamela",NG1,Sales Associate,Fresno,Lourdes,6/3/2026,17:23,18:56,0:56,1:33,
"Gonzalez, Natalie Pamela",NG1,Sales Associate,Fresno,Lourdes,6/3/2026,19:01,19:59,0:05,1:03,
"Gonzalez, Natalie Pamela",NG1,Sales Associate,Fresno,Lourdes,6/4/2026,12:33,16:32,,3:59,
"Gonzalez, Natalie Pamela",NG1,Sales Associate,Fresno,Lourdes,6/4/2026,17:26,20:01,0:54,2:35,
"Gonzalez, Natalie Pamela",NG1,Sales Associate,Fresno,Lourdes,6/5/2026,12:31,14:58,,2:27,
"Gonzalez, Natalie Pamela",NG1,Sales Associate,Fresno,Lourdes,6/5/2026,15:44,20:08,0:46,4:24,
"Gonzalez, Natalie Pamela",NG1,Sales Associate,Fresno,Lourdes,6/6/2026,12:27,15:21,,2:54,
"Gonzalez, Natalie Pamela",NG1,Sales Associate,Fresno,Lourdes,6/6/2026,16:22,16:23,1:01,0:01,
"Gonzalez, Natalie Pamela",NG1,Sales Associate,Fresno,Lourdes,6/7/2026,11:15,14:50,,3:35,
"Gonzalez, Natalie Pamela",NG1,Sales Associate,Fresno,Lourdes,6/7/2026,15:43,19:28,0:53,3:45,
"Gonzalez, Natalie Pamela",NG1,Sales Associate,Fresno,Lourdes,6/9/2026,12:28,15:06,,2:38,
"Gonzalez, Natalie Pamela",NG1,Sales Associate,Fresno,Lourdes,6/9/2026,15:58,18:50,0:52,2:52,
"Gonzalez, Natalie Pamela",NG1,Sales Associate,Fresno,Lourdes,6/9/2026,18:59,20:18,0:09,1:28,
"Gonzalez, Natalie Pamela",NG1,Sales Associate,Fresno,Lourdes,6/11/2026,12:27,14:14,,1:47,
"Gonzalez, Natalie Pamela",NG1,Sales Associate,Fresno,Lourdes,6/11/2026,14:19,15:58,0:05,1:44,
"Gonzalez, Natalie Pamela",NG1,Sales Associate,Fresno,Lourdes,6/11/2026,16:55,20:00,0:57,3:05,
"Gonzalez, Natalie Pamela",NG1,Sales Associate,Fresno,Lourdes,6/12/2026,9:09,13:02,,3:53,
"Gonzalez, Natalie Pamela",NG1,Sales Associate,Fresno,Lourdes,6/12/2026,14:00,17:00,0:58,3:00,
"Gonzalez, Natalie Pamela",NG1,Sales Associate,Fresno,Lourdes,6/13/2026,9:03,11:39,,2:36,
"Gonzalez, Natalie Pamela",NG1,Sales Associate,Fresno,Lourdes,6/13/2026,11:46,13:12,0:07,1:33,
"Gonzalez, Natalie Pamela",NG1,Sales Associate,Fresno,Lourdes,6/13/2026,14:11,16:52,0:59,2:41,
"Gonzalez, Natalie Pamela",NG1,Sales Associate,Fresno,Lourdes,6/14/2026,11:13,15:27,,4:14,
"Gonzalez, Natalie Pamela",NG1,Sales Associate,Fresno,Lourdes,6/14/2026,16:27,17:40,1:00,1:13,
"Gonzalez, Natalie Pamela",NG1,Sales Associate,Fresno,Lourdes,6/14/2026,17:51,19:02,0:11,1:21,
"Gonzalez, Natalie Pamela",NG1,Sales Associate,Fresno,Lourdes,6/17/2026,9:02,13:09,,4:07,
"Gonzalez, Natalie Pamela",NG1,Sales Associate,Fresno,Lourdes,6/17/2026,14:14,17:03,1:05,2:49,
"Gonzalez, Natalie Pamela",NG1,Sales Associate,Fresno,Lourdes,6/18/2026,9:06,12:04,,2:58,
"Gonzalez, Natalie Pamela",NG1,Sales Associate,Fresno,Lourdes,6/18/2026,12:14,13:41,0:10,1:37,
"Gonzalez, Natalie Pamela",NG1,Sales Associate,Fresno,Lourdes,6/18/2026,14:23,17:01,0:42,2:38,
"Gonzalez, Natalie Pamela",NG1,Sales Associate,Fresno,Lourdes,6/20/2026,12:38,17:04,,4:26,
"Gonzalez, Natalie Pamela",NG1,Sales Associate,Fresno,Lourdes,6/20/2026,17:55,18:57,0:51,1:02,
"Gonzalez, Natalie Pamela",NG1,Sales Associate,Fresno,Lourdes,6/20/2026,19:00,20:22,0:03,1:25,
"Gonzalez, Natalie Pamela",NG1,Sales Associate,Fresno,Lourdes,6/21/2026,11:15,14:37,,3:22,
"Gonzalez, Natalie Pamela",NG1,Sales Associate,Fresno,Lourdes,6/21/2026,15:37,16:51,1:00,1:14,
"Gonzalez, Natalie Pamela",NG1,Sales Associate,Fresno,Lourdes,6/25/2026,12:24,14:15,,1:51,
"Gonzalez, Natalie Pamela",NG1,Sales Associate,Fresno,Lourdes,6/25/2026,14:22,15:02,0:07,0:47,
"Gonzalez, Natalie Pamela",NG1,Sales Associate,Fresno,Lourdes,6/25/2026,16:02,17:36,1:00,1:34,
"Gonzalez, Natalie Pamela",NG1,Sales Associate,Fresno,Lourdes,6/25/2026,17:46,20:01,0:10,2:25,
"Gonzalez, Natalie Pamela",NG1,Sales Associate,Fresno,Lourdes,6/26/2026,12:20,15:06,,2:46,
"Gonzalez, Natalie Pamela",NG1,Sales Associate,Fresno,Lourdes,6/26/2026,15:56,18:02,0:50,2:06,
"Gonzalez, Natalie Pamela",NG1,Sales Associate,Fresno,Lourdes,6/26/2026,18:18,19:56,0:16,1:48,
"Gonzalez, Natalie Pamela",NG1,Sales Associate,Fresno,Lourdes,6/27/2026,12:51,16:01,,3:10,
"Gonzalez, Natalie Pamela",NG1,Sales Associate,Fresno,Lourdes,6/27/2026,16:50,20:07,0:49,3:17,
"Gonzalez, Natalie Pamela",NG1,Sales Associate,Fresno,Lourdes,6/28/2026,10:10,12:59,,2:49,
"Gonzalez, Natalie Pamela",NG1,Sales Associate,Fresno,Lourdes,6/28/2026,14:01,18:15,1:02,4:14,
"Gowani, Faisal Mansoor Aly",FM3,Sales Associate,Oakridge,Fahad,6/2/2026,9:04,13:54,,4:50,
"Gowani, Faisal Mansoor Aly",FM3,Sales Associate,Oakridge,Fahad,6/2/2026,14:54,20:11,1:00,5:17,
"Gowani, Faisal Mansoor Aly",FM3,Sales Associate,Oakridge,Fahad,6/3/2026,9:04,13:28,,4:24,
"Gowani, Faisal Mansoor Aly",FM3,Sales Associate,Oakridge,Fahad,6/3/2026,14:28,20:13,1:00,5:45,
"Gowani, Faisal Mansoor Aly",FM3,Sales Associate,Oakridge,Fahad,6/4/2026,9:00,13:49,,4:49,
"Gowani, Faisal Mansoor Aly",FM3,Sales Associate,Oakridge,Fahad,6/4/2026,14:48,20:20,0:59,5:32,
"Gowani, Faisal Mansoor Aly",FM3,Sales Associate,Oakridge,Fahad,6/5/2026,9:00,11:59,,2:59,
"Gowani, Faisal Mansoor Aly",FM3,Sales Associate,Oakridge,Fahad,6/5/2026,12:56,21:00,0:57,8:04,
"Gowani, Faisal Mansoor Aly",FM3,Sales Associate,Oakridge,Fahad,6/6/2026,9:03,13:20,,4:17,
"Gowani, Faisal Mansoor Aly",FM3,Sales Associate,Oakridge,Fahad,6/6/2026,14:21,21:27,1:01,7:06,
"Gowani, Faisal Mansoor Aly",FM3,Sales Associate,Oakridge,Fahad,6/7/2026,10:00,14:53,,4:53,
"Gowani, Faisal Mansoor Aly",FM3,Sales Associate,Oakridge,Fahad,6/7/2026,15:44,19:34,0:51,3:50,
"Gowani, Faisal Mansoor Aly",FM3,Sales Associate,Oakridge,Fahad,6/9/2026,9:00,13:06,,4:06,
"Gowani, Faisal Mansoor Aly",FM3,Sales Associate,Oakridge,Fahad,6/9/2026,14:06,20:09,1:00,6:03,
"Gowani, Faisal Mansoor Aly",FM3,Sales Associate,Oakridge,Fahad,6/10/2026,9:03,13:43,,4:40,
"Gowani, Faisal Mansoor Aly",FM3,Sales Associate,Oakridge,Fahad,6/10/2026,14:45,20:52,1:02,6:07,
"Gowani, Faisal Mansoor Aly",FM3,Sales Associate,Oakridge,Fahad,6/11/2026,9:05,13:47,,4:42,
"Gowani, Faisal Mansoor Aly",FM3,Sales Associate,Oakridge,Fahad,6/11/2026,14:46,20:45,0:59,5:59,
"Gowani, Faisal Mansoor Aly",FM3,Sales Associate,Oakridge,Fahad,6/12/2026,9:04,13:52,,4:48,
"Gowani, Faisal Mansoor Aly",FM3,Sales Associate,Oakridge,Fahad,6/12/2026,14:52,21:12,1:00,6:20,
"Gowani, Faisal Mansoor Aly",FM3,Sales Associate,Oakridge,Fahad,6/13/2026,9:07,13:54,,4:47,
"Gowani, Faisal Mansoor Aly",FM3,Sales Associate,Oakridge,Fahad,6/13/2026,14:55,21:09,1:01,6:14,
"Gowani, Faisal Mansoor Aly",FM3,Sales Associate,Oakridge,Fahad,6/14/2026,10:03,14:09,,4:06,
"Gowani, Faisal Mansoor Aly",FM3,Sales Associate,Oakridge,Fahad,6/14/2026,15:09,19:33,1:00,4:24,
"Gowani, Faisal Mansoor Aly",FM3,Sales Associate,Oakridge,Fahad,6/16/2026,9:04,13:55,,4:51,
"Gowani, Faisal Mansoor Aly",FM3,Sales Associate,Oakridge,Fahad,6/16/2026,14:56,20:04,1:01,5:08,
"Gowani, Faisal Mansoor Aly",FM3,Sales Associate,Oakridge,Fahad,6/17/2026,9:06,13:33,,4:27,
"Gowani, Faisal Mansoor Aly",FM3,Sales Associate,Oakridge,Fahad,6/17/2026,14:34,20:16,1:01,5:42,
"Gowani, Faisal Mansoor Aly",FM3,Sales Associate,Oakridge,Fahad,6/18/2026,9:04,11:26,,2:22,
"Gowani, Faisal Mansoor Aly",FM3,Sales Associate,Oakridge,Fahad,6/18/2026,12:27,20:12,1:01,7:45,
"Gowani, Faisal Mansoor Aly",FM3,Sales Associate,Oakridge,Fahad,6/19/2026,9:03,13:55,,4:52,
"Gowani, Faisal Mansoor Aly",FM3,Sales Associate,Oakridge,Fahad,6/19/2026,14:25,16:25,0:30,2:00,
"Gowani, Faisal Mansoor Aly",FM3,Sales Associate,Oakridge,Fahad,6/19/2026,16:55,18:52,0:30,1:57,
"Gowani, Faisal Mansoor Aly",FM3,Sales Associate,Oakridge,Fahad,6/20/2026,8:56,13:52,,4:56,
"Gowani, Faisal Mansoor Aly",FM3,Sales Associate,Oakridge,Fahad,6/20/2026,14:52,21:54,1:00,7:02,
"Gowani, Faisal Mansoor Aly",FM3,Sales Associate,Oakridge,Fahad,6/21/2026,10:04,14:53,,4:49,
"Gowani, Faisal Mansoor Aly",FM3,Sales Associate,Oakridge,Fahad,6/21/2026,15:52,19:54,0:59,4:02,
"Gowani, Faisal Mansoor Aly",FM3,Sales Associate,Oakridge,Fahad,6/23/2026,9:03,11:52,,2:49,
"Gowani, Faisal Mansoor Aly",FM3,Sales Associate,Oakridge,Fahad,6/23/2026,12:53,20:04,1:01,7:11,
"Gowani, Faisal Mansoor Aly",FM3,Sales Associate,Oakridge,Fahad,6/24/2026,9:00,13:57,,4:57,
"Gowani, Faisal Mansoor Aly",FM3,Sales Associate,Oakridge,Fahad,6/24/2026,14:58,21:03,1:01,6:05,
"Gowani, Faisal Mansoor Aly",FM3,Sales Associate,Oakridge,Fahad,6/25/2026,9:00,13:55,,4:55,
"Gowani, Faisal Mansoor Aly",FM3,Sales Associate,Oakridge,Fahad,6/25/2026,14:56,20:03,1:01,5:07,
"Gowani, Faisal Mansoor Aly",FM3,Sales Associate,Oakridge,Fahad,6/26/2026,9:03,13:25,,4:22,
"Gowani, Faisal Mansoor Aly",FM3,Sales Associate,Oakridge,Fahad,6/26/2026,14:25,18:32,1:00,4:07,
"Gowani, Faisal Mansoor Aly",FM3,Sales Associate,Oakridge,Fahad,6/27/2026,9:01,13:35,,4:34,
"Gowani, Faisal Mansoor Aly",FM3,Sales Associate,Oakridge,Fahad,6/27/2026,14:36,21:02,1:01,6:26,
"Gowani, Faisal Mansoor Aly",FM3,Sales Associate,Oakridge,Fahad,6/28/2026,10:04,14:38,,4:34,
"Gowani, Faisal Mansoor Aly",FM3,Sales Associate,Oakridge,Fahad,6/28/2026,15:39,19:33,1:01,3:54,
"Gowani, Faisal Mansoor Aly",FM3,Sales Associate,Oakridge,Fahad,6/29/2026,9:06,13:47,,4:41,
"Gowani, Faisal Mansoor Aly",FM3,Sales Associate,Oakridge,Fahad,6/29/2026,14:47,20:13,1:00,5:26,
"Graybeal, Marina D",MG4,Sales Associate,Oakridge,Fahad,6/5/2026,11:44,15:27,,3:43,
"Graybeal, Marina D",MG4,Sales Associate,Oakridge,Fahad,6/5/2026,16:23,20:32,0:56,4:09,
"Graybeal, Marina D",MG4,Sales Associate,Oakridge,Fahad,6/6/2026,11:46,15:42,,3:56,
"Graybeal, Marina D",MG4,Sales Associate,Oakridge,Fahad,6/6/2026,16:24,20:35,0:42,4:11,
"Graybeal, Marina D",MG4,Sales Associate,Oakridge,Fahad,6/7/2026,11:00,15:43,,4:43,
"Graybeal, Marina D",MG4,Sales Associate,Oakridge,Fahad,6/7/2026,16:13,19:33,0:30,3:20,
"Graybeal, Marina D",MG4,Sales Associate,Oakridge,Fahad,6/12/2026,11:33,15:35,,4:02,
"Graybeal, Marina D",MG4,Sales Associate,Oakridge,Fahad,6/12/2026,16:30,20:35,0:55,4:05,
"Graybeal, Marina D",MG4,Sales Associate,Oakridge,Fahad,6/13/2026,11:43,16:06,,4:23,
"Graybeal, Marina D",MG4,Sales Associate,Oakridge,Fahad,6/13/2026,17:00,20:32,0:54,3:32,
"Graybeal, Marina D",MG4,Sales Associate,Oakridge,Fahad,6/14/2026,11:19,14:55,,3:36,
"Graybeal, Marina D",MG4,Sales Associate,Oakridge,Fahad,6/14/2026,15:51,19:33,0:56,3:42,
"Graybeal, Marina D",MG4,Sales Associate,Oakridge,Fahad,6/19/2026,11:44,15:06,,3:22,
"Graybeal, Marina D",MG4,Sales Associate,Oakridge,Fahad,6/19/2026,15:51,20:32,0:45,4:41,
"Graybeal, Marina D",MG4,Sales Associate,Oakridge,Fahad,6/20/2026,11:54,15:32,,3:38,
"Graybeal, Marina D",MG4,Sales Associate,Oakridge,Fahad,6/20/2026,16:30,21:12,0:58,4:42,
"Graybeal, Marina D",MG4,Sales Associate,Oakridge,Fahad,6/21/2026,11:23,15:44,,4:21,
"Graybeal, Marina D",MG4,Sales Associate,Oakridge,Fahad,6/21/2026,16:14,19:55,0:30,3:41,
"Graybeal, Marina D",MG4,Sales Associate,Oakridge,Fahad,6/26/2026,11:44,15:04,,3:20,
"Graybeal, Marina D",MG4,Sales Associate,Oakridge,Fahad,6/26/2026,16:03,20:35,0:59,4:32,
"Graybeal, Marina D",MG4,Sales Associate,Oakridge,Fahad,6/27/2026,11:49,15:28,,3:39,
"Graybeal, Marina D",MG4,Sales Associate,Oakridge,Fahad,6/27/2026,16:21,20:32,0:53,4:11,
"Graybeal, Marina D",MG4,Sales Associate,Oakridge,Fahad,6/28/2026,11:20,15:33,,4:13,
"Graybeal, Marina D",MG4,Sales Associate,Oakridge,Fahad,6/28/2026,16:33,19:34,1:00,3:01,
"Harrison, Antonia Pereira",AH1,Sales Associate,Culver City,Steven,6/1/2026,8:58,12:28,,3:30,
"Harrison, Antonia Pereira",AH1,Sales Associate,Culver City,Steven,6/1/2026,13:23,17:45,0:55,4:22,
"Harrison, Antonia Pereira",AH1,Sales Associate,Culver City,Steven,6/2/2026,12:40,16:03,,3:23,
"Harrison, Antonia Pereira",AH1,Sales Associate,Culver City,Steven,6/2/2026,16:55,21:04,0:52,4:09,
"Harrison, Antonia Pereira",AH1,Sales Associate,Culver City,Steven,6/3/2026,9:00,12:52,,3:52,
"Harrison, Antonia Pereira",AH1,Sales Associate,Culver City,Steven,6/3/2026,13:33,18:00,0:41,4:27,
"Harrison, Antonia Pereira",AH1,Sales Associate,Culver City,Steven,6/4/2026,9:02,12:30,,3:28,
"Harrison, Antonia Pereira",AH1,Sales Associate,Culver City,Steven,6/4/2026,13:39,17:59,1:09,4:20,
"Harrison, Antonia Pereira",AH1,Sales Associate,Culver City,Steven,6/6/2026,9:04,13:26,,4:22,
"Harrison, Antonia Pereira",AH1,Sales Associate,Culver City,Steven,6/6/2026,14:31,18:29,1:05,3:58,
"Harrison, Antonia Pereira",AH1,Sales Associate,Culver City,Steven,6/9/2026,8:57,13:50,,4:53,
"Harrison, Antonia Pereira",AH1,Sales Associate,Culver City,Steven,6/9/2026,14:46,17:03,0:56,2:17,
"Harrison, Antonia Pereira",AH1,Sales Associate,Culver City,Steven,6/10/2026,9:07,13:30,,4:23,
"Harrison, Antonia Pereira",AH1,Sales Associate,Culver City,Steven,6/10/2026,14:22,18:08,0:52,3:46,
"Harrison, Antonia Pereira",AH1,Sales Associate,Culver City,Steven,6/10/2026,18:56,21:08,0:48,2:12,
"Harrison, Antonia Pereira",AH1,Sales Associate,Culver City,Steven,6/11/2026,9:05,13:02,,3:57,
"Harrison, Antonia Pereira",AH1,Sales Associate,Culver City,Steven,6/11/2026,13:54,17:00,0:52,3:06,
"Harrison, Antonia Pereira",AH1,Sales Associate,Culver City,Steven,6/12/2026,9:05,13:09,,4:04,
"Harrison, Antonia Pereira",AH1,Sales Associate,Culver City,Steven,6/12/2026,13:56,17:30,0:47,3:34,
"Harrison, Antonia Pereira",AH1,Sales Associate,Culver City,Steven,6/13/2026,9:06,13:07,,4:01,
"Harrison, Antonia Pereira",AH1,Sales Associate,Culver City,Steven,6/13/2026,13:53,17:01,0:46,3:08,
"Harrison, Antonia Pereira",AH1,Sales Associate,Culver City,Steven,6/15/2026,9:05,12:46,,3:41,
"Harrison, Antonia Pereira",AH1,Sales Associate,Culver City,Steven,6/15/2026,13:46,17:51,1:00,4:05,
"Harrison, Antonia Pereira",AH1,Sales Associate,Culver City,Steven,6/16/2026,9:06,12:36,,3:30,
"Harrison, Antonia Pereira",AH1,Sales Associate,Culver City,Steven,6/16/2026,13:30,17:47,0:54,4:17,
"Harrison, Antonia Pereira",AH1,Sales Associate,Culver City,Steven,6/18/2026,9:00,13:43,,4:43,
"Harrison, Antonia Pereira",AH1,Sales Associate,Culver City,Steven,6/18/2026,14:47,21:03,1:04,6:16,
"Harrison, Antonia Pereira",AH1,Sales Associate,Culver City,Steven,6/19/2026,12:42,16:31,,3:49,
"Harrison, Antonia Pereira",AH1,Sales Associate,Culver City,Steven,6/19/2026,17:34,21:02,1:03,3:28,
"Harrison, Antonia Pereira",AH1,Sales Associate,Culver City,Steven,6/20/2026,12:28,15:55,,3:27,
"Harrison, Antonia Pereira",AH1,Sales Associate,Culver City,Steven,6/20/2026,17:03,21:01,1:08,3:58,
"Harrison, Antonia Pereira",AH1,Sales Associate,Culver City,Steven,6/23/2026,9:08,13:43,,4:35,
"Harrison, Antonia Pereira",AH1,Sales Associate,Culver City,Steven,6/23/2026,13:44,17:09,,3:25,
"Harrison, Antonia Pereira",AH1,Sales Associate,Culver City,Steven,6/24/2026,9:07,13:43,,4:36,
"Harrison, Antonia Pereira",AH1,Sales Associate,Culver City,Steven,6/24/2026,14:58,17:49,1:15,2:51,
"Harrison, Antonia Pereira",AH1,Sales Associate,Culver City,Steven,6/25/2026,9:09,13:05,,3:56,
"Harrison, Antonia Pereira",AH1,Sales Associate,Culver City,Steven,6/25/2026,13:57,17:42,0:52,3:45,
"Harrison, Antonia Pereira",AH1,Sales Associate,Culver City,Steven,6/26/2026,9:04,13:12,,4:08,
"Harrison, Antonia Pereira",AH1,Sales Associate,Culver City,Steven,6/26/2026,14:13,17:48,1:01,3:35,
"Harrison, Antonia Pereira",AH1,Sales Associate,Culver City,Steven,6/27/2026,12:45,20:45,,8:00,
"Harrison, Antonia Pereira",AH1,Sales Associate,Culver City,Steven,6/29/2026,9:04,12:32,,3:28,
"Harrison, Antonia Pereira",AH1,Sales Associate,Culver City,Steven,6/29/2026,13:36,17:40,1:04,4:04,
"Harrison, Antonia Pereira",AH1,Sales Associate,Culver City,Steven,6/30/2026,9:09,12:07,,2:58,
"Harrison, Antonia Pereira",AH1,Sales Associate,Culver City,Steven,6/30/2026,13:34,17:00,1:27,3:26,
"Hernandez, Cecilia",CF5,Manager,Palmdale,Shaun,6/1/2026,10:00,13:43,,3:43,
"Hernandez, Cecilia",CF5,Manager,Palmdale,Shaun,6/1/2026,14:41,17:08,0:58,2:27,
"Hernandez, Cecilia",CF5,Manager,Palmdale,Shaun,6/2/2026,9:59,13:01,,3:02,
"Hernandez, Cecilia",CF5,Manager,Palmdale,Shaun,6/2/2026,13:10,14:34,0:09,1:33,
"Hernandez, Cecilia",CF5,Manager,Palmdale,Shaun,6/2/2026,15:31,20:49,0:57,5:18,
"Hernandez, Cecilia",CF5,Manager,Palmdale,Shaun,6/3/2026,9:59,14:39,,4:40,
"Hernandez, Cecilia",CF5,Manager,Palmdale,Shaun,6/3/2026,15:39,20:52,1:00,5:13,
"Hernandez, Cecilia",CF5,Manager,Palmdale,Shaun,6/4/2026,10:00,14:43,,4:43,
"Hernandez, Cecilia",CF5,Manager,Palmdale,Shaun,6/4/2026,15:46,20:56,1:03,5:10,
"Hernandez, Cecilia",CF5,Manager,Palmdale,Shaun,6/6/2026,9:04,13:47,,4:43,
"Hernandez, Cecilia",CF5,Manager,Palmdale,Shaun,6/6/2026,14:45,18:59,0:58,4:14,
"Hernandez, Cecilia",CF5,Manager,Palmdale,Shaun,6/6/2026,19:08,20:00,0:09,1:01,
"Hernandez, Cecilia",CF5,Manager,Palmdale,Shaun,6/7/2026,12:59,16:06,,3:07,
"Hernandez, Cecilia",CF5,Manager,Palmdale,Shaun,6/7/2026,16:37,19:01,0:31,2:24,
"Hernandez, Cecilia",CF5,Manager,Palmdale,Shaun,6/8/2026,10:03,11:47,,1:44,
"Hernandez, Cecilia",CF5,Manager,Palmdale,Shaun,6/8/2026,12:03,14:50,0:16,2:57,
"Hernandez, Cecilia",CF5,Manager,Palmdale,Shaun,6/8/2026,15:52,20:51,1:02,4:59,
"Hernandez, Cecilia",CF5,Manager,Palmdale,Shaun,6/9/2026,10:00,14:54,,4:54,
"Hernandez, Cecilia",CF5,Manager,Palmdale,Shaun,6/9/2026,15:51,20:35,0:57,4:44,
"Hernandez, Cecilia",CF5,Manager,Palmdale,Shaun,6/10/2026,11:58,14:40,,2:42,
"Hernandez, Cecilia",CF5,Manager,Palmdale,Shaun,6/10/2026,14:49,15:39,0:09,0:59,
"Hernandez, Cecilia",CF5,Manager,Palmdale,Shaun,6/10/2026,16:37,21:17,0:58,4:40,
"Hernandez, Cecilia",CF5,Manager,Palmdale,Shaun,6/12/2026,11:03,15:38,,4:35,
"Hernandez, Cecilia",CF5,Manager,Palmdale,Shaun,6/12/2026,16:38,21:21,1:00,4:43,
"Hernandez, Cecilia",CF5,Manager,Palmdale,Shaun,6/13/2026,9:01,10:33,,1:32,
"Hernandez, Cecilia",CF5,Manager,Palmdale,Shaun,6/13/2026,10:41,13:56,0:08,3:23,
"Hernandez, Cecilia",CF5,Manager,Palmdale,Shaun,6/13/2026,14:56,20:31,1:00,5:35,
"Hernandez, Cecilia",CF5,Manager,Palmdale,Shaun,6/14/2026,12:57,17:51,,4:54,
"Hernandez, Cecilia",CF5,Manager,Palmdale,Shaun,6/14/2026,18:21,18:47,0:30,0:26,
"Hernandez, Cecilia",CF5,Manager,Palmdale,Shaun,6/15/2026,10:01,14:32,,4:31,
"Hernandez, Cecilia",CF5,Manager,Palmdale,Shaun,6/15/2026,15:33,17:03,1:01,1:30,
"Hernandez, Cecilia",CF5,Manager,Palmdale,Shaun,6/16/2026,9:59,13:15,,3:16,
"Hernandez, Cecilia",CF5,Manager,Palmdale,Shaun,6/16/2026,13:24,14:50,0:09,1:35,
"Hernandez, Cecilia",CF5,Manager,Palmdale,Shaun,6/16/2026,15:50,20:50,1:00,5:00,
"Hernandez, Cecilia",CF5,Manager,Palmdale,Shaun,6/17/2026,10:00,14:46,,4:46,
"Hernandez, Cecilia",CF5,Manager,Palmdale,Shaun,6/17/2026,15:47,20:46,1:01,4:59,
"Hernandez, Cecilia",CF5,Manager,Palmdale,Shaun,6/19/2026,11:03,15:10,,4:07,
"Hernandez, Cecilia",CF5,Manager,Palmdale,Shaun,6/19/2026,16:16,18:16,1:06,2:00,
"Hernandez, Cecilia",CF5,Manager,Palmdale,Shaun,6/19/2026,18:25,19:56,0:09,1:40,
"Hernandez, Cecilia",CF5,Manager,Palmdale,Shaun,6/19/2026,20:05,21:16,0:09,1:20,
"Hernandez, Cecilia",CF5,Manager,Palmdale,Shaun,6/20/2026,9:05,13:51,,4:46,
"Hernandez, Cecilia",CF5,Manager,Palmdale,Shaun,6/20/2026,14:49,19:58,0:58,5:09,
"Hernandez, Cecilia",CF5,Manager,Palmdale,Shaun,6/21/2026,12:55,15:56,,3:01,
"Hernandez, Cecilia",CF5,Manager,Palmdale,Shaun,6/21/2026,16:27,18:45,0:31,2:18,
"Hernandez, Cecilia",CF5,Manager,Palmdale,Shaun,6/22/2026,10:00,13:32,,3:32,
"Hernandez, Cecilia",CF5,Manager,Palmdale,Shaun,6/22/2026,14:32,17:01,1:00,2:29,
"Hernandez, Cecilia",CF5,Manager,Palmdale,Shaun,6/23/2026,10:03,14:48,,4:45,
"Hernandez, Cecilia",CF5,Manager,Palmdale,Shaun,6/23/2026,15:48,20:52,1:00,5:04,
"Hernandez, Cecilia",CF5,Manager,Palmdale,Shaun,6/24/2026,10:01,11:57,,1:56,
"Hernandez, Cecilia",CF5,Manager,Palmdale,Shaun,6/24/2026,12:05,14:43,0:08,2:46,
"Hernandez, Cecilia",CF5,Manager,Palmdale,Shaun,6/24/2026,15:47,18:00,1:04,2:13,
"Hernandez, Cecilia",CF5,Manager,Palmdale,Shaun,6/24/2026,18:10,19:04,0:10,1:04,
"Hernandez, Cecilia",CF5,Manager,Palmdale,Shaun,6/24/2026,19:09,20:07,0:05,0:58,
"Hernandez, Cecilia",CF5,Manager,Palmdale,Shaun,6/26/2026,9:00,13:47,,4:47,
"Hernandez, Cecilia",CF5,Manager,Palmdale,Shaun,6/26/2026,14:47,17:55,1:00,3:08,
"Hernandez, Cecilia",CF5,Manager,Palmdale,Shaun,6/26/2026,18:04,19:47,0:09,1:52,
"Hernandez, Cecilia",CF5,Manager,Palmdale,Shaun,6/27/2026,9:08,12:35,,3:27,
"Hernandez, Cecilia",CF5,Manager,Palmdale,Shaun,6/27/2026,13:34,14:08,0:59,0:34,
"Hernandez, Cecilia",CF5,Manager,Palmdale,Shaun,6/27/2026,14:19,18:24,0:11,4:15,
"Hernandez, Cecilia",CF5,Manager,Palmdale,Shaun,6/27/2026,18:32,19:56,0:08,1:32,
"Hernandez, Cecilia",CF5,Manager,Palmdale,Shaun,6/28/2026,12:51,14:23,,1:32,
"Hernandez, Cecilia",CF5,Manager,Palmdale,Shaun,6/28/2026,14:32,16:38,0:09,2:15,
"Hernandez, Cecilia",CF5,Manager,Palmdale,Shaun,6/28/2026,17:09,18:48,0:31,1:39,
"Hernandez, Cecilia",CF5,Manager,Palmdale,Shaun,6/29/2026,10:01,13:27,,3:26,
"Hernandez, Cecilia",CF5,Manager,Palmdale,Shaun,6/29/2026,14:27,17:01,1:00,2:34,
"Hernandez, Cecilia",CF5,Manager,Palmdale,Shaun,6/30/2026,10:02,12:24,,2:22,
"Hernandez, Cecilia",CF5,Manager,Palmdale,Shaun,6/30/2026,12:35,14:46,0:11,2:21,
"Hernandez, Cecilia",CF5,Manager,Palmdale,Shaun,6/30/2026,15:44,18:52,0:58,3:08,
"Hernandez, Cecilia",CF5,Manager,Palmdale,Shaun,6/30/2026,19:03,20:34,0:11,1:41,
"Hester, Jami L",JH,Sales Associate,VictorVille,Alexandra,6/1/2026,9:09,12:36,,3:27,
"Hester, Jami L",JH,Sales Associate,VictorVille,Alexandra,6/1/2026,12:43,13:38,0:07,1:02,
"Hester, Jami L",JH,Sales Associate,VictorVille,Alexandra,6/1/2026,14:37,17:06,0:59,2:29,
"Hester, Jami L",JH,Sales Associate,VictorVille,Alexandra,6/1/2026,17:16,17:53,0:10,0:47,
"Hester, Jami L",JH,Sales Associate,VictorVille,Alexandra,6/2/2026,9:00,12:35,,3:35,
"Hester, Jami L",JH,Sales Associate,VictorVille,Alexandra,6/2/2026,12:45,13:31,0:10,0:56,
"Hester, Jami L",JH,Sales Associate,VictorVille,Alexandra,6/2/2026,14:32,15:46,1:01,1:14,
"Hester, Jami L",JH,Sales Associate,VictorVille,Alexandra,6/2/2026,15:56,18:48,0:10,3:02,
"Hester, Jami L",JH,Sales Associate,VictorVille,Alexandra,6/3/2026,9:09,12:32,,3:23,
"Hester, Jami L",JH,Sales Associate,VictorVille,Alexandra,6/3/2026,12:42,13:51,0:10,1:19,
"Hester, Jami L",JH,Sales Associate,VictorVille,Alexandra,6/3/2026,14:50,17:09,0:59,2:19,
"Hester, Jami L",JH,Sales Associate,VictorVille,Alexandra,6/3/2026,17:20,17:49,0:11,0:39,
"Hester, Jami L",JH,Sales Associate,VictorVille,Alexandra,6/4/2026,9:08,12:49,,3:41,
"Hester, Jami L",JH,Sales Associate,VictorVille,Alexandra,6/4/2026,13:00,13:23,0:11,0:33,
"Hester, Jami L",JH,Sales Associate,VictorVille,Alexandra,6/4/2026,14:22,17:27,0:59,3:05,
"Hester, Jami L",JH,Sales Associate,VictorVille,Alexandra,6/4/2026,17:36,17:53,0:09,0:26,
"Hester, Jami L",JH,Sales Associate,VictorVille,Alexandra,6/6/2026,9:00,11:34,,2:34,
"Hester, Jami L",JH,Sales Associate,VictorVille,Alexandra,6/6/2026,11:44,13:50,0:10,2:16,
"Hester, Jami L",JH,Sales Associate,VictorVille,Alexandra,6/6/2026,14:48,16:55,0:58,2:07,
"Hester, Jami L",JH,Sales Associate,VictorVille,Alexandra,6/6/2026,17:05,18:13,0:10,1:18,
"Hester, Jami L",JH,Sales Associate,VictorVille,Alexandra,6/8/2026,9:00,11:59,,2:59,
"Hester, Jami L",JH,Sales Associate,VictorVille,Alexandra,6/8/2026,9:00,13:00,,4:00,
"Hester, Jami L",JH,Sales Associate,VictorVille,Alexandra,6/9/2026,9:02,12:14,,3:12,
"Hester, Jami L",JH,Sales Associate,VictorVille,Alexandra,6/9/2026,12:24,13:02,0:10,0:48,
"Hester, Jami L",JH,Sales Associate,VictorVille,Alexandra,6/9/2026,13:59,16:55,0:57,2:56,
"Hester, Jami L",JH,Sales Associate,VictorVille,Alexandra,6/9/2026,17:05,17:51,0:10,0:56,
"Hester, Jami L",JH,Sales Associate,VictorVille,Alexandra,6/10/2026,9:01,12:28,,3:27,
"Hester, Jami L",JH,Sales Associate,VictorVille,Alexandra,6/10/2026,12:38,13:11,0:10,0:43,
"Hester, Jami L",JH,Sales Associate,VictorVille,Alexandra,6/10/2026,14:14,16:49,1:03,2:35,
"Hester, Jami L",JH,Sales Associate,VictorVille,Alexandra,6/10/2026,17:03,17:50,0:14,0:57,
"Hester, Jami L",JH,Sales Associate,VictorVille,Alexandra,6/11/2026,9:01,12:39,,3:38,
"Hester, Jami L",JH,Sales Associate,VictorVille,Alexandra,6/11/2026,12:49,13:54,0:10,1:15,
"Hester, Jami L",JH,Sales Associate,VictorVille,Alexandra,6/11/2026,14:54,16:51,1:00,1:57,
"Hester, Jami L",JH,Sales Associate,VictorVille,Alexandra,6/11/2026,17:01,18:04,0:10,1:13,
"Hester, Jami L",JH,Sales Associate,VictorVille,Alexandra,6/13/2026,9:00,12:17,,3:17,
"Hester, Jami L",JH,Sales Associate,VictorVille,Alexandra,6/13/2026,12:27,13:43,0:10,1:26,
"Hester, Jami L",JH,Sales Associate,VictorVille,Alexandra,6/13/2026,14:41,16:59,0:58,2:18,
"Hester, Jami L",JH,Sales Associate,VictorVille,Alexandra,6/13/2026,17:09,17:47,0:10,0:48,
"Hester, Jami L",JH,Sales Associate,VictorVille,Alexandra,6/15/2026,9:02,12:38,,3:36,
"Hester, Jami L",JH,Sales Associate,VictorVille,Alexandra,6/15/2026,12:48,13:45,0:10,1:07,
"Hester, Jami L",JH,Sales Associate,VictorVille,Alexandra,6/15/2026,14:41,17:13,0:56,2:32,
"Hester, Jami L",JH,Sales Associate,VictorVille,Alexandra,6/15/2026,17:24,17:52,0:11,0:38,
"Hester, Jami L",JH,Sales Associate,VictorVille,Alexandra,6/16/2026,9:05,12:36,,3:31,
"Hester, Jami L",JH,Sales Associate,VictorVille,Alexandra,6/16/2026,12:45,13:30,0:09,0:54,
"Hester, Jami L",JH,Sales Associate,VictorVille,Alexandra,6/16/2026,14:32,17:11,1:02,2:39,
"Hester, Jami L",JH,Sales Associate,VictorVille,Alexandra,6/16/2026,17:20,17:52,0:09,0:41,
"Hester, Jami L",JH,Sales Associate,VictorVille,Alexandra,6/17/2026,9:02,12:00,,2:58,
"Hester, Jami L",JH,Sales Associate,VictorVille,Alexandra,6/17/2026,12:10,13:44,0:10,1:44,
"Hester, Jami L",JH,Sales Associate,VictorVille,Alexandra,6/17/2026,14:43,16:51,0:59,2:08,
"Hester, Jami L",JH,Sales Associate,VictorVille,Alexandra,6/17/2026,17:01,17:55,0:10,1:04,
"Hester, Jami L",JH,Sales Associate,VictorVille,Alexandra,6/18/2026,9:02,12:22,,3:20,
"Hester, Jami L",JH,Sales Associate,VictorVille,Alexandra,6/18/2026,12:30,13:13,0:08,0:51,
"Hester, Jami L",JH,Sales Associate,VictorVille,Alexandra,6/18/2026,14:05,17:09,0:52,3:04,
"Hester, Jami L",JH,Sales Associate,VictorVille,Alexandra,6/18/2026,17:21,17:52,0:12,0:41,
"Hester, Jami L",JH,Sales Associate,VictorVille,Alexandra,6/20/2026,9:07,12:03,,2:56,
"Hester, Jami L",JH,Sales Associate,VictorVille,Alexandra,6/20/2026,12:13,13:41,0:10,1:38,
"Hester, Jami L",JH,Sales Associate,VictorVille,Alexandra,6/20/2026,14:40,16:36,0:59,1:56,
"Hester, Jami L",JH,Sales Associate,VictorVille,Alexandra,6/20/2026,16:46,17:54,0:10,1:18,
"Hester, Jami L",JH,Sales Associate,VictorVille,Alexandra,6/22/2026,9:07,11:40,,2:33,
"Hester, Jami L",JH,Sales Associate,VictorVille,Alexandra,6/22/2026,11:50,13:36,0:10,1:56,
"Hester, Jami L",JH,Sales Associate,VictorVille,Alexandra,6/22/2026,14:34,17:10,0:58,2:36,
"Hester, Jami L",JH,Sales Associate,VictorVille,Alexandra,6/22/2026,17:20,17:48,0:10,0:38,
"Hester, Jami L",JH,Sales Associate,VictorVille,Alexandra,6/23/2026,9:01,11:26,,2:25,
"Hester, Jami L",JH,Sales Associate,VictorVille,Alexandra,6/23/2026,11:36,13:39,0:10,2:13,
"Hester, Jami L",JH,Sales Associate,VictorVille,Alexandra,6/23/2026,14:38,17:04,0:59,2:26,
"Hester, Jami L",JH,Sales Associate,VictorVille,Alexandra,6/23/2026,17:14,17:51,0:10,0:47,
"Hester, Jami L",JH,Sales Associate,VictorVille,Alexandra,6/24/2026,9:03,11:48,,2:45,
"Hester, Jami L",JH,Sales Associate,VictorVille,Alexandra,6/24/2026,11:58,13:06,0:10,1:18,
"Hester, Jami L",JH,Sales Associate,VictorVille,Alexandra,6/24/2026,14:03,17:00,0:57,2:57,
"Hester, Jami L",JH,Sales Associate,VictorVille,Alexandra,6/24/2026,17:11,17:50,0:11,0:49,
"Hester, Jami L",JH,Sales Associate,VictorVille,Alexandra,6/26/2026,9:00,12:37,,3:37,
"Hester, Jami L",JH,Sales Associate,VictorVille,Alexandra,6/26/2026,12:47,13:53,0:10,1:16,
"Hester, Jami L",JH,Sales Associate,VictorVille,Alexandra,6/26/2026,14:52,17:08,0:59,2:16,
"Hester, Jami L",JH,Sales Associate,VictorVille,Alexandra,6/26/2026,17:18,18:23,0:10,1:15,
"Hester, Jami L",JH,Sales Associate,VictorVille,Alexandra,6/27/2026,9:00,11:51,,2:51,
"Hester, Jami L",JH,Sales Associate,VictorVille,Alexandra,6/27/2026,12:01,13:16,0:10,1:25,
"Hester, Jami L",JH,Sales Associate,VictorVille,Alexandra,6/27/2026,14:12,17:50,0:56,3:38,
"Hester, Jami L",JH,Sales Associate,VictorVille,Alexandra,6/27/2026,18:00,20:40,0:10,2:50,
"Hester, Jami L",JH,Sales Associate,VictorVille,Alexandra,6/29/2026,9:07,11:58,,2:51,
"Hester, Jami L",JH,Sales Associate,VictorVille,Alexandra,6/29/2026,12:08,13:59,0:10,2:01,
"Hester, Jami L",JH,Sales Associate,VictorVille,Alexandra,6/29/2026,14:52,17:23,0:53,2:31,
"Hester, Jami L",JH,Sales Associate,VictorVille,Alexandra,6/29/2026,17:34,18:14,0:11,0:50,
"Hester, Jami L",JH,Sales Associate,VictorVille,Alexandra,6/30/2026,9:02,11:37,,2:35,
"Hester, Jami L",JH,Sales Associate,VictorVille,Alexandra,6/30/2026,11:47,12:05,0:10,0:28,
"Hester, Jami L",JH,Sales Associate,VictorVille,Alexandra,6/30/2026,13:00,17:43,0:55,4:43,
"Hester, Jami L",JH,Sales Associate,VictorVille,Alexandra,6/30/2026,17:54,18:05,0:11,0:21,
"Hossain, Mashrik MD",MH2,Sales Associate,Santa Anita,Jesus Acosta ,6/1/2026,9:27,14:22,,4:55,
"Hossain, Mashrik MD",MH2,Sales Associate,Santa Anita,Jesus Acosta ,6/1/2026,15:28,18:44,1:06,3:16,
"Hossain, Mashrik MD",MH2,Sales Associate,Santa Anita,Jesus Acosta ,6/1/2026,19:55,21:32,1:11,1:37,
"Hossain, Mashrik MD",MH2,Sales Associate,Santa Anita,Jesus Acosta ,6/2/2026,9:27,13:28,,4:01,
"Hossain, Mashrik MD",MH2,Sales Associate,Santa Anita,Jesus Acosta ,6/2/2026,14:28,18:16,1:00,3:48,
"Hossain, Mashrik MD",MH2,Sales Associate,Santa Anita,Jesus Acosta ,6/2/2026,19:26,21:29,1:10,2:03,
"Hossain, Mashrik MD",MH2,Sales Associate,Santa Anita,Jesus Acosta ,6/3/2026,9:27,13:45,,4:18,
"Hossain, Mashrik MD",MH2,Sales Associate,Santa Anita,Jesus Acosta ,6/3/2026,14:45,18:07,1:00,3:22,
"Hossain, Mashrik MD",MH2,Sales Associate,Santa Anita,Jesus Acosta ,6/3/2026,19:08,21:32,1:01,2:24,
"Hossain, Mashrik MD",MH2,Sales Associate,Santa Anita,Jesus Acosta ,6/4/2026,9:29,14:00,,4:31,
"Hossain, Mashrik MD",MH2,Sales Associate,Santa Anita,Jesus Acosta ,6/4/2026,15:00,19:04,1:00,4:04,
"Hossain, Mashrik MD",MH2,Sales Associate,Santa Anita,Jesus Acosta ,6/4/2026,20:05,21:34,1:01,1:29,
"Hossain, Mashrik MD",MH2,Sales Associate,Santa Anita,Jesus Acosta ,6/6/2026,9:28,14:18,,4:50,
"Hossain, Mashrik MD",MH2,Sales Associate,Santa Anita,Jesus Acosta ,6/6/2026,15:18,18:01,1:00,2:43,
"Hossain, Mashrik MD",MH2,Sales Associate,Santa Anita,Jesus Acosta ,6/6/2026,19:01,21:32,1:00,2:31,
"Hossain, Mashrik MD",MH2,Sales Associate,Santa Anita,Jesus Acosta ,6/7/2026,10:27,13:42,,3:15,
"Hossain, Mashrik MD",MH2,Sales Associate,Santa Anita,Jesus Acosta ,6/7/2026,14:42,20:33,1:00,5:51,
"Hossain, Mashrik MD",MH2,Sales Associate,Santa Anita,Jesus Acosta ,6/8/2026,9:26,13:13,,3:47,
"Hossain, Mashrik MD",MH2,Sales Associate,Santa Anita,Jesus Acosta ,6/8/2026,13:43,15:28,0:30,1:45,
"Hossain, Mashrik MD",MH2,Sales Associate,Santa Anita,Jesus Acosta ,6/9/2026,9:30,13:46,,4:16,
"Hossain, Mashrik MD",MH2,Sales Associate,Santa Anita,Jesus Acosta ,6/9/2026,14:54,18:51,1:08,3:57,
"Hossain, Mashrik MD",MH2,Sales Associate,Santa Anita,Jesus Acosta ,6/9/2026,19:52,21:27,1:01,1:35,
"Hossain, Mashrik MD",MH2,Sales Associate,Santa Anita,Jesus Acosta ,6/10/2026,9:26,13:38,,4:12,
"Hossain, Mashrik MD",MH2,Sales Associate,Santa Anita,Jesus Acosta ,6/10/2026,14:39,18:17,1:01,3:38,
"Hossain, Mashrik MD",MH2,Sales Associate,Santa Anita,Jesus Acosta ,6/10/2026,19:18,21:27,1:01,2:09,
"Hossain, Mashrik MD",MH2,Sales Associate,Santa Anita,Jesus Acosta ,6/11/2026,9:23,13:44,,4:21,
"Hossain, Mashrik MD",MH2,Sales Associate,Santa Anita,Jesus Acosta ,6/11/2026,14:45,17:30,1:01,2:45,
"Hossain, Mashrik MD",MH2,Sales Associate,Santa Anita,Jesus Acosta ,6/11/2026,18:30,21:42,1:00,3:12,
"Hossain, Mashrik MD",MH2,Sales Associate,Santa Anita,Jesus Acosta ,6/13/2026,9:26,13:32,,4:06,
"Hossain, Mashrik MD",MH2,Sales Associate,Santa Anita,Jesus Acosta ,6/13/2026,14:34,17:57,1:02,3:23,
"Hossain, Mashrik MD",MH2,Sales Associate,Santa Anita,Jesus Acosta ,6/13/2026,18:57,21:32,1:00,2:35,
"Hossain, Mashrik MD",MH2,Sales Associate,Santa Anita,Jesus Acosta ,6/14/2026,10:24,13:06,,2:42,
"Hossain, Mashrik MD",MH2,Sales Associate,Santa Anita,Jesus Acosta ,6/14/2026,14:12,20:27,1:06,6:15,
"Hossain, Mashrik MD",MH2,Sales Associate,Santa Anita,Jesus Acosta ,6/15/2026,9:29,13:58,,4:29,
"Hossain, Mashrik MD",MH2,Sales Associate,Santa Anita,Jesus Acosta ,6/15/2026,14:59,18:27,1:01,3:28,
"Hossain, Mashrik MD",MH2,Sales Associate,Santa Anita,Jesus Acosta ,6/15/2026,19:27,21:39,1:00,2:12,
"Hossain, Mashrik MD",MH2,Sales Associate,Santa Anita,Jesus Acosta ,6/16/2026,9:23,14:21,,4:58,
"Hossain, Mashrik MD",MH2,Sales Associate,Santa Anita,Jesus Acosta ,6/16/2026,15:22,17:45,1:01,2:23,
"Hossain, Mashrik MD",MH2,Sales Associate,Santa Anita,Jesus Acosta ,6/16/2026,18:50,21:38,1:05,2:48,
"Hossain, Mashrik MD",MH2,Sales Associate,Santa Anita,Jesus Acosta ,6/17/2026,9:26,14:05,,4:39,
"Hossain, Mashrik MD",MH2,Sales Associate,Santa Anita,Jesus Acosta ,6/17/2026,15:05,17:50,1:00,2:45,
"Hossain, Mashrik MD",MH2,Sales Associate,Santa Anita,Jesus Acosta ,6/17/2026,18:50,21:22,1:00,2:32,
"Hossain, Mashrik MD",MH2,Sales Associate,Santa Anita,Jesus Acosta ,6/18/2026,9:23,13:30,,4:07,
"Hossain, Mashrik MD",MH2,Sales Associate,Santa Anita,Jesus Acosta ,6/18/2026,14:30,17:30,1:00,3:00,
"Hossain, Mashrik MD",MH2,Sales Associate,Santa Anita,Jesus Acosta ,6/18/2026,18:30,21:27,1:00,2:57,
"Hossain, Mashrik MD",MH2,Sales Associate,Santa Anita,Jesus Acosta ,6/20/2026,9:22,13:04,,3:42,
"Hossain, Mashrik MD",MH2,Sales Associate,Santa Anita,Jesus Acosta ,6/20/2026,14:05,17:43,1:01,3:38,
"Hossain, Mashrik MD",MH2,Sales Associate,Santa Anita,Jesus Acosta ,6/20/2026,18:46,21:21,1:03,2:35,
"Hossain, Mashrik MD",MH2,Sales Associate,Santa Anita,Jesus Acosta ,6/21/2026,10:27,12:59,,2:32,
"Hossain, Mashrik MD",MH2,Sales Associate,Santa Anita,Jesus Acosta ,6/21/2026,14:02,20:32,1:03,6:30,
"Hossain, Mashrik MD",MH2,Sales Associate,Santa Anita,Jesus Acosta ,6/22/2026,9:24,13:03,,3:39,
"Hossain, Mashrik MD",MH2,Sales Associate,Santa Anita,Jesus Acosta ,6/22/2026,14:06,18:09,1:03,4:03,
"Hossain, Mashrik MD",MH2,Sales Associate,Santa Anita,Jesus Acosta ,6/22/2026,19:09,21:31,1:00,2:22,
"Hossain, Mashrik MD",MH2,Sales Associate,Santa Anita,Jesus Acosta ,6/23/2026,9:28,13:51,,4:23,
"Hossain, Mashrik MD",MH2,Sales Associate,Santa Anita,Jesus Acosta ,6/23/2026,14:53,17:40,1:02,2:47,
"Hossain, Mashrik MD",MH2,Sales Associate,Santa Anita,Jesus Acosta ,6/23/2026,18:40,21:19,1:00,2:39,
"Hossain, Mashrik MD",MH2,Sales Associate,Santa Anita,Jesus Acosta ,6/24/2026,9:22,13:13,,3:51,
"Hossain, Mashrik MD",MH2,Sales Associate,Santa Anita,Jesus Acosta ,6/24/2026,14:23,17:57,1:10,3:34,
"Hossain, Mashrik MD",MH2,Sales Associate,Santa Anita,Jesus Acosta ,6/24/2026,18:58,21:22,1:01,2:24,
"Hossain, Mashrik MD",MH2,Sales Associate,Santa Anita,Jesus Acosta ,6/25/2026,9:26,13:17,,3:51,
"Hossain, Mashrik MD",MH2,Sales Associate,Santa Anita,Jesus Acosta ,6/25/2026,14:21,17:07,1:04,2:46,
"Hossain, Mashrik MD",MH2,Sales Associate,Santa Anita,Jesus Acosta ,6/25/2026,18:07,21:35,1:00,3:28,
"Hossain, Mashrik MD",MH2,Sales Associate,Santa Anita,Jesus Acosta ,6/27/2026,9:25,12:57,,3:32,
"Hossain, Mashrik MD",MH2,Sales Associate,Santa Anita,Jesus Acosta ,6/27/2026,13:58,17:38,1:01,3:40,
"Hossain, Mashrik MD",MH2,Sales Associate,Santa Anita,Jesus Acosta ,6/27/2026,18:38,21:16,1:00,2:38,
"Hossain, Mashrik MD",MH2,Sales Associate,Santa Anita,Jesus Acosta ,6/28/2026,10:32,14:51,,4:19,
"Hossain, Mashrik MD",MH2,Sales Associate,Santa Anita,Jesus Acosta ,6/28/2026,15:51,20:22,1:00,4:31,
"Hossain, Mashrik MD",MH2,Sales Associate,Santa Anita,Jesus Acosta ,6/29/2026,9:28,12:31,,3:03,
"Hossain, Mashrik MD",MH2,Sales Associate,Santa Anita,Jesus Acosta ,6/29/2026,13:32,18:27,1:01,4:55,
"Hossain, Mashrik MD",MH2,Sales Associate,Santa Anita,Jesus Acosta ,6/29/2026,19:09,21:22,0:42,2:13,
"Hossain, Mashrik MD",MH2,Sales Associate,Santa Anita,Jesus Acosta ,6/30/2026,9:30,14:00,,4:30,
"Hossain, Mashrik MD",MH2,Sales Associate,Santa Anita,Jesus Acosta ,6/30/2026,15:00,17:24,1:00,2:24,
"Hossain, Mashrik MD",MH2,Sales Associate,Santa Anita,Jesus Acosta ,6/30/2026,18:25,21:20,1:01,2:55,
"Huynh, Anh",AH,Jewelry Technician,Fresno,Lourdes,6/1/2026,10:38,15:10,,4:32,
"Huynh, Anh",AH,Jewelry Technician,Fresno,Lourdes,6/1/2026,15:40,18:52,0:30,3:12,
"Huynh, Anh",AH,Jewelry Technician,Fresno,Lourdes,6/3/2026,10:29,14:53,,4:24,
"Huynh, Anh",AH,Jewelry Technician,Fresno,Lourdes,6/3/2026,15:25,18:54,0:32,3:29,
"Huynh, Anh",AH,Jewelry Technician,Fresno,Lourdes,6/4/2026,10:36,14:45,,4:09,
"Huynh, Anh",AH,Jewelry Technician,Fresno,Lourdes,6/4/2026,15:16,18:54,0:31,3:38,
"Huynh, Anh",AH,Jewelry Technician,Fresno,Lourdes,6/5/2026,10:45,15:12,,4:27,
"Huynh, Anh",AH,Jewelry Technician,Fresno,Lourdes,6/5/2026,15:48,18:54,0:36,3:06,
"Huynh, Anh",AH,Jewelry Technician,Fresno,Lourdes,6/6/2026,10:30,15:05,,4:35,
"Huynh, Anh",AH,Jewelry Technician,Fresno,Lourdes,6/6/2026,15:36,18:53,0:31,3:17,
"Huynh, Anh",AH,Jewelry Technician,Fresno,Lourdes,6/7/2026,10:39,15:00,,4:21,
"Huynh, Anh",AH,Jewelry Technician,Fresno,Lourdes,6/7/2026,15:39,18:50,0:39,3:11,
"Huynh, Anh",AH,Jewelry Technician,Fresno,Lourdes,6/8/2026,10:40,15:26,,4:46,
"Huynh, Anh",AH,Jewelry Technician,Fresno,Lourdes,6/8/2026,16:02,18:56,0:36,2:54,
"Huynh, Anh",AH,Jewelry Technician,Fresno,Lourdes,6/10/2026,10:42,15:09,,4:27,
"Huynh, Anh",AH,Jewelry Technician,Fresno,Lourdes,6/10/2026,15:45,18:56,0:36,3:11,
"Huynh, Anh",AH,Jewelry Technician,Fresno,Lourdes,6/12/2026,10:37,15:09,,4:32,
"Huynh, Anh",AH,Jewelry Technician,Fresno,Lourdes,6/12/2026,15:47,18:54,0:38,3:07,
"Huynh, Anh",AH,Jewelry Technician,Fresno,Lourdes,6/13/2026,10:37,14:59,,4:22,
"Huynh, Anh",AH,Jewelry Technician,Fresno,Lourdes,6/13/2026,15:32,18:54,0:33,3:22,
"Huynh, Anh",AH,Jewelry Technician,Fresno,Lourdes,6/14/2026,10:39,15:05,,4:26,
"Huynh, Anh",AH,Jewelry Technician,Fresno,Lourdes,6/14/2026,15:37,18:46,0:32,3:09,
"Huynh, Anh",AH,Jewelry Technician,Fresno,Lourdes,6/15/2026,10:40,14:52,,4:12,
"Huynh, Anh",AH,Jewelry Technician,Fresno,Lourdes,6/15/2026,15:24,19:04,0:32,3:40,
"Huynh, Anh",AH,Jewelry Technician,Fresno,Lourdes,6/17/2026,10:33,15:02,,4:29,
"Huynh, Anh",AH,Jewelry Technician,Fresno,Lourdes,6/17/2026,15:41,18:55,0:39,3:14,
"Huynh, Anh",AH,Jewelry Technician,Fresno,Lourdes,6/18/2026,10:44,14:50,,4:06,
"Huynh, Anh",AH,Jewelry Technician,Fresno,Lourdes,6/18/2026,15:23,18:57,0:33,3:34,
"Huynh, Anh",AH,Jewelry Technician,Fresno,Lourdes,6/19/2026,10:38,14:52,,4:14,
"Huynh, Anh",AH,Jewelry Technician,Fresno,Lourdes,6/19/2026,15:31,19:10,0:39,3:39,
"Huynh, Anh",AH,Jewelry Technician,Fresno,Lourdes,6/20/2026,10:38,14:40,,4:02,
"Huynh, Anh",AH,Jewelry Technician,Fresno,Lourdes,6/20/2026,15:14,18:51,0:34,3:37,
"Huynh, Anh",AH,Jewelry Technician,Fresno,Lourdes,6/21/2026,10:40,15:17,,4:37,
"Huynh, Anh",AH,Jewelry Technician,Fresno,Lourdes,6/21/2026,15:48,18:52,0:31,3:04,
"Huynh, Anh",AH,Jewelry Technician,Fresno,Lourdes,6/22/2026,10:35,14:56,,4:21,
"Huynh, Anh",AH,Jewelry Technician,Fresno,Lourdes,6/22/2026,15:29,18:52,0:33,3:23,
"Huynh, Anh",AH,Jewelry Technician,Fresno,Lourdes,6/24/2026,10:27,14:42,,4:15,
"Huynh, Anh",AH,Jewelry Technician,Fresno,Lourdes,6/24/2026,15:15,18:56,0:33,3:41,
"Huynh, Anh",AH,Jewelry Technician,Fresno,Lourdes,6/26/2026,10:33,15:00,,4:27,
"Huynh, Anh",AH,Jewelry Technician,Fresno,Lourdes,6/26/2026,15:32,19:00,0:32,3:28,
"Huynh, Anh",AH,Jewelry Technician,Fresno,Lourdes,6/27/2026,10:39,15:00,,4:21,
"Huynh, Anh",AH,Jewelry Technician,Fresno,Lourdes,6/27/2026,15:33,18:52,0:33,3:19,
"Huynh, Anh",AH,Jewelry Technician,Fresno,Lourdes,6/28/2026,10:41,14:56,,4:15,
"Huynh, Anh",AH,Jewelry Technician,Fresno,Lourdes,6/28/2026,15:29,18:52,0:33,3:23,
"Huynh, Anh",AH,Jewelry Technician,Fresno,Lourdes,6/29/2026,10:44,14:53,,4:09,
"Huynh, Anh",AH,Jewelry Technician,Fresno,Lourdes,6/29/2026,15:25,18:54,0:32,3:29,
"Ibarra, Fransisco J",FI,Jewelry Technician,Plaza Bonita,Syed,6/1/2026,10:30,14:55,,4:25,
"Ibarra, Fransisco J",FI,Jewelry Technician,Plaza Bonita,Syed,6/1/2026,15:54,19:25,0:59,3:31,
"Ibarra, Fransisco J",FI,Jewelry Technician,Plaza Bonita,Syed,6/3/2026,10:04,13:59,,3:55,
"Ibarra, Fransisco J",FI,Jewelry Technician,Plaza Bonita,Syed,6/3/2026,14:52,19:01,0:53,4:09,
"Ibarra, Fransisco J",FI,Jewelry Technician,Plaza Bonita,Syed,6/6/2026,11:24,15:28,,4:04,
"Ibarra, Fransisco J",FI,Jewelry Technician,Plaza Bonita,Syed,6/6/2026,16:29,20:24,1:01,3:55,
"Ibarra, Fransisco J",FI,Jewelry Technician,Plaza Bonita,Syed,6/8/2026,10:26,14:26,,4:00,
"Ibarra, Fransisco J",FI,Jewelry Technician,Plaza Bonita,Syed,6/8/2026,15:27,19:25,1:01,3:58,
"Ibarra, Fransisco J",FI,Jewelry Technician,Plaza Bonita,Syed,6/10/2026,10:24,14:25,,4:01,
"Ibarra, Fransisco J",FI,Jewelry Technician,Plaza Bonita,Syed,6/10/2026,15:25,19:23,1:00,3:58,
"Ibarra, Fransisco J",FI,Jewelry Technician,Plaza Bonita,Syed,6/13/2026,11:26,15:29,,4:03,
"Ibarra, Fransisco J",FI,Jewelry Technician,Plaza Bonita,Syed,6/13/2026,16:27,20:29,0:58,4:02,
"Ibarra, Fransisco J",FI,Jewelry Technician,Plaza Bonita,Syed,6/14/2026,10:25,14:27,,4:02,
"Ibarra, Fransisco J",FI,Jewelry Technician,Plaza Bonita,Syed,6/14/2026,15:25,18:31,0:58,3:06,
"Ibarra, Fransisco J",FI,Jewelry Technician,Plaza Bonita,Syed,6/17/2026,10:26,14:28,,4:02,
"Ibarra, Fransisco J",FI,Jewelry Technician,Plaza Bonita,Syed,6/17/2026,15:26,19:21,0:58,3:55,
"Ibarra, Fransisco J",FI,Jewelry Technician,Plaza Bonita,Syed,6/20/2026,11:26,12:03,,0:37,
"Ibarra, Fransisco J",FI,Jewelry Technician,Plaza Bonita,Syed,6/20/2026,12:12,15:25,0:09,3:22,
"Ibarra, Fransisco J",FI,Jewelry Technician,Plaza Bonita,Syed,6/20/2026,16:26,20:21,1:01,3:55,
"Ibarra, Fransisco J",FI,Jewelry Technician,Plaza Bonita,Syed,6/22/2026,10:30,18:30,,8:00,
"Ibarra, Fransisco J",FI,Jewelry Technician,Plaza Bonita,Syed,6/24/2026,10:49,14:34,,3:45,
"Ibarra, Fransisco J",FI,Jewelry Technician,Plaza Bonita,Syed,6/24/2026,15:19,19:25,0:45,4:06,
"Ibarra, Fransisco J",FI,Jewelry Technician,Plaza Bonita,Syed,6/27/2026,11:20,15:24,,4:04,
"Ibarra, Fransisco J",FI,Jewelry Technician,Plaza Bonita,Syed,6/27/2026,16:27,20:21,1:03,3:54,
"Ibarra, Fransisco J",FI,Jewelry Technician,Plaza Bonita,Syed,6/29/2026,10:23,14:25,,4:02,
"Ibarra, Fransisco J",FI,Jewelry Technician,Plaza Bonita,Syed,6/29/2026,15:23,19:23,0:58,4:00,
"James Anthony, Guzman",JG5,Sales Associate,Palmdale,Cecilia,6/2/2026,12:40,15:58,,3:18,
"James Anthony, Guzman",JG5,Sales Associate,Palmdale,Cecilia,6/2/2026,16:08,16:57,0:10,0:59,
"James Anthony, Guzman",JG5,Sales Associate,Palmdale,Cecilia,6/2/2026,17:57,20:49,1:00,2:52,
"James Anthony, Guzman",JG5,Sales Associate,Palmdale,Cecilia,6/3/2026,10:01,12:23,,2:22,
"James Anthony, Guzman",JG5,Sales Associate,Palmdale,Cecilia,6/3/2026,12:33,13:30,0:10,1:07,
"James Anthony, Guzman",JG5,Sales Associate,Palmdale,Cecilia,6/3/2026,14:30,15:20,1:00,0:50,
"James Anthony, Guzman",JG5,Sales Associate,Palmdale,Cecilia,6/3/2026,15:30,17:15,0:10,1:55,
"James Anthony, Guzman",JG5,Sales Associate,Palmdale,Cecilia,6/3/2026,17:45,20:50,0:30,3:05,
"James Anthony, Guzman",JG5,Sales Associate,Palmdale,Cecilia,6/5/2026,11:34,14:21,,2:47,
"James Anthony, Guzman",JG5,Sales Associate,Palmdale,Cecilia,6/5/2026,14:33,16:19,0:12,1:56,
"James Anthony, Guzman",JG5,Sales Associate,Palmdale,Cecilia,6/5/2026,17:24,19:37,1:05,2:13,
"James Anthony, Guzman",JG5,Sales Associate,Palmdale,Cecilia,6/5/2026,19:49,21:08,0:12,1:29,
"James Anthony, Guzman",JG5,Sales Associate,Palmdale,Cecilia,6/6/2026,12:35,14:10,,1:35,
"James Anthony, Guzman",JG5,Sales Associate,Palmdale,Cecilia,6/6/2026,14:21,16:14,0:11,2:03,
"James Anthony, Guzman",JG5,Sales Associate,Palmdale,Cecilia,6/6/2026,17:20,20:56,1:06,3:36,
"James Anthony, Guzman",JG5,Sales Associate,Palmdale,Cecilia,6/7/2026,10:14,14:00,,3:46,
"James Anthony, Guzman",JG5,Sales Associate,Palmdale,Cecilia,6/7/2026,15:08,16:32,1:08,1:24,
"James Anthony, Guzman",JG5,Sales Associate,Palmdale,Cecilia,6/7/2026,16:46,19:04,0:14,2:28,
"James Anthony, Guzman",JG5,Sales Associate,Palmdale,Cecilia,6/8/2026,11:40,16:14,,4:34,
"James Anthony, Guzman",JG5,Sales Associate,Palmdale,Cecilia,6/8/2026,17:20,18:26,1:06,1:06,
"James Anthony, Guzman",JG5,Sales Associate,Palmdale,Cecilia,6/8/2026,18:41,20:51,0:15,2:20,
"James Anthony, Guzman",JG5,Sales Associate,Palmdale,Cecilia,6/11/2026,12:32,14:47,,2:15,
"James Anthony, Guzman",JG5,Sales Associate,Palmdale,Cecilia,6/11/2026,15:00,17:10,0:13,2:20,
"James Anthony, Guzman",JG5,Sales Associate,Palmdale,Cecilia,6/11/2026,18:13,20:19,1:03,2:06,
"James Anthony, Guzman",JG5,Sales Associate,Palmdale,Cecilia,6/12/2026,11:33,14:02,,2:29,
"James Anthony, Guzman",JG5,Sales Associate,Palmdale,Cecilia,6/12/2026,14:15,16:13,0:13,2:08,
"James Anthony, Guzman",JG5,Sales Associate,Palmdale,Cecilia,6/12/2026,17:20,19:06,1:07,1:46,
"James Anthony, Guzman",JG5,Sales Associate,Palmdale,Cecilia,6/12/2026,19:17,21:20,0:11,2:13,
"James Anthony, Guzman",JG5,Sales Associate,Palmdale,Cecilia,6/13/2026,9:07,10:08,,1:01,
"James Anthony, Guzman",JG5,Sales Associate,Palmdale,Cecilia,6/13/2026,10:19,12:46,0:11,2:37,
"James Anthony, Guzman",JG5,Sales Associate,Palmdale,Cecilia,6/13/2026,13:47,16:40,1:01,2:53,
"James Anthony, Guzman",JG5,Sales Associate,Palmdale,Cecilia,6/13/2026,16:45,18:54,0:05,2:14,
"James Anthony, Guzman",JG5,Sales Associate,Palmdale,Cecilia,6/14/2026,10:23,12:17,,1:54,
"James Anthony, Guzman",JG5,Sales Associate,Palmdale,Cecilia,6/14/2026,13:25,17:13,1:08,3:48,
"James Anthony, Guzman",JG5,Sales Associate,Palmdale,Cecilia,6/14/2026,17:25,19:23,0:12,2:08,
"James Anthony, Guzman",JG5,Sales Associate,Palmdale,Cecilia,6/17/2026,11:35,13:56,,2:21,
"James Anthony, Guzman",JG5,Sales Associate,Palmdale,Cecilia,6/17/2026,14:12,16:07,0:16,2:05,
"James Anthony, Guzman",JG5,Sales Associate,Palmdale,Cecilia,6/17/2026,17:07,20:46,1:00,3:39,
"James Anthony, Guzman",JG5,Sales Associate,Palmdale,Cecilia,6/18/2026,11:38,13:13,,1:35,
"James Anthony, Guzman",JG5,Sales Associate,Palmdale,Cecilia,6/18/2026,13:24,16:27,0:11,3:13,
"James Anthony, Guzman",JG5,Sales Associate,Palmdale,Cecilia,6/18/2026,17:26,20:18,0:59,2:52,
"James Anthony, Guzman",JG5,Sales Associate,Palmdale,Cecilia,6/19/2026,12:32,14:12,,1:40,
"James Anthony, Guzman",JG5,Sales Associate,Palmdale,Cecilia,6/19/2026,14:25,16:24,0:13,2:09,
"James Anthony, Guzman",JG5,Sales Associate,Palmdale,Cecilia,6/19/2026,17:25,19:29,1:01,2:04,
"James Anthony, Guzman",JG5,Sales Associate,Palmdale,Cecilia,6/19/2026,19:35,21:18,0:06,1:49,
"James Anthony, Guzman",JG5,Sales Associate,Palmdale,Cecilia,6/20/2026,12:30,13:47,,1:17,
"James Anthony, Guzman",JG5,Sales Associate,Palmdale,Cecilia,6/20/2026,13:57,16:37,0:10,2:50,
"James Anthony, Guzman",JG5,Sales Associate,Palmdale,Cecilia,6/20/2026,17:43,21:17,1:06,3:34,
"James Anthony, Guzman",JG5,Sales Associate,Palmdale,Cecilia,6/21/2026,10:19,11:44,,1:25,
"James Anthony, Guzman",JG5,Sales Associate,Palmdale,Cecilia,6/21/2026,12:02,13:13,0:18,1:21,
"James Anthony, Guzman",JG5,Sales Associate,Palmdale,Cecilia,6/21/2026,14:23,19:12,1:10,4:49,
"James Anthony, Guzman",JG5,Sales Associate,Palmdale,Cecilia,6/24/2026,11:31,13:44,,2:13,
"James Anthony, Guzman",JG5,Sales Associate,Palmdale,Cecilia,6/24/2026,13:56,15:54,0:12,2:08,
"James Anthony, Guzman",JG5,Sales Associate,Palmdale,Cecilia,6/24/2026,16:56,19:09,1:02,2:13,
"James Anthony, Guzman",JG5,Sales Associate,Palmdale,Cecilia,6/24/2026,19:20,20:06,0:11,0:56,
"James Anthony, Guzman",JG5,Sales Associate,Palmdale,Cecilia,6/25/2026,11:52,13:14,,1:22,
"James Anthony, Guzman",JG5,Sales Associate,Palmdale,Cecilia,6/25/2026,13:29,15:30,0:15,2:11,
"James Anthony, Guzman",JG5,Sales Associate,Palmdale,Cecilia,6/25/2026,16:31,17:43,1:01,1:12,
"James Anthony, Guzman",JG5,Sales Associate,Palmdale,Cecilia,6/25/2026,17:55,20:20,0:12,2:35,
"James Anthony, Guzman",JG5,Sales Associate,Palmdale,Cecilia,6/26/2026,12:06,15:55,,3:49,
"James Anthony, Guzman",JG5,Sales Associate,Palmdale,Cecilia,6/26/2026,16:55,21:23,1:00,4:28,
"James Anthony, Guzman",JG5,Sales Associate,Palmdale,Cecilia,6/27/2026,10:38,14:19,,3:41,
"James Anthony, Guzman",JG5,Sales Associate,Palmdale,Cecilia,6/27/2026,15:21,17:54,1:02,2:33,
"James Anthony, Guzman",JG5,Sales Associate,Palmdale,Cecilia,6/27/2026,18:04,19:15,0:10,1:21,
"James Anthony, Guzman",JG5,Sales Associate,Palmdale,Cecilia,6/28/2026,10:22,11:35,,1:13,
"James Anthony, Guzman",JG5,Sales Associate,Palmdale,Cecilia,6/28/2026,11:48,13:00,0:13,1:22,
"James Anthony, Guzman",JG5,Sales Associate,Palmdale,Cecilia,6/28/2026,14:07,15:45,1:07,1:38,
"James Anthony, Guzman",JG5,Sales Associate,Palmdale,Cecilia,6/28/2026,15:55,19:11,0:10,3:26,
"Jasso Ledezma, Arturo",AL3,Jewelry Technician,Bakersfield,Robert,6/1/2026,11:00,19:00,,8:00,
"Jasso Ledezma, Arturo",AL3,Jewelry Technician,Bakersfield,Robert,6/3/2026,10:54,15:20,,4:26,
"Jasso Ledezma, Arturo",AL3,Jewelry Technician,Bakersfield,Robert,6/3/2026,16:22,20:01,1:02,3:39,
"Jasso Ledezma, Arturo",AL3,Jewelry Technician,Bakersfield,Robert,6/6/2026,10:50,15:19,,4:29,
"Jasso Ledezma, Arturo",AL3,Jewelry Technician,Bakersfield,Robert,6/6/2026,16:23,20:00,1:04,3:37,
"Jasso Ledezma, Arturo",AL3,Jewelry Technician,Bakersfield,Robert,6/8/2026,10:52,15:21,,4:29,
"Jasso Ledezma, Arturo",AL3,Jewelry Technician,Bakersfield,Robert,6/8/2026,16:21,19:52,1:00,3:31,
"Jasso Ledezma, Arturo",AL3,Jewelry Technician,Bakersfield,Robert,6/10/2026,10:50,15:24,,4:34,
"Jasso Ledezma, Arturo",AL3,Jewelry Technician,Bakersfield,Robert,6/10/2026,16:16,19:52,0:52,3:36,
"Jasso Ledezma, Arturo",AL3,Jewelry Technician,Bakersfield,Robert,6/13/2026,10:51,15:21,,4:30,
"Jasso Ledezma, Arturo",AL3,Jewelry Technician,Bakersfield,Robert,6/13/2026,16:20,19:52,0:59,3:32,
"Jasso Ledezma, Arturo",AL3,Jewelry Technician,Bakersfield,Robert,6/15/2026,10:55,15:18,,4:23,
"Jasso Ledezma, Arturo",AL3,Jewelry Technician,Bakersfield,Robert,6/15/2026,16:24,19:51,1:06,3:27,
"Jasso Ledezma, Arturo",AL3,Jewelry Technician,Bakersfield,Robert,6/17/2026,10:52,15:22,,4:30,
"Jasso Ledezma, Arturo",AL3,Jewelry Technician,Bakersfield,Robert,6/17/2026,16:23,19:52,1:01,3:29,
"Jasso Ledezma, Arturo",AL3,Jewelry Technician,Bakersfield,Robert,6/19/2026,10:51,15:02,,4:11,
"Jasso Ledezma, Arturo",AL3,Jewelry Technician,Bakersfield,Robert,6/19/2026,16:03,19:52,1:01,3:49,
"Jasso Ledezma, Arturo",AL3,Jewelry Technician,Bakersfield,Robert,6/22/2026,10:52,15:21,,4:29,
"Jasso Ledezma, Arturo",AL3,Jewelry Technician,Bakersfield,Robert,6/22/2026,16:22,19:56,1:01,3:34,
"Jasso Ledezma, Arturo",AL3,Jewelry Technician,Bakersfield,Robert,6/24/2026,11:56,15:20,,3:24,
"Jasso Ledezma, Arturo",AL3,Jewelry Technician,Bakersfield,Robert,6/24/2026,16:14,19:47,0:54,3:33,
"Jasso Ledezma, Arturo",AL3,Jewelry Technician,Bakersfield,Robert,6/27/2026,10:53,15:26,,4:33,
"Jasso Ledezma, Arturo",AL3,Jewelry Technician,Bakersfield,Robert,6/27/2026,16:25,19:53,0:59,3:28,
"Jasso Ledezma, Arturo",AL3,Jewelry Technician,Bakersfield,Robert,6/29/2026,10:52,15:23,,4:31,
"Jasso Ledezma, Arturo",AL3,Jewelry Technician,Bakersfield,Robert,6/29/2026,16:23,19:49,1:00,3:26,
"Jimenez, Arturo",AJ5,Jewelry Technician,Livermore,Fahad,6/1/2026,10:02,13:54,,3:52,
"Jimenez, Arturo",AJ5,Jewelry Technician,Livermore,Fahad,6/1/2026,14:06,14:56,0:12,1:00,
"Jimenez, Arturo",AJ5,Jewelry Technician,Livermore,Fahad,6/1/2026,15:30,17:40,0:34,2:10,
"Jimenez, Arturo",AJ5,Jewelry Technician,Livermore,Fahad,6/1/2026,17:50,18:37,0:10,0:57,
"Jimenez, Arturo",AJ5,Jewelry Technician,Livermore,Fahad,6/2/2026,9:57,12:11,,2:14,
"Jimenez, Arturo",AJ5,Jewelry Technician,Livermore,Fahad,6/2/2026,12:21,14:21,0:10,2:10,
"Jimenez, Arturo",AJ5,Jewelry Technician,Livermore,Fahad,6/2/2026,14:52,17:17,0:31,2:25,
"Jimenez, Arturo",AJ5,Jewelry Technician,Livermore,Fahad,6/2/2026,17:23,18:34,0:06,1:17,
"Jimenez, Arturo",AJ5,Jewelry Technician,Livermore,Fahad,6/3/2026,9:59,14:51,,4:52,
"Jimenez, Arturo",AJ5,Jewelry Technician,Livermore,Fahad,6/3/2026,15:25,18:36,0:34,3:11,
"Jimenez, Arturo",AJ5,Jewelry Technician,Livermore,Fahad,6/4/2026,9:56,12:48,,2:52,
"Jimenez, Arturo",AJ5,Jewelry Technician,Livermore,Fahad,6/4/2026,12:58,14:51,0:10,2:03,
"Jimenez, Arturo",AJ5,Jewelry Technician,Livermore,Fahad,6/4/2026,15:23,18:45,0:32,3:22,
"Jimenez, Arturo",AJ5,Jewelry Technician,Livermore,Fahad,6/5/2026,10:08,13:38,,3:30,
"Jimenez, Arturo",AJ5,Jewelry Technician,Livermore,Fahad,6/5/2026,14:56,15:24,1:18,0:28,
"Jimenez, Arturo",AJ5,Jewelry Technician,Livermore,Fahad,6/5/2026,15:34,18:42,0:10,3:18,
"Jimenez, Arturo",AJ5,Jewelry Technician,Livermore,Fahad,6/12/2026,10:20,13:08,,2:48,
"Jimenez, Arturo",AJ5,Jewelry Technician,Livermore,Fahad,6/12/2026,13:18,14:43,0:10,1:35,
"Jimenez, Arturo",AJ5,Jewelry Technician,Livermore,Fahad,6/12/2026,15:16,18:47,0:33,3:31,
"Jimenez, Arturo",AJ5,Jewelry Technician,Livermore,Fahad,6/13/2026,9:57,12:46,,2:49,
"Jimenez, Arturo",AJ5,Jewelry Technician,Livermore,Fahad,6/13/2026,13:13,14:47,0:27,1:44,
"Jimenez, Arturo",AJ5,Jewelry Technician,Livermore,Fahad,6/13/2026,15:17,18:40,0:30,3:23,
"Jimenez, Arturo",AJ5,Jewelry Technician,Livermore,Fahad,6/14/2026,9:53,13:25,,3:32,
"Jimenez, Arturo",AJ5,Jewelry Technician,Livermore,Fahad,6/14/2026,13:35,14:44,0:10,1:19,
"Jimenez, Arturo",AJ5,Jewelry Technician,Livermore,Fahad,6/14/2026,15:15,16:41,0:31,1:26,
"Jimenez, Arturo",AJ5,Jewelry Technician,Livermore,Fahad,6/14/2026,17:06,18:38,0:25,1:42,
"Jimenez, Arturo",AJ5,Jewelry Technician,Livermore,Fahad,6/15/2026,9:50,12:56,,3:06,
"Jimenez, Arturo",AJ5,Jewelry Technician,Livermore,Fahad,6/15/2026,13:12,14:36,0:16,1:34,
"Jimenez, Arturo",AJ5,Jewelry Technician,Livermore,Fahad,6/15/2026,15:07,17:34,0:31,2:27,
"Jimenez, Arturo",AJ5,Jewelry Technician,Livermore,Fahad,6/15/2026,17:43,18:30,0:09,0:56,
"Jimenez, Arturo",AJ5,Jewelry Technician,Livermore,Fahad,6/16/2026,9:54,14:45,,4:51,
"Jimenez, Arturo",AJ5,Jewelry Technician,Livermore,Fahad,6/16/2026,15:28,18:33,0:43,3:05,
"Jimenez, Arturo",AJ5,Jewelry Technician,Livermore,Fahad,6/17/2026,9:56,12:20,,2:24,
"Jimenez, Arturo",AJ5,Jewelry Technician,Livermore,Fahad,6/17/2026,12:29,14:08,0:09,1:48,
"Jimenez, Arturo",AJ5,Jewelry Technician,Livermore,Fahad,6/17/2026,14:38,17:18,0:30,2:40,
"Jimenez, Arturo",AJ5,Jewelry Technician,Livermore,Fahad,6/17/2026,17:28,18:30,0:10,1:12,
"Jimenez, Arturo",AJ5,Jewelry Technician,Livermore,Fahad,6/18/2026,9:55,11:59,,2:04,
"Jimenez, Arturo",AJ5,Jewelry Technician,Livermore,Fahad,6/18/2026,12:08,14:22,0:09,2:23,
"Jimenez, Arturo",AJ5,Jewelry Technician,Livermore,Fahad,6/18/2026,14:52,18:35,0:30,3:43,
"Jimenez, Arturo",AJ5,Jewelry Technician,Livermore,Fahad,6/19/2026,9:30,12:50,,3:20,
"Jimenez, Arturo",AJ5,Jewelry Technician,Livermore,Fahad,6/19/2026,13:00,14:24,0:10,1:34,
"Jimenez, Arturo",AJ5,Jewelry Technician,Livermore,Fahad,6/19/2026,14:54,16:01,0:30,1:07,
"Jimenez, Arturo",AJ5,Jewelry Technician,Livermore,Fahad,6/20/2026,10:00,12:30,,2:30,
"Jimenez, Arturo",AJ5,Jewelry Technician,Livermore,Fahad,6/20/2026,12:39,13:42,0:09,1:12,
"Jimenez, Arturo",AJ5,Jewelry Technician,Livermore,Fahad,6/20/2026,14:20,15:50,0:38,1:30,
"Jimenez, Arturo",AJ5,Jewelry Technician,Livermore,Fahad,6/20/2026,15:59,18:33,0:09,2:43,
"Jimenez, Arturo",AJ5,Jewelry Technician,Livermore,Fahad,6/23/2026,10:03,12:53,,2:50,
"Jimenez, Arturo",AJ5,Jewelry Technician,Livermore,Fahad,6/23/2026,13:06,14:12,0:13,1:16,
"Jimenez, Arturo",AJ5,Jewelry Technician,Livermore,Fahad,6/23/2026,14:42,17:03,0:30,2:21,
"Jimenez, Arturo",AJ5,Jewelry Technician,Livermore,Fahad,6/23/2026,17:15,18:40,0:12,1:35,
"Jimenez, Arturo",AJ5,Jewelry Technician,Livermore,Fahad,6/24/2026,9:55,13:11,,3:16,
"Jimenez, Arturo",AJ5,Jewelry Technician,Livermore,Fahad,6/24/2026,13:20,14:06,0:09,0:55,
"Jimenez, Arturo",AJ5,Jewelry Technician,Livermore,Fahad,6/24/2026,14:37,18:32,0:31,3:55,
"Jimenez, Arturo",AJ5,Jewelry Technician,Livermore,Fahad,6/25/2026,9:54,13:17,,3:23,
"Jimenez, Arturo",AJ5,Jewelry Technician,Livermore,Fahad,6/25/2026,13:53,18:34,0:36,4:41,
"Jimenez, Arturo",AJ5,Jewelry Technician,Livermore,Fahad,6/26/2026,9:55,14:13,,4:18,
"Jimenez, Arturo",AJ5,Jewelry Technician,Livermore,Fahad,6/26/2026,14:44,18:31,0:31,3:47,
"Jimenez, Arturo",AJ5,Jewelry Technician,Livermore,Fahad,6/27/2026,10:02,12:42,,2:40,
"Jimenez, Arturo",AJ5,Jewelry Technician,Livermore,Fahad,6/27/2026,12:52,14:31,0:10,1:49,
"Jimenez, Arturo",AJ5,Jewelry Technician,Livermore,Fahad,6/27/2026,15:01,18:34,0:30,3:33,
"Jimenez, Arturo",AJ5,Jewelry Technician,Livermore,Fahad,6/30/2026,9:55,12:50,,2:55,
"Jimenez, Arturo",AJ5,Jewelry Technician,Livermore,Fahad,6/30/2026,12:59,14:30,0:09,1:40,
"Jimenez, Arturo",AJ5,Jewelry Technician,Livermore,Fahad,6/30/2026,15:00,18:30,0:30,3:30,
"Jimenez, Diana L",DJ,Sales Associate,Eastridge,Aurelia,6/1/2026,12:00,15:22,,3:22,
"Jimenez, Diana L",DJ,Sales Associate,Eastridge,Aurelia,6/1/2026,16:22,20:04,1:00,3:42,
"Jimenez, Diana L",DJ,Sales Associate,Eastridge,Aurelia,6/4/2026,9:00,13:06,,4:06,
"Jimenez, Diana L",DJ,Sales Associate,Eastridge,Aurelia,6/4/2026,14:06,17:00,1:00,2:54,
"Jimenez, Diana L",DJ,Sales Associate,Eastridge,Aurelia,6/5/2026,9:03,12:58,,3:55,
"Jimenez, Diana L",DJ,Sales Associate,Eastridge,Aurelia,6/5/2026,13:59,17:04,1:01,3:05,
"Jimenez, Diana L",DJ,Sales Associate,Eastridge,Aurelia,6/6/2026,13:01,16:00,,2:59,
"Jimenez, Diana L",DJ,Sales Associate,Eastridge,Aurelia,6/6/2026,17:02,21:02,1:02,4:00,
"Jimenez, Diana L",DJ,Sales Associate,Eastridge,Aurelia,6/7/2026,10:36,15:10,,4:34,
"Jimenez, Diana L",DJ,Sales Associate,Eastridge,Aurelia,6/7/2026,15:40,18:34,0:30,2:54,
"Jimenez, Diana L",DJ,Sales Associate,Eastridge,Aurelia,6/8/2026,12:05,15:44,,3:39,
"Jimenez, Diana L",DJ,Sales Associate,Eastridge,Aurelia,6/8/2026,16:44,20:03,1:00,3:19,
"Jimenez, Diana L",DJ,Sales Associate,Eastridge,Aurelia,6/11/2026,9:05,13:16,,4:11,
"Jimenez, Diana L",DJ,Sales Associate,Eastridge,Aurelia,6/11/2026,14:14,17:08,0:58,2:54,
"Jimenez, Diana L",DJ,Sales Associate,Eastridge,Aurelia,6/12/2026,13:00,15:51,,2:51,
"Jimenez, Diana L",DJ,Sales Associate,Eastridge,Aurelia,6/12/2026,16:51,21:00,1:00,4:09,
"Jimenez, Diana L",DJ,Sales Associate,Eastridge,Aurelia,6/13/2026,12:00,16:30,,4:30,
"Jimenez, Diana L",DJ,Sales Associate,Eastridge,Aurelia,6/13/2026,17:30,20:05,1:00,2:35,
"Jimenez, Diana L",DJ,Sales Associate,Eastridge,Aurelia,6/14/2026,10:32,14:51,,4:19,
"Jimenez, Diana L",DJ,Sales Associate,Eastridge,Aurelia,6/14/2026,15:22,18:34,0:31,3:12,
"Jimenez, Diana L",DJ,Sales Associate,Eastridge,Aurelia,6/15/2026,12:04,15:46,,3:42,
"Jimenez, Diana L",DJ,Sales Associate,Eastridge,Aurelia,6/15/2026,16:46,20:02,1:00,3:16,
"Jimenez, Diana L",DJ,Sales Associate,Eastridge,Aurelia,6/18/2026,9:05,13:37,,4:32,
"Jimenez, Diana L",DJ,Sales Associate,Eastridge,Aurelia,6/18/2026,14:36,17:06,0:59,2:30,
"Jimenez, Diana L",DJ,Sales Associate,Eastridge,Aurelia,6/19/2026,12:57,16:39,,3:42,
"Jimenez, Diana L",DJ,Sales Associate,Eastridge,Aurelia,6/19/2026,17:43,21:02,1:04,3:19,
"Jimenez, Diana L",DJ,Sales Associate,Eastridge,Aurelia,6/20/2026,13:04,17:27,,4:23,
"Jimenez, Diana L",DJ,Sales Associate,Eastridge,Aurelia,6/20/2026,18:27,21:04,1:00,2:37,
"Jimenez, Diana L",DJ,Sales Associate,Eastridge,Aurelia,6/21/2026,10:33,14:52,,4:19,
"Jimenez, Diana L",DJ,Sales Associate,Eastridge,Aurelia,6/21/2026,15:25,18:31,0:33,3:06,
"Jimenez, Diana L",DJ,Sales Associate,Eastridge,Aurelia,6/22/2026,12:00,15:18,,3:18,
"Jimenez, Diana L",DJ,Sales Associate,Eastridge,Aurelia,6/22/2026,16:19,20:00,1:01,3:41,
"Jimenez, Diana L",DJ,Sales Associate,Eastridge,Aurelia,6/25/2026,9:03,13:07,,4:04,
"Jimenez, Diana L",DJ,Sales Associate,Eastridge,Aurelia,6/25/2026,14:08,17:17,1:01,3:09,
"Jimenez, Diana L",DJ,Sales Associate,Eastridge,Aurelia,6/26/2026,13:07,17:06,,3:59,
"Jimenez, Diana L",DJ,Sales Associate,Eastridge,Aurelia,6/26/2026,18:05,20:58,0:59,2:53,
"Jimenez, Diana L",DJ,Sales Associate,Eastridge,Aurelia,6/27/2026,13:06,17:57,,4:51,
"Jimenez, Diana L",DJ,Sales Associate,Eastridge,Aurelia,6/27/2026,18:57,21:00,1:00,2:03,
"Jimenez, Diana L",DJ,Sales Associate,Eastridge,Aurelia,6/28/2026,10:30,15:09,,4:39,
"Jimenez, Diana L",DJ,Sales Associate,Eastridge,Aurelia,6/28/2026,15:39,18:31,0:30,2:52,
"Jimenez, Diana L",DJ,Sales Associate,Eastridge,Aurelia,6/29/2026,12:03,16:47,,4:44,
"Jimenez, Diana L",DJ,Sales Associate,Eastridge,Aurelia,6/29/2026,17:46,20:13,0:59,2:27,
"Jivani, Akberali S",AJ,District Manager,Admin,District Manager,6/3/2026,11:13,16:12,,4:59,
"Jivani, Akberali S",AJ,District Manager,Admin,District Manager,6/3/2026,16:42,20:40,0:30,3:58,
"Jivani, Akberali S",AJ,District Manager,Admin,District Manager,6/4/2026,12:01,16:09,,4:08,
"Jivani, Akberali S",AJ,District Manager,Admin,District Manager,6/4/2026,16:39,20:00,0:30,3:21,
"Jivani, Akberali S",AJ,District Manager,Admin,District Manager,6/5/2026,10:35,14:05,,3:30,
"Jivani, Akberali S",AJ,District Manager,Admin,District Manager,6/5/2026,14:40,20:21,0:35,5:41,
"Jivani, Akberali S",AJ,District Manager,Admin,District Manager,6/6/2026,12:30,14:07,,1:37,
"Jivani, Akberali S",AJ,District Manager,Admin,District Manager,6/6/2026,14:40,20:53,0:33,6:13,
"Jivani, Akberali S",AJ,District Manager,Admin,District Manager,6/7/2026,12:00,15:35,,3:35,
"Jivani, Akberali S",AJ,District Manager,Admin,District Manager,6/7/2026,16:05,19:00,0:30,2:55,
"Jivani, Akberali S",AJ,District Manager,Admin,District Manager,6/8/2026,17:04,20:02,,2:58,
"Jivani, Akberali S",AJ,District Manager,Admin,District Manager,6/9/2026,10:38,15:12,,4:34,
"Jivani, Akberali S",AJ,District Manager,Admin,District Manager,6/9/2026,15:42,20:11,0:30,4:29,
"Jivani, Akberali S",AJ,District Manager,Admin,District Manager,6/10/2026,10:20,15:14,,4:54,
"Jivani, Akberali S",AJ,District Manager,Admin,District Manager,6/10/2026,15:47,17:07,0:33,1:20,
"Jivani, Akberali S",AJ,District Manager,Admin,District Manager,6/11/2026,11:30,16:29,,4:59,
"Jivani, Akberali S",AJ,District Manager,Admin,District Manager,6/11/2026,16:59,20:37,0:30,3:38,
"Jivani, Akberali S",AJ,District Manager,Admin,District Manager,6/12/2026,10:15,15:14,,4:59,
"Jivani, Akberali S",AJ,District Manager,Admin,District Manager,6/12/2026,15:44,17:40,0:30,1:56,
"Jivani, Akberali S",AJ,District Manager,Admin,District Manager,6/13/2026,12:40,16:22,,3:42,
"Jivani, Akberali S",AJ,District Manager,Admin,District Manager,6/13/2026,16:52,20:45,0:30,3:53,
"Jivani, Akberali S",AJ,District Manager,Admin,District Manager,6/15/2026,10:40,14:20,,3:40,
"Jivani, Akberali S",AJ,District Manager,Admin,District Manager,6/15/2026,14:50,18:00,0:30,3:10,
"Jivani, Akberali S",AJ,District Manager,Admin,District Manager,6/16/2026,10:15,15:07,,4:52,
"Jivani, Akberali S",AJ,District Manager,Admin,District Manager,6/16/2026,15:37,19:29,0:30,3:52,
"Jivani, Akberali S",AJ,District Manager,Admin,District Manager,6/17/2026,10:00,14:16,,4:16,
"Jivani, Akberali S",AJ,District Manager,Admin,District Manager,6/17/2026,14:46,17:36,0:30,2:50,
"Jivani, Akberali S",AJ,District Manager,Admin,District Manager,6/18/2026,10:15,14:49,,4:34,
"Jivani, Akberali S",AJ,District Manager,Admin,District Manager,6/18/2026,15:20,20:01,0:31,4:41,
"Jivani, Akberali S",AJ,District Manager,Admin,District Manager,6/19/2026,12:02,14:00,,1:58,
"Jivani, Akberali S",AJ,District Manager,Admin,District Manager,6/19/2026,14:30,19:40,0:30,5:10,
"Jivani, Akberali S",AJ,District Manager,Admin,District Manager,6/20/2026,12:20,16:30,,4:10,
"Jivani, Akberali S",AJ,District Manager,Admin,District Manager,6/20/2026,17:00,20:46,0:30,3:46,
"Jivani, Akberali S",AJ,District Manager,Admin,District Manager,6/22/2026,11:50,16:36,,4:46,
"Jivani, Akberali S",AJ,District Manager,Admin,District Manager,6/22/2026,17:06,20:11,0:30,3:05,
"Jivani, Akberali S",AJ,District Manager,Admin,District Manager,6/24/2026,12:22,17:21,,4:59,
"Jivani, Akberali S",AJ,District Manager,Admin,District Manager,6/24/2026,17:51,20:22,0:30,2:31,
"Jivani, Akberali S",AJ,District Manager,Admin,District Manager,6/25/2026,10:30,13:00,,2:30,
"Jivani, Akberali S",AJ,District Manager,Admin,District Manager,6/25/2026,13:30,21:15,0:30,7:45,
"Jivani, Akberali S",AJ,District Manager,Admin,District Manager,6/26/2026,10:30,14:15,,3:45,
"Jivani, Akberali S",AJ,District Manager,Admin,District Manager,6/26/2026,14:45,21:15,0:30,6:30,
"Jivani, Akberali S",AJ,District Manager,Admin,District Manager,6/27/2026,12:15,16:00,,3:45,
"Jivani, Akberali S",AJ,District Manager,Admin,District Manager,6/27/2026,16:30,22:30,0:30,6:00,
"Jivani, Akberali S",AJ,District Manager,Admin,District Manager,6/28/2026,11:02,15:15,,4:13,
"Jivani, Akberali S",AJ,District Manager,Admin,District Manager,6/28/2026,15:45,22:30,0:30,6:45,
"Jivani, Akberali S",AJ,District Manager,Admin,District Manager,6/29/2026,11:30,15:30,,4:00,
"Jivani, Akberali S",AJ,District Manager,Admin,District Manager,6/29/2026,16:00,22:33,0:30,6:33,
"Jivani, Akberali S",AJ,District Manager,Admin,District Manager,6/30/2026,12:00,14:30,,2:30,
"Jivani, Akberali S",AJ,District Manager,Admin,District Manager,6/30/2026,15:00,20:40,0:30,5:40,
"Jivani, Fayaz",FJ,Corporate Manager,Admin,AJ,6/1/2026,9:26,15:10,,5:44,
"Jivani, Fayaz",FJ,Corporate Manager,Admin,AJ,6/1/2026,15:41,20:03,0:31,4:22,
"Jivani, Fayaz",FJ,Corporate Manager,Admin,AJ,6/2/2026,9:17,15:13,,5:56,
"Jivani, Fayaz",FJ,Corporate Manager,Admin,AJ,6/2/2026,16:08,20:04,0:55,3:56,
"Jivani, Fayaz",FJ,Corporate Manager,Admin,AJ,6/3/2026,9:19,14:34,,5:15,
"Jivani, Fayaz",FJ,Corporate Manager,Admin,AJ,6/3/2026,15:36,20:11,1:02,4:35,
"Jivani, Fayaz",FJ,Corporate Manager,Admin,AJ,6/4/2026,9:06,14:32,,5:26,
"Jivani, Fayaz",FJ,Corporate Manager,Admin,AJ,6/5/2026,9:29,15:01,,5:32,
"Jivani, Fayaz",FJ,Corporate Manager,Admin,AJ,6/5/2026,15:27,19:58,0:26,4:31,
"Jivani, Fayaz",FJ,Corporate Manager,Admin,AJ,6/6/2026,9:32,20:00,,10:28,
"Jivani, Fayaz",FJ,Corporate Manager,Admin,AJ,6/8/2026,9:07,15:04,,5:57,
"Jivani, Fayaz",FJ,Corporate Manager,Admin,AJ,6/8/2026,15:46,20:01,0:42,4:15,
"Jivani, Fayaz",FJ,Corporate Manager,Admin,AJ,6/9/2026,9:15,15:28,,6:13,
"Jivani, Fayaz",FJ,Corporate Manager,Admin,AJ,6/9/2026,16:22,20:15,0:54,3:53,
"Jivani, Fayaz",FJ,Corporate Manager,Admin,AJ,6/11/2026,11:06,19:40,,8:34,
"Jivani, Fayaz",FJ,Corporate Manager,Admin,AJ,6/12/2026,10:14,18:54,,8:40,
"Jivani, Fayaz",FJ,Corporate Manager,Admin,AJ,6/13/2026,11:38,15:52,,4:14,
"Jivani, Fayaz",FJ,Corporate Manager,Admin,AJ,6/13/2026,16:19,20:01,0:27,3:42,
"Jivani, Fayaz",FJ,Corporate Manager,Admin,AJ,6/15/2026,9:22,15:26,,6:04,
"Jivani, Fayaz",FJ,Corporate Manager,Admin,AJ,6/15/2026,15:54,19:17,0:28,3:23,
"Jivani, Fayaz",FJ,Corporate Manager,Admin,AJ,6/16/2026,9:49,14:59,,5:10,
"Jivani, Fayaz",FJ,Corporate Manager,Admin,AJ,6/16/2026,15:51,19:58,0:52,4:07,
"Jivani, Fayaz",FJ,Corporate Manager,Admin,AJ,6/17/2026,9:26,14:38,,5:12,
"Jivani, Fayaz",FJ,Corporate Manager,Admin,AJ,6/17/2026,15:44,20:14,1:06,4:30,
"Jivani, Fayaz",FJ,Corporate Manager,Admin,AJ,6/18/2026,9:07,14:24,,5:17,
"Jivani, Fayaz",FJ,Corporate Manager,Admin,AJ,6/18/2026,15:11,19:58,0:47,4:47,
"Jivani, Fayaz",FJ,Corporate Manager,Admin,AJ,6/19/2026,9:28,19:39,,10:11,
"Jivani, Fayaz",FJ,Corporate Manager,Admin,AJ,6/20/2026,10:24,14:53,,4:29,
"Jivani, Fayaz",FJ,Corporate Manager,Admin,AJ,6/20/2026,15:18,20:09,0:25,4:51,
"Jivani, Fayaz",FJ,Corporate Manager,Admin,AJ,6/22/2026,9:13,15:12,,5:59,
"Jivani, Fayaz",FJ,Corporate Manager,Admin,AJ,6/22/2026,16:12,20:09,1:00,3:57,
"Jivani, Fayaz",FJ,Corporate Manager,Admin,AJ,6/23/2026,9:29,17:27,,7:58,
"Jivani, Fayaz",FJ,Corporate Manager,Admin,AJ,6/23/2026,17:57,20:10,0:30,2:13,
"Jivani, Fayaz",FJ,Corporate Manager,Admin,AJ,6/24/2026,9:15,13:54,,4:39,
"Jivani, Fayaz",FJ,Corporate Manager,Admin,AJ,6/24/2026,15:00,20:36,1:06,5:36,
"Jivani, Fayaz",FJ,Corporate Manager,Admin,AJ,6/25/2026,6:36,14:34,,7:58,
"Jivani, Fayaz",FJ,Corporate Manager,Admin,AJ,6/25/2026,15:12,23:59,0:38,8:47,
"Jivani, Fayaz",FJ,Corporate Manager,Admin,AJ,6/26/2026,12:01,15:41,,3:40,
"Jivani, Fayaz",FJ,Corporate Manager,Admin,AJ,6/26/2026,16:38,22:04,0:57,5:26,
"Jivani, Fayaz",FJ,Corporate Manager,Admin,AJ,6/27/2026,10:34,15:06,,4:32,
"Jivani, Fayaz",FJ,Corporate Manager,Admin,AJ,6/27/2026,15:52,21:12,0:46,5:20,
"Jivani, Fayaz",FJ,Corporate Manager,Admin,AJ,6/28/2026,10:46,15:34,,4:48,
"Jivani, Fayaz",FJ,Corporate Manager,Admin,AJ,6/28/2026,16:16,21:34,0:42,5:18,
"Jivani, Fayaz",FJ,Corporate Manager,Admin,AJ,6/29/2026,15:46,22:36,,6:50,
"Jivani, Fayaz",FJ,Corporate Manager,Admin,AJ,6/30/2026,12:16,15:17,,3:01,
"Jivani, Fayaz",FJ,Corporate Manager,Admin,AJ,6/30/2026,15:56,20:24,0:39,4:28,
"Jot, Divy",DJ2,Sales Associate,Northridge,Jorge,6/1/2026,10:10,14:05,,3:55,
"Jot, Divy",DJ2,Sales Associate,Northridge,Jorge,6/1/2026,14:48,18:01,0:43,3:13,
"Jot, Divy",DJ2,Sales Associate,Northridge,Jorge,6/1/2026,18:33,20:10,0:32,1:37,
"Jot, Divy",DJ2,Sales Associate,Northridge,Jorge,6/2/2026,9:59,12:44,,2:45,
"Jot, Divy",DJ2,Sales Associate,Northridge,Jorge,6/2/2026,13:24,16:56,0:40,3:32,
"Jot, Divy",DJ2,Sales Associate,Northridge,Jorge,6/2/2026,17:24,20:37,0:28,3:13,
"Jot, Divy",DJ2,Sales Associate,Northridge,Jorge,6/3/2026,10:19,14:15,,3:56,
"Jot, Divy",DJ2,Sales Associate,Northridge,Jorge,6/3/2026,14:55,19:18,0:40,4:23,
"Jot, Divy",DJ2,Sales Associate,Northridge,Jorge,6/3/2026,19:49,20:22,0:31,0:33,
"Jot, Divy",DJ2,Sales Associate,Northridge,Jorge,6/4/2026,9:50,14:11,,4:21,
"Jot, Divy",DJ2,Sales Associate,Northridge,Jorge,6/4/2026,10:00,18:00,,8:00,
"Jot, Divy",DJ2,Sales Associate,Northridge,Jorge,6/4/2026,15:14,18:48,1:03,3:34,
"Jot, Divy",DJ2,Sales Associate,Northridge,Jorge,6/9/2026,10:04,14:08,,4:04,
"Jot, Divy",DJ2,Sales Associate,Northridge,Jorge,6/9/2026,14:54,18:33,0:46,3:39,
"Jot, Divy",DJ2,Sales Associate,Northridge,Jorge,6/9/2026,19:04,20:13,0:31,1:09,
"Jot, Divy",DJ2,Sales Associate,Northridge,Jorge,6/10/2026,10:03,12:49,,2:46,
"Jot, Divy",DJ2,Sales Associate,Northridge,Jorge,6/10/2026,13:27,17:48,0:38,4:21,
"Jot, Divy",DJ2,Sales Associate,Northridge,Jorge,6/10/2026,18:23,20:15,0:35,1:52,
"Jot, Divy",DJ2,Sales Associate,Northridge,Jorge,6/11/2026,10:04,13:28,,3:24,
"Jot, Divy",DJ2,Sales Associate,Northridge,Jorge,6/11/2026,14:10,16:00,0:42,1:50,
"Jot, Divy",DJ2,Sales Associate,Northridge,Jorge,6/11/2026,17:46,20:06,1:46,2:20,
"Jot, Divy",DJ2,Sales Associate,Northridge,Jorge,6/12/2026,10:10,13:12,,3:02,
"Jot, Divy",DJ2,Sales Associate,Northridge,Jorge,6/12/2026,13:54,18:35,0:42,4:41,
"Jot, Divy",DJ2,Sales Associate,Northridge,Jorge,6/13/2026,10:07,13:15,,3:08,
"Jot, Divy",DJ2,Sales Associate,Northridge,Jorge,6/13/2026,13:56,17:30,0:41,3:34,
"Jot, Divy",DJ2,Sales Associate,Northridge,Jorge,6/13/2026,18:08,21:11,0:38,3:03,
"Jot, Divy",DJ2,Sales Associate,Northridge,Jorge,6/14/2026,10:19,13:05,,2:46,
"Jot, Divy",DJ2,Sales Associate,Northridge,Jorge,6/14/2026,13:59,17:07,0:54,3:08,
"Jot, Divy",DJ2,Sales Associate,Northridge,Jorge,6/14/2026,17:17,19:00,0:10,1:53,
"Jot, Divy",DJ2,Sales Associate,Northridge,Jorge,6/15/2026,10:00,12:15,,2:15,
"Jot, Divy",DJ2,Sales Associate,Northridge,Jorge,6/15/2026,12:27,13:25,0:12,1:08,
"Jot, Divy",DJ2,Sales Associate,Northridge,Jorge,6/15/2026,14:07,18:14,0:42,4:07,
"Jot, Divy",DJ2,Sales Associate,Northridge,Jorge,6/15/2026,18:45,20:03,0:31,1:18,
"Jot, Divy",DJ2,Sales Associate,Northridge,Jorge,6/17/2026,10:04,13:27,,3:23,
"Jot, Divy",DJ2,Sales Associate,Northridge,Jorge,6/17/2026,13:58,17:17,0:31,3:19,
"Jot, Divy",DJ2,Sales Associate,Northridge,Jorge,6/17/2026,17:47,20:06,0:30,2:19,
"Jot, Divy",DJ2,Sales Associate,Northridge,Jorge,6/18/2026,10:05,12:55,,2:50,
"Jot, Divy",DJ2,Sales Associate,Northridge,Jorge,6/18/2026,13:30,17:26,0:35,3:56,
"Jot, Divy",DJ2,Sales Associate,Northridge,Jorge,6/18/2026,17:59,20:10,0:33,2:11,
"Jot, Divy",DJ2,Sales Associate,Northridge,Jorge,6/19/2026,10:09,14:14,,4:05,
"Jot, Divy",DJ2,Sales Associate,Northridge,Jorge,6/19/2026,14:54,18:15,0:40,3:21,
"Jot, Divy",DJ2,Sales Associate,Northridge,Jorge,6/19/2026,18:45,21:07,0:30,2:22,
"Jot, Divy",DJ2,Sales Associate,Northridge,Jorge,6/20/2026,10:08,13:33,,3:25,
"Jot, Divy",DJ2,Sales Associate,Northridge,Jorge,6/20/2026,14:06,18:00,0:33,3:54,
"Jot, Divy",DJ2,Sales Associate,Northridge,Jorge,6/20/2026,18:33,21:06,0:33,2:33,
"Jot, Divy",DJ2,Sales Associate,Northridge,Jorge,6/21/2026,10:19,14:38,,4:19,
"Jot, Divy",DJ2,Sales Associate,Northridge,Jorge,6/21/2026,15:40,19:10,1:02,3:30,
"Jot, Divy",DJ2,Sales Associate,Northridge,Jorge,6/22/2026,10:08,13:12,,3:04,
"Jot, Divy",DJ2,Sales Associate,Northridge,Jorge,6/22/2026,13:44,17:00,0:32,3:16,
"Jot, Divy",DJ2,Sales Associate,Northridge,Jorge,6/22/2026,17:32,20:06,0:32,2:34,
"Jot, Divy",DJ2,Sales Associate,Northridge,Jorge,6/23/2026,10:04,13:40,,3:36,
"Jot, Divy",DJ2,Sales Associate,Northridge,Jorge,6/23/2026,14:45,19:02,1:05,4:17,
"Jot, Divy",DJ2,Sales Associate,Northridge,Jorge,6/25/2026,10:03,13:19,,3:16,
"Jot, Divy",DJ2,Sales Associate,Northridge,Jorge,6/25/2026,13:53,17:36,0:34,3:43,
"Jot, Divy",DJ2,Sales Associate,Northridge,Jorge,6/25/2026,18:12,19:28,0:36,1:16,
"Jot, Divy",DJ2,Sales Associate,Northridge,Jorge,6/25/2026,19:35,20:11,0:07,0:43,
"Jot, Divy",DJ2,Sales Associate,Northridge,Jorge,6/26/2026,11:05,15:37,,4:32,
"Jot, Divy",DJ2,Sales Associate,Northridge,Jorge,6/26/2026,16:20,18:54,0:43,2:34,
"Jot, Divy",DJ2,Sales Associate,Northridge,Jorge,6/26/2026,19:25,21:08,0:31,1:43,
"Jot, Divy",DJ2,Sales Associate,Northridge,Jorge,6/27/2026,10:20,13:39,,3:19,
"Jot, Divy",DJ2,Sales Associate,Northridge,Jorge,6/27/2026,14:18,18:30,0:39,4:12,
"Jot, Divy",DJ2,Sales Associate,Northridge,Jorge,6/27/2026,19:00,21:06,0:30,2:06,
"Jot, Divy",DJ2,Sales Associate,Northridge,Jorge,6/28/2026,10:09,12:59,,2:50,
"Jot, Divy",DJ2,Sales Associate,Northridge,Jorge,6/28/2026,13:58,16:41,0:59,2:43,
"Jot, Divy",DJ2,Sales Associate,Northridge,Jorge,6/28/2026,16:51,19:15,0:10,2:34,
"Jot, Divy",DJ2,Sales Associate,Northridge,Jorge,6/29/2026,10:09,13:31,,3:22,
"Jot, Divy",DJ2,Sales Associate,Northridge,Jorge,6/29/2026,14:07,18:26,0:36,4:19,
"Jot, Divy",DJ2,Sales Associate,Northridge,Jorge,6/29/2026,18:56,20:14,0:30,1:18,
"Jot, Divy",DJ2,Sales Associate,Northridge,Jorge,6/30/2026,10:15,14:24,,4:09,
"Jot, Divy",DJ2,Sales Associate,Northridge,Jorge,6/30/2026,15:09,17:56,0:45,2:47,
"Jot, Divy",DJ2,Sales Associate,Northridge,Jorge,6/30/2026,18:29,20:00,0:33,1:31,
"Juarez, Rosa V",RJ1,Sales Associate,Inland,Issa,6/2/2026,11:34,15:49,,4:15,
"Juarez, Rosa V",RJ1,Sales Associate,Inland,Issa,6/2/2026,16:48,21:36,0:59,4:48,
"Juarez, Rosa V",RJ1,Sales Associate,Inland,Issa,6/4/2026,11:55,15:02,,3:07,
"Juarez, Rosa V",RJ1,Sales Associate,Inland,Issa,6/4/2026,16:06,20:51,1:04,4:45,
"Juarez, Rosa V",RJ1,Sales Associate,Inland,Issa,6/5/2026,11:51,16:43,,4:52,
"Juarez, Rosa V",RJ1,Sales Associate,Inland,Issa,6/5/2026,17:42,21:14,0:59,3:32,
"Juarez, Rosa V",RJ1,Sales Associate,Inland,Issa,6/6/2026,8:55,13:45,,4:50,
"Juarez, Rosa V",RJ1,Sales Associate,Inland,Issa,6/6/2026,14:18,16:10,0:33,1:52,
"Juarez, Rosa V",RJ1,Sales Associate,Inland,Issa,6/7/2026,10:25,14:16,,3:51,
"Juarez, Rosa V",RJ1,Sales Associate,Inland,Issa,6/7/2026,15:06,19:25,0:50,4:19,
"Juarez, Rosa V",RJ1,Sales Associate,Inland,Issa,6/8/2026,11:47,16:35,,4:48,
"Juarez, Rosa V",RJ1,Sales Associate,Inland,Issa,6/8/2026,17:21,20:23,0:46,3:02,
"Juarez, Rosa V",RJ1,Sales Associate,Inland,Issa,6/9/2026,11:46,15:16,,3:30,
"Juarez, Rosa V",RJ1,Sales Associate,Inland,Issa,6/9/2026,16:18,20:37,1:02,4:19,
"Juarez, Rosa V",RJ1,Sales Associate,Inland,Issa,6/10/2026,9:23,13:32,,4:09,
"Juarez, Rosa V",RJ1,Sales Associate,Inland,Issa,6/10/2026,14:17,18:20,0:45,4:03,
"Juarez, Rosa V",RJ1,Sales Associate,Inland,Issa,6/11/2026,11:32,15:15,,3:43,
"Juarez, Rosa V",RJ1,Sales Associate,Inland,Issa,6/11/2026,16:19,20:55,1:04,4:36,
"Juarez, Rosa V",RJ1,Sales Associate,Inland,Issa,6/12/2026,11:46,15:18,,3:32,
"Juarez, Rosa V",RJ1,Sales Associate,Inland,Issa,6/12/2026,16:21,21:01,1:03,4:40,
"Juarez, Rosa V",RJ1,Sales Associate,Inland,Issa,6/15/2026,11:58,16:12,,4:14,
"Juarez, Rosa V",RJ1,Sales Associate,Inland,Issa,6/15/2026,17:03,20:20,0:51,3:17,
"Juarez, Rosa V",RJ1,Sales Associate,Inland,Issa,6/16/2026,11:39,14:30,,2:51,
"Juarez, Rosa V",RJ1,Sales Associate,Inland,Issa,6/16/2026,14:43,15:52,0:13,1:19,
"Juarez, Rosa V",RJ1,Sales Associate,Inland,Issa,6/16/2026,16:50,20:26,0:58,3:36,
"Juarez, Rosa V",RJ1,Sales Associate,Inland,Issa,6/18/2026,11:31,15:19,,3:48,
"Juarez, Rosa V",RJ1,Sales Associate,Inland,Issa,6/18/2026,15:32,16:22,0:13,1:00,
"Juarez, Rosa V",RJ1,Sales Associate,Inland,Issa,6/18/2026,17:23,20:12,1:01,2:49,
"Juarez, Rosa V",RJ1,Sales Associate,Inland,Issa,6/20/2026,12:15,16:19,,4:04,
"Juarez, Rosa V",RJ1,Sales Associate,Inland,Issa,6/20/2026,16:31,16:47,0:12,0:26,
"Juarez, Rosa V",RJ1,Sales Associate,Inland,Issa,6/20/2026,17:47,20:05,1:00,2:18,
"Juarez, Rosa V",RJ1,Sales Associate,Inland,Issa,6/21/2026,10:14,15:10,,4:56,
"Juarez, Rosa V",RJ1,Sales Associate,Inland,Issa,6/21/2026,15:57,19:17,0:47,3:20,
"Juarez, Rosa V",RJ1,Sales Associate,Inland,Issa,6/23/2026,11:45,14:47,,3:02,
"Juarez, Rosa V",RJ1,Sales Associate,Inland,Issa,6/23/2026,14:58,16:39,0:11,1:51,
"Juarez, Rosa V",RJ1,Sales Associate,Inland,Issa,6/23/2026,17:31,20:20,0:52,2:49,
"Juarez, Rosa V",RJ1,Sales Associate,Inland,Issa,6/25/2026,11:45,19:45,,8:00,
"Juarez, Rosa V",RJ1,Sales Associate,Inland,Issa,6/26/2026,11:52,15:54,,4:02,
"Juarez, Rosa V",RJ1,Sales Associate,Inland,Issa,6/26/2026,17:02,20:12,1:08,3:10,
"Juarez, Rosa V",RJ1,Sales Associate,Inland,Issa,6/27/2026,11:47,15:45,,3:58,
"Juarez, Rosa V",RJ1,Sales Associate,Inland,Issa,6/27/2026,16:56,20:01,1:11,3:05,
"Juarez, Rosa V",RJ1,Sales Associate,Inland,Issa,6/28/2026,10:21,15:00,,4:39,
"Juarez, Rosa V",RJ1,Sales Associate,Inland,Issa,6/28/2026,15:42,19:07,0:42,3:25,
"Juarez, Rosa V",RJ1,Sales Associate,Inland,Issa,6/30/2026,11:45,15:42,,3:57,
"Juarez, Rosa V",RJ1,Sales Associate,Inland,Issa,6/30/2026,16:42,20:08,1:00,3:26,
"Kainth, Tarvinder",TK,Sales Associate,Livermore,Fahad,6/2/2026,9:11,13:10,,3:59,
"Kainth, Tarvinder",TK,Sales Associate,Livermore,Fahad,6/2/2026,13:19,13:53,0:09,0:43,
"Kainth, Tarvinder",TK,Sales Associate,Livermore,Fahad,6/2/2026,14:52,17:56,0:59,3:04,
"Kainth, Tarvinder",TK,Sales Associate,Livermore,Fahad,6/2/2026,18:05,20:05,0:09,2:09,
"Kainth, Tarvinder",TK,Sales Associate,Livermore,Fahad,6/4/2026,9:17,12:48,,3:31,
"Kainth, Tarvinder",TK,Sales Associate,Livermore,Fahad,6/4/2026,12:57,14:03,0:09,1:15,
"Kainth, Tarvinder",TK,Sales Associate,Livermore,Fahad,6/4/2026,15:00,19:01,0:57,4:01,
"Kainth, Tarvinder",TK,Sales Associate,Livermore,Fahad,6/4/2026,19:09,20:10,0:08,1:09,
"Kainth, Tarvinder",TK,Sales Associate,Livermore,Fahad,6/5/2026,9:15,13:11,,3:56,
"Kainth, Tarvinder",TK,Sales Associate,Livermore,Fahad,6/5/2026,14:10,18:01,0:59,3:51,
"Kainth, Tarvinder",TK,Sales Associate,Livermore,Fahad,6/6/2026,9:15,12:41,,3:26,
"Kainth, Tarvinder",TK,Sales Associate,Livermore,Fahad,6/6/2026,13:11,16:32,0:30,3:21,
"Kainth, Tarvinder",TK,Sales Associate,Livermore,Fahad,6/6/2026,16:40,16:47,0:08,0:15,
"Kainth, Tarvinder",TK,Sales Associate,Livermore,Fahad,6/7/2026,10:24,12:54,,2:30,
"Kainth, Tarvinder",TK,Sales Associate,Livermore,Fahad,6/7/2026,13:03,15:19,0:09,2:25,
"Kainth, Tarvinder",TK,Sales Associate,Livermore,Fahad,6/7/2026,16:17,19:19,0:58,3:02,
"Kainth, Tarvinder",TK,Sales Associate,Livermore,Fahad,6/10/2026,9:14,12:12,,2:58,
"Kainth, Tarvinder",TK,Sales Associate,Livermore,Fahad,6/10/2026,12:22,13:20,0:10,1:08,
"Kainth, Tarvinder",TK,Sales Associate,Livermore,Fahad,6/10/2026,14:19,18:23,0:59,4:04,
"Kainth, Tarvinder",TK,Sales Associate,Livermore,Fahad,6/10/2026,18:31,20:08,0:08,1:45,
"Kainth, Tarvinder",TK,Sales Associate,Livermore,Fahad,6/11/2026,9:13,12:27,,3:14,
"Kainth, Tarvinder",TK,Sales Associate,Livermore,Fahad,6/11/2026,12:37,13:57,0:10,1:30,
"Kainth, Tarvinder",TK,Sales Associate,Livermore,Fahad,6/11/2026,14:55,18:59,0:58,4:04,
"Kainth, Tarvinder",TK,Sales Associate,Livermore,Fahad,6/11/2026,19:11,20:23,0:12,1:22,
"Kainth, Tarvinder",TK,Sales Associate,Livermore,Fahad,6/12/2026,9:19,12:16,,2:57,
"Kainth, Tarvinder",TK,Sales Associate,Livermore,Fahad,6/12/2026,12:23,13:08,0:07,0:52,
"Kainth, Tarvinder",TK,Sales Associate,Livermore,Fahad,6/12/2026,13:59,18:02,0:51,4:03,
"Kainth, Tarvinder",TK,Sales Associate,Livermore,Fahad,6/13/2026,9:15,12:16,,3:01,
"Kainth, Tarvinder",TK,Sales Associate,Livermore,Fahad,6/13/2026,12:26,12:53,0:10,0:37,
"Kainth, Tarvinder",TK,Sales Associate,Livermore,Fahad,6/13/2026,13:53,19:09,1:00,5:16,
"Kainth, Tarvinder",TK,Sales Associate,Livermore,Fahad,6/14/2026,10:23,13:04,,2:41,
"Kainth, Tarvinder",TK,Sales Associate,Livermore,Fahad,6/14/2026,13:11,15:17,0:07,2:13,
"Kainth, Tarvinder",TK,Sales Associate,Livermore,Fahad,6/14/2026,16:15,19:05,0:58,2:50,
"Kainth, Tarvinder",TK,Sales Associate,Livermore,Fahad,6/17/2026,9:14,12:22,,3:08,
"Kainth, Tarvinder",TK,Sales Associate,Livermore,Fahad,6/17/2026,12:31,13:01,0:09,0:39,
"Kainth, Tarvinder",TK,Sales Associate,Livermore,Fahad,6/17/2026,13:58,18:59,0:57,5:01,
"Kainth, Tarvinder",TK,Sales Associate,Livermore,Fahad,6/17/2026,19:06,20:07,0:07,1:08,
"Kainth, Tarvinder",TK,Sales Associate,Livermore,Fahad,6/18/2026,9:12,12:39,,3:27,
"Kainth, Tarvinder",TK,Sales Associate,Livermore,Fahad,6/18/2026,12:49,14:08,0:10,1:29,
"Kainth, Tarvinder",TK,Sales Associate,Livermore,Fahad,6/18/2026,15:05,17:51,0:57,2:46,
"Kainth, Tarvinder",TK,Sales Associate,Livermore,Fahad,6/18/2026,18:02,20:12,0:11,2:20,
"Kainth, Tarvinder",TK,Sales Associate,Livermore,Fahad,6/19/2026,9:19,12:33,,3:14,
"Kainth, Tarvinder",TK,Sales Associate,Livermore,Fahad,6/19/2026,12:43,13:31,0:10,0:58,
"Kainth, Tarvinder",TK,Sales Associate,Livermore,Fahad,6/19/2026,14:27,18:17,0:56,3:50,
"Kainth, Tarvinder",TK,Sales Associate,Livermore,Fahad,6/20/2026,9:20,12:11,,2:51,
"Kainth, Tarvinder",TK,Sales Associate,Livermore,Fahad,6/20/2026,12:20,12:33,0:09,0:22,
"Kainth, Tarvinder",TK,Sales Associate,Livermore,Fahad,6/20/2026,13:32,18:01,0:59,4:29,
"Kainth, Tarvinder",TK,Sales Associate,Livermore,Fahad,6/21/2026,10:24,12:19,,1:55,
"Kainth, Tarvinder",TK,Sales Associate,Livermore,Fahad,6/21/2026,12:27,13:45,0:08,1:26,
"Kainth, Tarvinder",TK,Sales Associate,Livermore,Fahad,6/21/2026,16:11,18:59,,2:48,
"Kainth, Tarvinder",TK,Sales Associate,Livermore,Fahad,6/24/2026,9:14,12:54,,3:40,
"Kainth, Tarvinder",TK,Sales Associate,Livermore,Fahad,6/24/2026,13:01,13:54,0:07,1:00,
"Kainth, Tarvinder",TK,Sales Associate,Livermore,Fahad,6/24/2026,14:54,20:02,1:00,5:08,
"Kainth, Tarvinder",TK,Sales Associate,Livermore,Fahad,6/25/2026,9:11,12:48,,3:37,
"Kainth, Tarvinder",TK,Sales Associate,Livermore,Fahad,6/25/2026,12:58,14:05,0:10,1:17,
"Kainth, Tarvinder",TK,Sales Associate,Livermore,Fahad,6/25/2026,15:03,20:40,0:58,5:37,
"Kainth, Tarvinder",TK,Sales Associate,Livermore,Fahad,6/26/2026,9:15,13:03,,3:48,
"Kainth, Tarvinder",TK,Sales Associate,Livermore,Fahad,6/26/2026,13:09,14:12,0:06,1:09,
"Kainth, Tarvinder",TK,Sales Associate,Livermore,Fahad,6/26/2026,15:06,18:50,0:54,3:44,
"Kainth, Tarvinder",TK,Sales Associate,Livermore,Fahad,6/26/2026,18:59,20:02,0:09,1:12,
"Kainth, Tarvinder",TK,Sales Associate,Livermore,Fahad,6/27/2026,9:24,12:29,,3:05,
"Kainth, Tarvinder",TK,Sales Associate,Livermore,Fahad,6/27/2026,12:38,12:43,0:09,0:14,
"Kainth, Tarvinder",TK,Sales Associate,Livermore,Fahad,6/27/2026,13:39,18:02,0:56,4:23,
"Kainth, Tarvinder",TK,Sales Associate,Livermore,Fahad,6/28/2026,10:23,12:37,,2:14,
"Kainth, Tarvinder",TK,Sales Associate,Livermore,Fahad,6/28/2026,12:44,15:10,0:07,2:33,
"Kainth, Tarvinder",TK,Sales Associate,Livermore,Fahad,6/28/2026,16:08,19:07,0:58,2:59,
"Karakouzian, Lucy",LK,Sales Associate,Santa Anita,Jesus Acosta ,6/1/2026,9:26,10:51,,1:25,
"Karakouzian, Lucy",LK,Sales Associate,Santa Anita,Jesus Acosta ,6/1/2026,11:23,15:05,0:32,3:42,
"Karakouzian, Lucy",LK,Sales Associate,Santa Anita,Jesus Acosta ,6/1/2026,15:35,18:43,0:30,3:08,
"Karakouzian, Lucy",LK,Sales Associate,Santa Anita,Jesus Acosta ,6/4/2026,9:25,10:56,,1:31,
"Karakouzian, Lucy",LK,Sales Associate,Santa Anita,Jesus Acosta ,6/4/2026,11:27,14:34,0:31,3:07,
"Karakouzian, Lucy",LK,Sales Associate,Santa Anita,Jesus Acosta ,6/4/2026,15:05,18:31,0:31,3:26,
"Karakouzian, Lucy",LK,Sales Associate,Santa Anita,Jesus Acosta ,6/5/2026,9:24,10:54,,1:30,
"Karakouzian, Lucy",LK,Sales Associate,Santa Anita,Jesus Acosta ,6/5/2026,11:24,14:29,0:30,3:05,
"Karakouzian, Lucy",LK,Sales Associate,Santa Anita,Jesus Acosta ,6/5/2026,14:59,19:08,0:30,4:09,
"Karakouzian, Lucy",LK,Sales Associate,Santa Anita,Jesus Acosta ,6/6/2026,9:28,11:00,,1:32,
"Karakouzian, Lucy",LK,Sales Associate,Santa Anita,Jesus Acosta ,6/6/2026,11:30,14:45,0:30,3:15,
"Karakouzian, Lucy",LK,Sales Associate,Santa Anita,Jesus Acosta ,6/6/2026,15:15,18:31,0:30,3:16,
"Karakouzian, Lucy",LK,Sales Associate,Santa Anita,Jesus Acosta ,6/7/2026,10:26,11:09,,0:43,
"Karakouzian, Lucy",LK,Sales Associate,Santa Anita,Jesus Acosta ,6/7/2026,11:40,15:12,0:31,3:32,
"Karakouzian, Lucy",LK,Sales Associate,Santa Anita,Jesus Acosta ,6/7/2026,15:42,19:29,0:30,3:47,
"Karakouzian, Lucy",LK,Sales Associate,Santa Anita,Jesus Acosta ,6/8/2026,9:26,10:56,,1:30,
"Karakouzian, Lucy",LK,Sales Associate,Santa Anita,Jesus Acosta ,6/8/2026,11:26,15:05,0:30,3:39,
"Karakouzian, Lucy",LK,Sales Associate,Santa Anita,Jesus Acosta ,6/8/2026,15:35,18:34,0:30,2:59,
"Karakouzian, Lucy",LK,Sales Associate,Santa Anita,Jesus Acosta ,6/11/2026,9:24,10:58,,1:34,
"Karakouzian, Lucy",LK,Sales Associate,Santa Anita,Jesus Acosta ,6/11/2026,11:30,16:17,0:32,4:47,
"Karakouzian, Lucy",LK,Sales Associate,Santa Anita,Jesus Acosta ,6/11/2026,16:18,17:57,,1:39,
"Karakouzian, Lucy",LK,Sales Associate,Santa Anita,Jesus Acosta ,6/12/2026,9:24,10:56,,1:32,
"Karakouzian, Lucy",LK,Sales Associate,Santa Anita,Jesus Acosta ,6/12/2026,11:26,14:44,0:30,3:18,
"Karakouzian, Lucy",LK,Sales Associate,Santa Anita,Jesus Acosta ,6/12/2026,15:14,18:47,0:30,3:33,
"Karakouzian, Lucy",LK,Sales Associate,Santa Anita,Jesus Acosta ,6/13/2026,9:26,11:09,,1:43,
"Karakouzian, Lucy",LK,Sales Associate,Santa Anita,Jesus Acosta ,6/13/2026,11:39,14:32,0:30,2:53,
"Karakouzian, Lucy",LK,Sales Associate,Santa Anita,Jesus Acosta ,6/13/2026,15:02,18:52,0:30,3:50,
"Karakouzian, Lucy",LK,Sales Associate,Santa Anita,Jesus Acosta ,6/14/2026,10:24,11:27,,1:03,
"Karakouzian, Lucy",LK,Sales Associate,Santa Anita,Jesus Acosta ,6/14/2026,11:57,14:51,0:30,2:54,
"Karakouzian, Lucy",LK,Sales Associate,Santa Anita,Jesus Acosta ,6/14/2026,15:22,19:30,0:31,4:08,
"Karakouzian, Lucy",LK,Sales Associate,Santa Anita,Jesus Acosta ,6/15/2026,9:28,10:59,,1:31,
"Karakouzian, Lucy",LK,Sales Associate,Santa Anita,Jesus Acosta ,6/15/2026,11:29,14:23,0:30,2:54,
"Karakouzian, Lucy",LK,Sales Associate,Santa Anita,Jesus Acosta ,6/15/2026,14:53,18:28,0:30,3:35,
"Karakouzian, Lucy",LK,Sales Associate,Santa Anita,Jesus Acosta ,6/18/2026,9:24,11:26,,2:02,
"Karakouzian, Lucy",LK,Sales Associate,Santa Anita,Jesus Acosta ,6/18/2026,11:56,16:29,0:30,4:33,
"Karakouzian, Lucy",LK,Sales Associate,Santa Anita,Jesus Acosta ,6/18/2026,16:30,17:55,,1:25,
"Karakouzian, Lucy",LK,Sales Associate,Santa Anita,Jesus Acosta ,6/19/2026,9:26,11:03,,1:37,
"Karakouzian, Lucy",LK,Sales Associate,Santa Anita,Jesus Acosta ,6/19/2026,11:33,15:27,0:30,3:54,
"Karakouzian, Lucy",LK,Sales Associate,Santa Anita,Jesus Acosta ,6/19/2026,15:58,18:36,0:31,2:38,
"Karakouzian, Lucy",LK,Sales Associate,Santa Anita,Jesus Acosta ,6/20/2026,9:22,10:59,,1:37,
"Karakouzian, Lucy",LK,Sales Associate,Santa Anita,Jesus Acosta ,6/20/2026,11:32,15:17,0:33,3:45,
"Karakouzian, Lucy",LK,Sales Associate,Santa Anita,Jesus Acosta ,6/20/2026,15:47,18:37,0:30,2:50,
"Karakouzian, Lucy",LK,Sales Associate,Santa Anita,Jesus Acosta ,6/21/2026,10:24,11:04,,0:40,
"Karakouzian, Lucy",LK,Sales Associate,Santa Anita,Jesus Acosta ,6/21/2026,11:34,15:34,0:30,4:00,
"Karakouzian, Lucy",LK,Sales Associate,Santa Anita,Jesus Acosta ,6/21/2026,16:04,19:29,0:30,3:25,
"Karakouzian, Lucy",LK,Sales Associate,Santa Anita,Jesus Acosta ,6/22/2026,9:23,11:00,,1:37,
"Karakouzian, Lucy",LK,Sales Associate,Santa Anita,Jesus Acosta ,6/22/2026,11:30,14:45,0:30,3:15,
"Karakouzian, Lucy",LK,Sales Associate,Santa Anita,Jesus Acosta ,6/22/2026,15:15,18:30,0:30,3:15,
"Karakouzian, Lucy",LK,Sales Associate,Santa Anita,Jesus Acosta ,6/24/2026,9:22,10:53,,1:31,
"Karakouzian, Lucy",LK,Sales Associate,Santa Anita,Jesus Acosta ,6/24/2026,11:23,14:58,0:30,3:35,
"Karakouzian, Lucy",LK,Sales Associate,Santa Anita,Jesus Acosta ,6/24/2026,15:28,18:29,0:30,3:01,
"Karakouzian, Lucy",LK,Sales Associate,Santa Anita,Jesus Acosta ,6/25/2026,9:25,10:53,,1:28,
"Karakouzian, Lucy",LK,Sales Associate,Santa Anita,Jesus Acosta ,6/25/2026,11:23,14:43,0:30,3:20,
"Karakouzian, Lucy",LK,Sales Associate,Santa Anita,Jesus Acosta ,6/25/2026,15:12,18:54,0:29,3:42,
"Karakouzian, Lucy",LK,Sales Associate,Santa Anita,Jesus Acosta ,6/26/2026,9:24,11:01,,1:37,
"Karakouzian, Lucy",LK,Sales Associate,Santa Anita,Jesus Acosta ,6/26/2026,11:31,15:00,0:30,3:29,
"Karakouzian, Lucy",LK,Sales Associate,Santa Anita,Jesus Acosta ,6/26/2026,15:30,18:31,0:30,3:01,
"Karakouzian, Lucy",LK,Sales Associate,Santa Anita,Jesus Acosta ,6/27/2026,9:24,11:10,,1:46,
"Karakouzian, Lucy",LK,Sales Associate,Santa Anita,Jesus Acosta ,6/27/2026,11:40,14:01,0:30,2:21,
"Karakouzian, Lucy",LK,Sales Associate,Santa Anita,Jesus Acosta ,6/27/2026,14:33,18:31,0:32,3:58,
"Karakouzian, Lucy",LK,Sales Associate,Santa Anita,Jesus Acosta ,6/29/2026,9:26,10:55,,1:29,
"Karakouzian, Lucy",LK,Sales Associate,Santa Anita,Jesus Acosta ,6/29/2026,11:25,14:55,0:30,3:30,
"Karakouzian, Lucy",LK,Sales Associate,Santa Anita,Jesus Acosta ,6/29/2026,15:25,18:31,0:30,3:06,
"Khamo, Maryam S",MK1,Sales Associate,Roseville,Omar,6/1/2026,12:37,16:05,,3:28,
"Khamo, Maryam S",MK1,Sales Associate,Roseville,Omar,6/1/2026,16:58,21:12,0:53,4:14,
"Khamo, Maryam S",MK1,Sales Associate,Roseville,Omar,6/2/2026,9:17,13:25,,4:08,
"Khamo, Maryam S",MK1,Sales Associate,Roseville,Omar,6/2/2026,14:03,17:29,0:38,3:26,
"Khamo, Maryam S",MK1,Sales Associate,Roseville,Omar,6/3/2026,9:17,11:47,,2:30,
"Khamo, Maryam S",MK1,Sales Associate,Roseville,Omar,6/3/2026,12:01,13:30,0:14,1:39,
"Khamo, Maryam S",MK1,Sales Associate,Roseville,Omar,6/3/2026,14:03,16:58,0:33,2:55,
"Khamo, Maryam S",MK1,Sales Associate,Roseville,Omar,6/3/2026,17:34,21:11,0:36,3:37,
"Khamo, Maryam S",MK1,Sales Associate,Roseville,Omar,6/5/2026,9:31,13:45,,4:14,
"Khamo, Maryam S",MK1,Sales Associate,Roseville,Omar,6/5/2026,14:19,16:12,0:34,1:53,
"Khamo, Maryam S",MK1,Sales Associate,Roseville,Omar,6/6/2026,9:22,13:17,,3:55,
"Khamo, Maryam S",MK1,Sales Associate,Roseville,Omar,6/6/2026,14:16,18:01,0:59,3:45,
"Khamo, Maryam S",MK1,Sales Associate,Roseville,Omar,6/7/2026,10:37,14:04,,3:27,
"Khamo, Maryam S",MK1,Sales Associate,Roseville,Omar,6/7/2026,14:36,19:23,0:32,4:47,
"Khamo, Maryam S",MK1,Sales Associate,Roseville,Omar,6/8/2026,13:22,16:39,,3:17,
"Khamo, Maryam S",MK1,Sales Associate,Roseville,Omar,6/8/2026,17:12,21:11,0:33,3:59,
"Khamo, Maryam S",MK1,Sales Associate,Roseville,Omar,6/9/2026,13:22,15:44,,2:22,
"Khamo, Maryam S",MK1,Sales Associate,Roseville,Omar,6/9/2026,16:16,21:10,0:32,4:54,
"Khamo, Maryam S",MK1,Sales Associate,Roseville,Omar,6/10/2026,9:21,13:22,,4:01,
"Khamo, Maryam S",MK1,Sales Associate,Roseville,Omar,6/10/2026,13:57,16:00,0:35,2:03,
"Khamo, Maryam S",MK1,Sales Associate,Roseville,Omar,6/10/2026,16:11,18:01,0:11,2:00,
"Khamo, Maryam S",MK1,Sales Associate,Roseville,Omar,6/10/2026,18:37,21:27,0:36,2:50,
"Khamo, Maryam S",MK1,Sales Associate,Roseville,Omar,6/13/2026,9:20,13:38,,4:18,
"Khamo, Maryam S",MK1,Sales Associate,Roseville,Omar,6/13/2026,14:42,19:22,1:04,4:40,
"Khamo, Maryam S",MK1,Sales Associate,Roseville,Omar,6/14/2026,10:34,12:59,,2:25,
"Khamo, Maryam S",MK1,Sales Associate,Roseville,Omar,6/14/2026,13:13,14:18,0:14,1:15,
"Khamo, Maryam S",MK1,Sales Associate,Roseville,Omar,6/14/2026,14:51,17:17,0:33,2:26,
"Khamo, Maryam S",MK1,Sales Associate,Roseville,Omar,6/14/2026,17:31,19:21,0:14,2:00,
"Khamo, Maryam S",MK1,Sales Associate,Roseville,Omar,6/15/2026,12:35,14:18,,1:43,
"Khamo, Maryam S",MK1,Sales Associate,Roseville,Omar,6/15/2026,14:29,16:13,0:11,1:54,
"Khamo, Maryam S",MK1,Sales Associate,Roseville,Omar,6/15/2026,17:17,21:13,1:04,3:56,
"Khamo, Maryam S",MK1,Sales Associate,Roseville,Omar,6/16/2026,9:28,12:28,,3:00,
"Khamo, Maryam S",MK1,Sales Associate,Roseville,Omar,6/16/2026,12:42,13:14,0:14,0:42,
"Khamo, Maryam S",MK1,Sales Associate,Roseville,Omar,6/16/2026,13:52,17:17,0:38,3:25,
"Khamo, Maryam S",MK1,Sales Associate,Roseville,Omar,6/17/2026,9:21,11:48,,2:27,
"Khamo, Maryam S",MK1,Sales Associate,Roseville,Omar,6/17/2026,12:03,13:35,0:15,1:42,
"Khamo, Maryam S",MK1,Sales Associate,Roseville,Omar,6/17/2026,14:13,17:29,0:38,3:16,
"Khamo, Maryam S",MK1,Sales Associate,Roseville,Omar,6/17/2026,17:59,21:14,0:30,3:15,
"Khamo, Maryam S",MK1,Sales Associate,Roseville,Omar,6/19/2026,12:41,15:15,,2:34,
"Khamo, Maryam S",MK1,Sales Associate,Roseville,Omar,6/19/2026,15:29,17:06,0:14,1:47,
"Khamo, Maryam S",MK1,Sales Associate,Roseville,Omar,6/19/2026,18:08,21:12,1:02,3:04,
"Khamo, Maryam S",MK1,Sales Associate,Roseville,Omar,6/20/2026,9:23,13:29,,4:06,
"Khamo, Maryam S",MK1,Sales Associate,Roseville,Omar,6/20/2026,14:04,17:16,0:35,3:12,
"Khamo, Maryam S",MK1,Sales Associate,Roseville,Omar,6/21/2026,13:12,15:27,,2:15,
"Khamo, Maryam S",MK1,Sales Associate,Roseville,Omar,6/21/2026,16:10,19:11,0:43,3:01,
"Khamo, Maryam S",MK1,Sales Associate,Roseville,Omar,6/22/2026,13:22,15:15,,1:53,
"Khamo, Maryam S",MK1,Sales Associate,Roseville,Omar,6/22/2026,15:29,16:52,0:14,1:33,
"Khamo, Maryam S",MK1,Sales Associate,Roseville,Omar,6/22/2026,17:23,21:23,0:31,4:00,
"Khamo, Maryam S",MK1,Sales Associate,Roseville,Omar,6/23/2026,9:25,13:40,,4:15,
"Khamo, Maryam S",MK1,Sales Associate,Roseville,Omar,6/23/2026,14:14,16:56,0:34,2:42,
"Khamo, Maryam S",MK1,Sales Associate,Roseville,Omar,6/23/2026,17:38,21:03,0:42,3:25,
"Khamo, Maryam S",MK1,Sales Associate,Roseville,Omar,6/24/2026,9:32,12:56,,3:24,
"Khamo, Maryam S",MK1,Sales Associate,Roseville,Omar,6/24/2026,13:33,17:41,0:37,4:08,
"Khamo, Maryam S",MK1,Sales Associate,Roseville,Omar,6/24/2026,18:16,21:37,0:35,3:21,
"Khamo, Maryam S",MK1,Sales Associate,Roseville,Omar,6/26/2026,14:51,18:32,,3:41,
"Khamo, Maryam S",MK1,Sales Associate,Roseville,Omar,6/27/2026,14:29,16:45,,2:16,
"Khamo, Maryam S",MK1,Sales Associate,Roseville,Omar,6/27/2026,16:58,17:42,0:13,0:54,
"Khamo, Maryam S",MK1,Sales Associate,Roseville,Omar,6/27/2026,18:18,21:09,0:36,2:51,
"Khamo, Maryam S",MK1,Sales Associate,Roseville,Omar,6/28/2026,10:45,13:50,,3:05,
"Khamo, Maryam S",MK1,Sales Associate,Roseville,Omar,6/28/2026,14:05,15:23,0:15,1:28,
"Khamo, Maryam S",MK1,Sales Associate,Roseville,Omar,6/28/2026,15:57,19:08,0:34,3:11,
"Khamo, Maryam S",MK1,Sales Associate,Roseville,Omar,6/29/2026,9:35,13:24,,3:49,
"Khamo, Maryam S",MK1,Sales Associate,Roseville,Omar,6/29/2026,13:57,18:39,0:33,4:42,
"Khamo, Maryam S",MK1,Sales Associate,Roseville,Omar,6/30/2026,9:33,13:35,,4:02,
"Khamo, Maryam S",MK1,Sales Associate,Roseville,Omar,6/30/2026,14:08,16:03,0:33,1:55,
"Khamo, Maryam S",MK1,Sales Associate,Roseville,Omar,6/30/2026,16:17,18:10,0:14,2:03,
"Khanam, Mahmuda",MK2,Sales Associate,VictorVille,Alexandra,6/2/2026,9:07,13:57,,4:50,
"Khanam, Mahmuda",MK2,Sales Associate,VictorVille,Alexandra,6/2/2026,15:06,21:10,1:09,6:04,
"Khanam, Mahmuda",MK2,Sales Associate,VictorVille,Alexandra,6/3/2026,12:08,15:06,,2:58,
"Khanam, Mahmuda",MK2,Sales Associate,VictorVille,Alexandra,6/3/2026,15:27,15:56,0:21,0:39,
"Khanam, Mahmuda",MK2,Sales Associate,VictorVille,Alexandra,6/3/2026,16:36,20:09,0:40,3:33,
"Khanam, Mahmuda",MK2,Sales Associate,VictorVille,Alexandra,6/4/2026,9:08,11:29,,2:21,
"Khanam, Mahmuda",MK2,Sales Associate,VictorVille,Alexandra,6/4/2026,11:36,13:37,0:07,2:08,
"Khanam, Mahmuda",MK2,Sales Associate,VictorVille,Alexandra,6/4/2026,14:44,16:34,1:07,1:50,
"Khanam, Mahmuda",MK2,Sales Associate,VictorVille,Alexandra,6/4/2026,16:43,20:09,0:09,3:35,
"Khanam, Mahmuda",MK2,Sales Associate,VictorVille,Alexandra,6/5/2026,9:07,13:24,,4:17,
"Khanam, Mahmuda",MK2,Sales Associate,VictorVille,Alexandra,6/5/2026,14:22,17:22,0:58,3:00,
"Khanam, Mahmuda",MK2,Sales Associate,VictorVille,Alexandra,6/5/2026,17:36,20:18,0:14,2:52,
"Khanam, Mahmuda",MK2,Sales Associate,VictorVille,Alexandra,6/6/2026,9:12,10:25,,1:13,
"Khanam, Mahmuda",MK2,Sales Associate,VictorVille,Alexandra,6/6/2026,10:32,13:10,0:07,2:45,
"Khanam, Mahmuda",MK2,Sales Associate,VictorVille,Alexandra,6/6/2026,14:11,19:06,1:01,4:55,
"Khanam, Mahmuda",MK2,Sales Associate,VictorVille,Alexandra,6/6/2026,19:23,20:25,0:17,1:12,
"Khanam, Mahmuda",MK2,Sales Associate,VictorVille,Alexandra,6/7/2026,10:10,14:17,,4:07,
"Khanam, Mahmuda",MK2,Sales Associate,VictorVille,Alexandra,6/7/2026,15:20,18:16,1:03,2:56,
"Khanam, Mahmuda",MK2,Sales Associate,VictorVille,Alexandra,6/8/2026,9:13,13:24,,4:11,
"Khanam, Mahmuda",MK2,Sales Associate,VictorVille,Alexandra,6/8/2026,14:25,18:24,1:01,3:59,
"Khanam, Mahmuda",MK2,Sales Associate,VictorVille,Alexandra,6/8/2026,18:39,20:19,0:15,1:50,
"Khanam, Mahmuda",MK2,Sales Associate,VictorVille,Alexandra,6/9/2026,11:54,15:09,,3:15,
"Khanam, Mahmuda",MK2,Sales Associate,VictorVille,Alexandra,6/9/2026,15:52,19:32,0:43,3:40,
"Khanam, Mahmuda",MK2,Sales Associate,VictorVille,Alexandra,6/9/2026,19:42,20:28,0:10,0:56,
"Khanam, Mahmuda",MK2,Sales Associate,VictorVille,Alexandra,6/10/2026,9:09,12:56,,3:47,
"Khanam, Mahmuda",MK2,Sales Associate,VictorVille,Alexandra,6/10/2026,13:07,13:57,0:11,1:00,
"Khanam, Mahmuda",MK2,Sales Associate,VictorVille,Alexandra,6/10/2026,15:06,17:59,1:09,2:53,
"Khanam, Mahmuda",MK2,Sales Associate,VictorVille,Alexandra,6/10/2026,18:11,20:22,0:12,2:21,
"Khanam, Mahmuda",MK2,Sales Associate,VictorVille,Alexandra,6/12/2026,9:10,13:36,,4:26,
"Khanam, Mahmuda",MK2,Sales Associate,VictorVille,Alexandra,6/12/2026,14:36,18:55,1:00,4:19,
"Khanam, Mahmuda",MK2,Sales Associate,VictorVille,Alexandra,6/12/2026,19:07,20:10,0:12,1:13,
"Khanam, Mahmuda",MK2,Sales Associate,VictorVille,Alexandra,6/13/2026,9:10,13:56,,4:46,
"Khanam, Mahmuda",MK2,Sales Associate,VictorVille,Alexandra,6/13/2026,14:52,18:19,0:56,3:27,
"Khanam, Mahmuda",MK2,Sales Associate,VictorVille,Alexandra,6/13/2026,18:35,20:27,0:16,2:02,
"Khanam, Mahmuda",MK2,Sales Associate,VictorVille,Alexandra,6/14/2026,10:07,13:13,,3:06,
"Khanam, Mahmuda",MK2,Sales Associate,VictorVille,Alexandra,6/14/2026,13:48,18:16,0:35,4:28,
"Khanam, Mahmuda",MK2,Sales Associate,VictorVille,Alexandra,6/15/2026,9:08,13:13,,4:05,
"Khanam, Mahmuda",MK2,Sales Associate,VictorVille,Alexandra,6/15/2026,14:19,20:15,1:06,5:56,
"Khanam, Mahmuda",MK2,Sales Associate,VictorVille,Alexandra,6/17/2026,11:40,13:19,,1:39,
"Khanam, Mahmuda",MK2,Sales Associate,VictorVille,Alexandra,6/17/2026,13:30,15:43,0:11,2:23,
"Khanam, Mahmuda",MK2,Sales Associate,VictorVille,Alexandra,6/17/2026,16:48,20:09,1:05,3:21,
"Khanam, Mahmuda",MK2,Sales Associate,VictorVille,Alexandra,6/18/2026,9:02,13:39,,4:37,
"Khanam, Mahmuda",MK2,Sales Associate,VictorVille,Alexandra,6/18/2026,14:44,17:20,1:05,2:36,
"Khanam, Mahmuda",MK2,Sales Associate,VictorVille,Alexandra,6/18/2026,17:31,19:00,0:11,1:39,
"Khanam, Mahmuda",MK2,Sales Associate,VictorVille,Alexandra,6/18/2026,19:12,20:09,0:12,1:07,
"Khanam, Mahmuda",MK2,Sales Associate,VictorVille,Alexandra,6/19/2026,9:01,11:30,,2:29,
"Khanam, Mahmuda",MK2,Sales Associate,VictorVille,Alexandra,6/19/2026,11:44,13:32,0:14,1:58,
"Khanam, Mahmuda",MK2,Sales Associate,VictorVille,Alexandra,6/19/2026,14:23,16:52,0:51,2:29,
"Khanam, Mahmuda",MK2,Sales Associate,VictorVille,Alexandra,6/19/2026,17:12,20:20,0:20,3:18,
"Khanam, Mahmuda",MK2,Sales Associate,VictorVille,Alexandra,6/20/2026,9:07,12:48,,3:41,
"Khanam, Mahmuda",MK2,Sales Associate,VictorVille,Alexandra,6/20/2026,12:59,13:14,0:11,0:25,
"Khanam, Mahmuda",MK2,Sales Associate,VictorVille,Alexandra,6/20/2026,14:08,16:11,0:54,2:03,
"Khanam, Mahmuda",MK2,Sales Associate,VictorVille,Alexandra,6/20/2026,16:15,20:18,0:04,4:07,
"Khanam, Mahmuda",MK2,Sales Associate,VictorVille,Alexandra,6/21/2026,10:15,13:51,,3:36,
"Khanam, Mahmuda",MK2,Sales Associate,VictorVille,Alexandra,6/21/2026,14:50,17:13,0:59,2:23,
"Khanam, Mahmuda",MK2,Sales Associate,VictorVille,Alexandra,6/21/2026,17:21,18:01,0:08,0:48,
"Khanam, Mahmuda",MK2,Sales Associate,VictorVille,Alexandra,6/22/2026,9:07,11:50,,2:43,
"Khanam, Mahmuda",MK2,Sales Associate,VictorVille,Alexandra,6/22/2026,12:04,14:00,0:14,2:06,
"Khanam, Mahmuda",MK2,Sales Associate,VictorVille,Alexandra,6/22/2026,15:08,17:37,1:08,2:29,
"Khanam, Mahmuda",MK2,Sales Associate,VictorVille,Alexandra,6/22/2026,18:07,20:22,0:30,2:15,
"Khanam, Mahmuda",MK2,Sales Associate,VictorVille,Alexandra,6/23/2026,9:33,12:52,,3:19,
"Khanam, Mahmuda",MK2,Sales Associate,VictorVille,Alexandra,6/23/2026,13:06,13:45,0:14,0:49,
"Khanam, Mahmuda",MK2,Sales Associate,VictorVille,Alexandra,6/23/2026,14:52,19:02,1:07,4:10,
"Khanam, Mahmuda",MK2,Sales Associate,VictorVille,Alexandra,6/23/2026,19:17,20:11,0:15,1:04,
"Khanam, Mahmuda",MK2,Sales Associate,VictorVille,Alexandra,6/24/2026,11:41,14:22,,2:41,
"Khanam, Mahmuda",MK2,Sales Associate,VictorVille,Alexandra,6/24/2026,14:36,15:27,0:14,1:01,
"Khanam, Mahmuda",MK2,Sales Associate,VictorVille,Alexandra,6/24/2026,16:06,18:06,0:39,2:00,
"Khanam, Mahmuda",MK2,Sales Associate,VictorVille,Alexandra,6/24/2026,18:17,20:16,0:11,2:09,
"Khanam, Mahmuda",MK2,Sales Associate,VictorVille,Alexandra,6/25/2026,9:10,13:09,,3:59,
"Khanam, Mahmuda",MK2,Sales Associate,VictorVille,Alexandra,6/25/2026,14:09,17:58,1:00,3:49,
"Khanam, Mahmuda",MK2,Sales Associate,VictorVille,Alexandra,6/25/2026,18:27,20:31,0:29,2:14,
"Khanam, Mahmuda",MK2,Sales Associate,VictorVille,Alexandra,6/26/2026,9:10,12:51,,3:41,
"Khanam, Mahmuda",MK2,Sales Associate,VictorVille,Alexandra,6/26/2026,13:03,13:30,0:12,0:37,
"Khanam, Mahmuda",MK2,Sales Associate,VictorVille,Alexandra,6/26/2026,14:32,17:21,1:02,2:49,
"Khanam, Mahmuda",MK2,Sales Associate,VictorVille,Alexandra,6/26/2026,18:24,20:22,1:03,1:58,
"Khanam, Mahmuda",MK2,Sales Associate,VictorVille,Alexandra,6/28/2026,10:10,12:52,,2:42,
"Khanam, Mahmuda",MK2,Sales Associate,VictorVille,Alexandra,6/28/2026,13:06,14:37,0:14,1:41,
"Khanam, Mahmuda",MK2,Sales Associate,VictorVille,Alexandra,6/28/2026,15:34,18:44,0:57,3:10,
"Khanam, Mahmuda",MK2,Sales Associate,VictorVille,Alexandra,6/29/2026,9:08,12:10,,3:02,
"Khanam, Mahmuda",MK2,Sales Associate,VictorVille,Alexandra,6/29/2026,12:23,13:28,0:13,1:15,
"Khanam, Mahmuda",MK2,Sales Associate,VictorVille,Alexandra,6/29/2026,14:35,17:45,1:07,3:10,
"Khanam, Mahmuda",MK2,Sales Associate,VictorVille,Alexandra,6/29/2026,17:59,19:54,0:14,2:05,
"Khanam, Mahmuda",MK2,Sales Associate,VictorVille,Alexandra,6/30/2026,11:44,13:30,,1:46,
"Khanam, Mahmuda",MK2,Sales Associate,VictorVille,Alexandra,6/30/2026,13:42,14:53,0:12,1:21,
"Khanam, Mahmuda",MK2,Sales Associate,VictorVille,Alexandra,6/30/2026,15:44,19:13,0:51,3:29,
"Khanam, Mahmuda",MK2,Sales Associate,VictorVille,Alexandra,6/30/2026,19:22,20:05,0:09,0:52,
"Khowaja, Sulleman",SK5,Office,Admin,Office,6/1/2026,9:45,15:41,,5:56,
"Khowaja, Sulleman",SK5,Office,Admin,Office,6/1/2026,16:14,20:01,0:33,3:47,
"Khowaja, Sulleman",SK5,Office,Admin,Office,6/2/2026,9:28,15:35,,6:07,
"Khowaja, Sulleman",SK5,Office,Admin,Office,6/2/2026,16:04,20:11,0:29,4:07,
"Khowaja, Sulleman",SK5,Office,Admin,Office,6/3/2026,9:06,15:55,,6:49,
"Khowaja, Sulleman",SK5,Office,Admin,Office,6/3/2026,16:26,20:12,0:31,3:46,
"Khowaja, Sulleman",SK5,Office,Admin,Office,6/4/2026,9:42,15:20,,5:38,
"Khowaja, Sulleman",SK5,Office,Admin,Office,6/4/2026,16:00,20:02,0:40,4:02,
"Khowaja, Sulleman",SK5,Office,Admin,Office,6/5/2026,9:06,15:21,,6:15,
"Khowaja, Sulleman",SK5,Office,Admin,Office,6/5/2026,15:54,19:15,0:33,3:21,
"Khowaja, Sulleman",SK5,Office,Admin,Office,6/6/2026,9:15,14:57,,5:42,
"Khowaja, Sulleman",SK5,Office,Admin,Office,6/6/2026,15:31,20:00,0:34,4:29,
"Khowaja, Sulleman",SK5,Office,Admin,Office,6/8/2026,9:06,15:43,,6:37,
"Khowaja, Sulleman",SK5,Office,Admin,Office,6/8/2026,16:22,20:02,0:39,3:40,
"Khowaja, Sulleman",SK5,Office,Admin,Office,6/9/2026,9:19,13:50,,4:31,
"Khowaja, Sulleman",SK5,Office,Admin,Office,6/9/2026,15:23,20:05,1:33,4:42,
"Khowaja, Sulleman",SK5,Office,Admin,Office,6/10/2026,9:16,15:52,,6:36,
"Khowaja, Sulleman",SK5,Office,Admin,Office,6/10/2026,16:44,20:04,0:52,3:20,
"Khowaja, Sulleman",SK5,Office,Admin,Office,6/12/2026,9:13,15:13,,6:00,
"Khowaja, Sulleman",SK5,Office,Admin,Office,6/12/2026,15:43,19:19,0:30,3:36,
"Khowaja, Sulleman",SK5,Office,Admin,Office,6/13/2026,9:14,15:44,,6:30,
"Khowaja, Sulleman",SK5,Office,Admin,Office,6/13/2026,16:21,20:00,0:37,3:39,
"Khowaja, Sulleman",SK5,Office,Admin,Office,6/15/2026,9:15,15:13,,5:58,
"Khowaja, Sulleman",SK5,Office,Admin,Office,6/15/2026,16:17,19:14,1:04,2:57,
"Khowaja, Sulleman",SK5,Office,Admin,Office,6/16/2026,9:21,15:25,,6:04,
"Khowaja, Sulleman",SK5,Office,Admin,Office,6/16/2026,16:15,20:02,0:50,3:47,
"Khowaja, Sulleman",SK5,Office,Admin,Office,6/17/2026,9:09,15:50,,6:41,
"Khowaja, Sulleman",SK5,Office,Admin,Office,6/17/2026,16:27,20:14,0:37,3:47,
"Khowaja, Sulleman",SK5,Office,Admin,Office,6/18/2026,9:16,15:32,,6:16,
"Khowaja, Sulleman",SK5,Office,Admin,Office,6/18/2026,16:17,20:05,0:45,3:48,
"Khowaja, Sulleman",SK5,Office,Admin,Office,6/19/2026,9:04,15:27,,6:23,
"Khowaja, Sulleman",SK5,Office,Admin,Office,6/19/2026,16:05,19:13,0:38,3:08,
"Khowaja, Sulleman",SK5,Office,Admin,Office,6/20/2026,9:24,15:27,,6:03,
"Khowaja, Sulleman",SK5,Office,Admin,Office,6/20/2026,16:03,20:09,0:36,4:06,
"Khowaja, Sulleman",SK5,Office,Admin,Office,6/22/2026,9:24,15:22,,5:58,
"Khowaja, Sulleman",SK5,Office,Admin,Office,6/22/2026,15:56,20:08,0:34,4:12,
"Khowaja, Sulleman",SK5,Office,Admin,Office,6/23/2026,9:15,16:45,,7:30,
"Khowaja, Sulleman",SK5,Office,Admin,Office,6/23/2026,17:19,20:07,0:34,2:48,
"Khowaja, Sulleman",SK5,Office,Admin,Office,6/24/2026,9:04,15:27,,6:23,
"Khowaja, Sulleman",SK5,Office,Admin,Office,6/24/2026,16:14,20:18,0:47,4:04,
"Khowaja, Sulleman",SK5,Office,Admin,Office,6/25/2026,7:12,12:11,,4:59,
"Khowaja, Sulleman",SK5,Office,Admin,Office,6/25/2026,13:11,0:00,1:00,10:49,
"Khowaja, Sulleman",SK5,Office,Admin,Office,6/26/2026,0:01,5:00,0:01,4:59,
"Khowaja, Sulleman",SK5,Office,Admin,Office,6/26/2026,6:00,21:40,1:00,15:40,
"Khowaja, Sulleman",SK5,Office,Admin,Office,6/27/2026,10:25,16:00,,5:35,
"Khowaja, Sulleman",SK5,Office,Admin,Office,6/27/2026,16:30,22:25,0:30,5:55,
"Khowaja, Sulleman",SK5,Office,Admin,Office,6/28/2026,11:05,15:00,,3:55,
"Khowaja, Sulleman",SK5,Office,Admin,Office,6/28/2026,15:30,22:23,0:30,6:53,
"Khowaja, Sulleman",SK5,Office,Admin,Office,6/29/2026,13:45,22:40,,8:55,
"Khowaja, Sulleman",SK5,Office,Admin,Office,6/30/2026,11:05,15:15,,4:10,
"Khowaja, Sulleman",SK5,Office,Admin,Office,6/30/2026,15:45,20:30,0:30,4:45,
"Kumar, Shubham",SK7,Sales Associate,Fresno,Lourdes,6/1/2026,9:03,13:54,,4:51,
"Kumar, Shubham",SK7,Sales Associate,Fresno,Lourdes,6/1/2026,14:45,20:11,0:51,5:26,
"Kumar, Shubham",SK7,Sales Associate,Fresno,Lourdes,6/2/2026,9:00,13:32,,4:32,
"Kumar, Shubham",SK7,Sales Associate,Fresno,Lourdes,6/2/2026,14:28,20:15,0:56,5:47,
"Kumar, Shubham",SK7,Sales Associate,Fresno,Lourdes,6/3/2026,9:08,12:34,,3:26,
"Kumar, Shubham",SK7,Sales Associate,Fresno,Lourdes,6/3/2026,12:43,14:00,0:09,1:26,
"Kumar, Shubham",SK7,Sales Associate,Fresno,Lourdes,6/3/2026,14:50,19:59,0:50,5:09,
"Kumar, Shubham",SK7,Sales Associate,Fresno,Lourdes,6/4/2026,9:10,12:46,,3:36,
"Kumar, Shubham",SK7,Sales Associate,Fresno,Lourdes,6/4/2026,12:56,13:51,0:10,1:05,
"Kumar, Shubham",SK7,Sales Associate,Fresno,Lourdes,6/4/2026,14:47,19:08,0:56,4:21,
"Kumar, Shubham",SK7,Sales Associate,Fresno,Lourdes,6/4/2026,19:16,20:00,0:08,0:52,
"Kumar, Shubham",SK7,Sales Associate,Fresno,Lourdes,6/6/2026,9:02,13:22,,4:20,
"Kumar, Shubham",SK7,Sales Associate,Fresno,Lourdes,6/6/2026,14:20,20:13,0:58,5:53,
"Kumar, Shubham",SK7,Sales Associate,Fresno,Lourdes,6/7/2026,10:12,13:41,,3:29,
"Kumar, Shubham",SK7,Sales Associate,Fresno,Lourdes,6/7/2026,14:30,19:36,0:49,5:06,
"Kumar, Shubham",SK7,Sales Associate,Fresno,Lourdes,6/8/2026,9:00,13:59,,4:59,
"Kumar, Shubham",SK7,Sales Associate,Fresno,Lourdes,6/8/2026,14:49,20:39,0:50,5:50,
"Kumar, Shubham",SK7,Sales Associate,Fresno,Lourdes,6/9/2026,9:00,13:57,,4:57,
"Kumar, Shubham",SK7,Sales Associate,Fresno,Lourdes,6/9/2026,14:50,18:14,0:53,3:24,
"Kumar, Shubham",SK7,Sales Associate,Fresno,Lourdes,6/9/2026,18:23,20:18,0:09,2:04,
"Kumar, Shubham",SK7,Sales Associate,Fresno,Lourdes,6/10/2026,9:00,13:38,,4:38,
"Kumar, Shubham",SK7,Sales Associate,Fresno,Lourdes,6/10/2026,14:33,18:58,0:55,4:25,
"Kumar, Shubham",SK7,Sales Associate,Fresno,Lourdes,6/10/2026,19:04,20:08,0:06,1:10,
"Kumar, Shubham",SK7,Sales Associate,Fresno,Lourdes,6/11/2026,9:07,13:31,,4:24,
"Kumar, Shubham",SK7,Sales Associate,Fresno,Lourdes,6/11/2026,14:22,17:26,0:51,3:04,
"Kumar, Shubham",SK7,Sales Associate,Fresno,Lourdes,6/11/2026,17:35,19:59,0:09,2:33,
"Kumar, Shubham",SK7,Sales Associate,Fresno,Lourdes,6/13/2026,9:05,12:22,,3:17,
"Kumar, Shubham",SK7,Sales Associate,Fresno,Lourdes,6/13/2026,12:30,13:42,0:08,1:20,
"Kumar, Shubham",SK7,Sales Associate,Fresno,Lourdes,6/13/2026,14:38,20:24,0:56,5:46,
"Kumar, Shubham",SK7,Sales Associate,Fresno,Lourdes,6/14/2026,10:16,14:40,,4:24,
"Kumar, Shubham",SK7,Sales Associate,Fresno,Lourdes,6/14/2026,15:29,19:02,0:49,3:33,
"Kumar, Shubham",SK7,Sales Associate,Fresno,Lourdes,6/15/2026,9:07,14:02,,4:55,
"Kumar, Shubham",SK7,Sales Associate,Fresno,Lourdes,6/15/2026,14:51,20:40,0:49,5:49,
"Kumar, Shubham",SK7,Sales Associate,Fresno,Lourdes,6/16/2026,9:00,13:12,,4:12,
"Kumar, Shubham",SK7,Sales Associate,Fresno,Lourdes,6/16/2026,13:53,17:20,0:41,3:27,
"Kumar, Shubham",SK7,Sales Associate,Fresno,Lourdes,6/16/2026,17:29,20:44,0:09,3:24,
"Kumar, Shubham",SK7,Sales Associate,Fresno,Lourdes,6/17/2026,9:02,13:29,,4:27,
"Kumar, Shubham",SK7,Sales Associate,Fresno,Lourdes,6/17/2026,14:23,18:47,0:54,4:24,
"Kumar, Shubham",SK7,Sales Associate,Fresno,Lourdes,6/17/2026,18:56,20:02,0:09,1:15,
"Kumar, Shubham",SK7,Sales Associate,Fresno,Lourdes,6/18/2026,9:06,13:42,,4:36,
"Kumar, Shubham",SK7,Sales Associate,Fresno,Lourdes,6/18/2026,14:35,19:12,0:53,4:37,
"Kumar, Shubham",SK7,Sales Associate,Fresno,Lourdes,6/18/2026,19:21,20:12,0:09,1:00,
"Kumar, Shubham",SK7,Sales Associate,Fresno,Lourdes,6/20/2026,9:04,13:53,,4:49,
"Kumar, Shubham",SK7,Sales Associate,Fresno,Lourdes,6/20/2026,14:38,20:29,0:45,5:51,
"Kumar, Shubham",SK7,Sales Associate,Fresno,Lourdes,6/21/2026,10:03,14:38,,4:35,
"Kumar, Shubham",SK7,Sales Associate,Fresno,Lourdes,6/21/2026,15:24,19:13,0:46,3:49,
"Kumar, Shubham",SK7,Sales Associate,Fresno,Lourdes,6/22/2026,9:09,13:47,,4:38,
"Kumar, Shubham",SK7,Sales Associate,Fresno,Lourdes,6/22/2026,14:49,20:20,1:02,5:31,
"Kumar, Shubham",SK7,Sales Associate,Fresno,Lourdes,6/23/2026,9:04,13:58,,4:54,
"Kumar, Shubham",SK7,Sales Associate,Fresno,Lourdes,6/23/2026,14:51,20:07,0:53,5:16,
"Kumar, Shubham",SK7,Sales Associate,Fresno,Lourdes,6/24/2026,9:04,13:16,,4:12,
"Kumar, Shubham",SK7,Sales Associate,Fresno,Lourdes,6/24/2026,14:04,20:11,0:48,6:07,
"Kumar, Shubham",SK7,Sales Associate,Fresno,Lourdes,6/25/2026,9:08,13:17,,4:09,
"Kumar, Shubham",SK7,Sales Associate,Fresno,Lourdes,6/25/2026,14:14,18:59,0:57,4:45,
"Kumar, Shubham",SK7,Sales Associate,Fresno,Lourdes,6/27/2026,9:07,14:02,,4:55,
"Kumar, Shubham",SK7,Sales Associate,Fresno,Lourdes,6/27/2026,14:57,18:11,0:55,3:14,
"Kumar, Shubham",SK7,Sales Associate,Fresno,Lourdes,6/27/2026,18:21,20:07,0:10,1:56,
"Kumar, Shubham",SK7,Sales Associate,Fresno,Lourdes,6/28/2026,10:04,14:20,,4:16,
"Kumar, Shubham",SK7,Sales Associate,Fresno,Lourdes,6/28/2026,15:10,18:00,0:50,2:50,
"Kumar, Shubham",SK7,Sales Associate,Fresno,Lourdes,6/28/2026,18:07,19:23,0:07,1:23,
"Kumar, Shubham",SK7,Sales Associate,Fresno,Lourdes,6/29/2026,9:14,13:34,,4:20,
"Kumar, Shubham",SK7,Sales Associate,Fresno,Lourdes,6/29/2026,14:32,20:14,0:58,5:42,
"Kumar, Shubham",SK7,Sales Associate,Fresno,Lourdes,6/30/2026,9:08,14:01,,4:53,
"Kumar, Shubham",SK7,Sales Associate,Fresno,Lourdes,6/30/2026,15:00,17:51,0:59,2:51,
"Kumar, Shubham",SK7,Sales Associate,Fresno,Lourdes,6/30/2026,17:59,20:11,0:08,2:20,
"LNU, Mukesh Kumar",MK3,Sales Associate,Modesto,Maria,6/3/2026,9:00,13:00,,4:00,
"LNU, Mukesh Kumar",MK3,Sales Associate,Modesto,Maria,6/3/2026,13:30,21:15,0:30,7:45,
"LNU, Mukesh Kumar",MK3,Sales Associate,Modesto,Maria,6/4/2026,9:00,13:11,,4:11,
"LNU, Mukesh Kumar",MK3,Sales Associate,Modesto,Maria,6/4/2026,13:41,21:22,0:30,7:41,
"LNU, Mukesh Kumar",MK3,Sales Associate,Modesto,Maria,6/6/2026,9:00,13:47,,4:47,
"LNU, Mukesh Kumar",MK3,Sales Associate,Modesto,Maria,6/6/2026,14:17,21:32,0:30,7:15,
"LNU, Mukesh Kumar",MK3,Sales Associate,Modesto,Maria,6/7/2026,10:34,14:49,,4:15,
"LNU, Mukesh Kumar",MK3,Sales Associate,Modesto,Maria,6/7/2026,15:49,19:12,1:00,3:23,
"LNU, Mukesh Kumar",MK3,Sales Associate,Modesto,Maria,6/8/2026,9:03,13:02,,3:59,
"LNU, Mukesh Kumar",MK3,Sales Associate,Modesto,Maria,6/8/2026,13:32,18:29,0:30,4:57,
"LNU, Mukesh Kumar",MK3,Sales Associate,Modesto,Maria,6/8/2026,19:00,21:19,0:31,2:19,
"LNU, Mukesh Kumar",MK3,Sales Associate,Modesto,Maria,6/9/2026,9:04,13:55,,4:51,
"LNU, Mukesh Kumar",MK3,Sales Associate,Modesto,Maria,6/9/2026,14:26,18:15,0:31,3:49,
"LNU, Mukesh Kumar",MK3,Sales Associate,Modesto,Maria,6/9/2026,18:45,21:16,0:30,2:31,
"LNU, Mukesh Kumar",MK3,Sales Associate,Modesto,Maria,6/10/2026,9:06,13:00,,3:54,
"LNU, Mukesh Kumar",MK3,Sales Associate,Modesto,Maria,6/10/2026,13:30,17:43,0:30,4:13,
"LNU, Mukesh Kumar",MK3,Sales Associate,Modesto,Maria,6/10/2026,18:13,21:19,0:30,3:06,
"LNU, Mukesh Kumar",MK3,Sales Associate,Modesto,Maria,6/12/2026,9:03,13:15,,4:12,
"LNU, Mukesh Kumar",MK3,Sales Associate,Modesto,Maria,6/12/2026,13:47,18:00,0:32,4:13,
"LNU, Mukesh Kumar",MK3,Sales Associate,Modesto,Maria,6/12/2026,18:30,21:16,0:30,2:46,
"LNU, Mukesh Kumar",MK3,Sales Associate,Modesto,Maria,6/13/2026,9:00,12:56,,3:56,
"LNU, Mukesh Kumar",MK3,Sales Associate,Modesto,Maria,6/13/2026,13:26,18:30,0:30,5:04,
"LNU, Mukesh Kumar",MK3,Sales Associate,Modesto,Maria,6/13/2026,19:00,21:36,0:30,2:36,
"LNU, Mukesh Kumar",MK3,Sales Associate,Modesto,Maria,6/14/2026,10:31,14:38,,4:07,
"LNU, Mukesh Kumar",MK3,Sales Associate,Modesto,Maria,6/14/2026,15:37,19:19,0:59,3:42,
"LNU, Mukesh Kumar",MK3,Sales Associate,Modesto,Maria,6/15/2026,9:05,13:05,,4:00,
"LNU, Mukesh Kumar",MK3,Sales Associate,Modesto,Maria,6/15/2026,13:36,17:37,0:31,4:01,
"LNU, Mukesh Kumar",MK3,Sales Associate,Modesto,Maria,6/15/2026,18:08,21:12,0:31,3:04,
"LNU, Mukesh Kumar",MK3,Sales Associate,Modesto,Maria,6/16/2026,9:05,13:37,,4:32,
"LNU, Mukesh Kumar",MK3,Sales Associate,Modesto,Maria,6/16/2026,14:08,17:26,0:31,3:18,
"LNU, Mukesh Kumar",MK3,Sales Associate,Modesto,Maria,6/16/2026,17:56,21:05,0:30,3:09,
"LNU, Mukesh Kumar",MK3,Sales Associate,Modesto,Maria,6/17/2026,9:07,13:00,,3:53,
"LNU, Mukesh Kumar",MK3,Sales Associate,Modesto,Maria,6/17/2026,13:31,16:58,0:31,3:27,
"LNU, Mukesh Kumar",MK3,Sales Associate,Modesto,Maria,6/17/2026,17:28,21:16,0:30,3:48,
"LNU, Mukesh Kumar",MK3,Sales Associate,Modesto,Maria,6/18/2026,9:03,13:03,,4:00,
"LNU, Mukesh Kumar",MK3,Sales Associate,Modesto,Maria,6/18/2026,13:33,17:01,0:30,3:28,
"LNU, Mukesh Kumar",MK3,Sales Associate,Modesto,Maria,6/18/2026,17:31,21:53,0:30,4:22,
"LNU, Mukesh Kumar",MK3,Sales Associate,Modesto,Maria,6/20/2026,9:02,12:54,,3:52,
"LNU, Mukesh Kumar",MK3,Sales Associate,Modesto,Maria,6/20/2026,13:24,17:31,0:30,4:07,
"LNU, Mukesh Kumar",MK3,Sales Associate,Modesto,Maria,6/20/2026,18:02,21:23,0:31,3:21,
"LNU, Mukesh Kumar",MK3,Sales Associate,Modesto,Maria,6/21/2026,10:33,14:00,,3:27,
"LNU, Mukesh Kumar",MK3,Sales Associate,Modesto,Maria,6/21/2026,14:57,19:04,0:57,4:07,
"LNU, Mukesh Kumar",MK3,Sales Associate,Modesto,Maria,6/22/2026,9:08,13:07,,3:59,
"LNU, Mukesh Kumar",MK3,Sales Associate,Modesto,Maria,6/22/2026,13:37,18:54,0:30,5:17,
"LNU, Mukesh Kumar",MK3,Sales Associate,Modesto,Maria,6/22/2026,19:24,21:39,0:30,2:15,
"LNU, Mukesh Kumar",MK3,Sales Associate,Modesto,Maria,6/23/2026,9:06,12:51,,3:45,
"LNU, Mukesh Kumar",MK3,Sales Associate,Modesto,Maria,6/23/2026,13:24,17:36,0:33,4:12,
"LNU, Mukesh Kumar",MK3,Sales Associate,Modesto,Maria,6/23/2026,18:06,21:10,0:30,3:04,
"LNU, Mukesh Kumar",MK3,Sales Associate,Modesto,Maria,6/24/2026,9:02,12:51,,3:49,
"LNU, Mukesh Kumar",MK3,Sales Associate,Modesto,Maria,6/24/2026,13:21,17:51,0:30,4:30,
"LNU, Mukesh Kumar",MK3,Sales Associate,Modesto,Maria,6/24/2026,18:22,21:05,0:31,2:43,
"LNU, Mukesh Kumar",MK3,Sales Associate,Modesto,Maria,6/26/2026,9:04,12:57,,3:53,
"LNU, Mukesh Kumar",MK3,Sales Associate,Modesto,Maria,6/26/2026,13:27,17:55,0:30,4:28,
"LNU, Mukesh Kumar",MK3,Sales Associate,Modesto,Maria,6/26/2026,18:25,21:32,0:30,3:07,
"LNU, Mukesh Kumar",MK3,Sales Associate,Modesto,Maria,6/27/2026,9:03,12:54,,3:51,
"LNU, Mukesh Kumar",MK3,Sales Associate,Modesto,Maria,6/27/2026,13:26,16:59,0:32,3:33,
"LNU, Mukesh Kumar",MK3,Sales Associate,Modesto,Maria,6/27/2026,17:29,21:12,0:30,3:43,
"LNU, Mukesh Kumar",MK3,Sales Associate,Modesto,Maria,6/28/2026,10:37,13:48,,3:11,
"LNU, Mukesh Kumar",MK3,Sales Associate,Modesto,Maria,6/28/2026,14:48,19:03,1:00,4:15,
"LNU, Mukesh Kumar",MK3,Sales Associate,Modesto,Maria,6/29/2026,9:04,12:58,,3:54,
"LNU, Mukesh Kumar",MK3,Sales Associate,Modesto,Maria,6/29/2026,13:28,18:22,0:30,4:54,
"LNU, Mukesh Kumar",MK3,Sales Associate,Modesto,Maria,6/29/2026,18:57,21:09,0:35,2:12,
"LNU, Mukesh Kumar",MK3,Sales Associate,Modesto,Maria,6/30/2026,9:04,12:58,,3:54,
"LNU, Mukesh Kumar",MK3,Sales Associate,Modesto,Maria,6/30/2026,13:28,17:41,0:30,4:13,
"LNU, Mukesh Kumar",MK3,Sales Associate,Modesto,Maria,6/30/2026,18:11,21:13,0:30,3:02,
"Lai, Duc Kim",,,,,6/2/2026,10:56,15:30,,4:34,
"Lai, Duc Kim",,,,,6/2/2026,16:30,20:00,1:00,3:30,
"Lai, Duc Kim",,,,,6/3/2026,10:54,15:42,,4:48,
"Lai, Duc Kim",,,,,6/3/2026,16:45,20:00,1:03,3:15,
"Lai, Duc Kim",,,,,6/5/2026,10:52,15:51,,4:59,
"Lai, Duc Kim",,,,,6/5/2026,16:54,20:00,1:03,3:06,
"Lai, Duc Kim",,,,,6/6/2026,10:55,15:43,,4:48,
"Lai, Duc Kim",,,,,6/6/2026,16:42,20:00,0:59,3:18,
"Lai, Duc Kim",,,,,6/7/2026,10:56,15:40,,4:44,
"Lai, Duc Kim",,,,,6/7/2026,16:38,19:00,0:58,2:22,
"Lai, Duc Kim",,,,,6/9/2026,10:54,15:46,,4:52,
"Lai, Duc Kim",,,,,6/9/2026,16:50,20:00,1:04,3:10,
"Lai, Duc Kim",,,,,6/10/2026,10:52,15:30,,4:38,
"Lai, Duc Kim",,,,,6/10/2026,16:33,20:00,1:03,3:27,
"Lai, Duc Kim",,,,,6/12/2026,10:53,15:44,,4:51,
"Lai, Duc Kim",,,,,6/12/2026,16:46,20:00,1:02,3:14,
"Lai, Duc Kim",,,,,6/13/2026,10:54,15:45,,4:51,
"Lai, Duc Kim",,,,,6/13/2026,16:45,19:59,1:00,3:14,
"Lai, Duc Kim",,,,,6/14/2026,10:57,15:45,,4:48,
"Lai, Duc Kim",,,,,6/14/2026,16:45,19:01,1:00,2:16,
"Lai, Duc Kim",,,,,6/16/2026,10:54,15:47,,4:53,
"Lai, Duc Kim",,,,,6/16/2026,16:50,20:00,1:03,3:10,
"Lai, Duc Kim",,,,,6/17/2026,10:54,15:50,,4:56,
"Lai, Duc Kim",,,,,6/17/2026,16:52,19:59,1:02,3:07,
"Lai, Duc Kim",,,,,6/19/2026,10:57,15:31,,4:34,
"Lai, Duc Kim",,,,,6/19/2026,16:44,20:00,1:13,3:16,
"Lai, Duc Kim",,,,,6/20/2026,10:53,15:40,,4:47,
"Lai, Duc Kim",,,,,6/20/2026,16:44,20:02,1:04,3:18,
"Lai, Duc Kim",,,,,6/21/2026,10:55,15:15,,4:20,
"Lai, Duc Kim",,,,,6/21/2026,16:15,18:57,1:00,2:42,
"Lai, Duc Kim",,,,,6/23/2026,10:58,15:41,,4:43,
"Lai, Duc Kim",,,,,6/23/2026,16:41,20:00,1:00,3:19,
"Lai, Duc Kim",,,,,6/24/2026,10:54,15:21,,4:27,
"Lai, Duc Kim",,,,,6/24/2026,16:23,19:59,1:02,3:36,
"Lai, Duc Kim",,,,,6/26/2026,10:53,15:42,,4:49,
"Lai, Duc Kim",,,,,6/26/2026,16:44,20:02,1:02,3:18,
"Lai, Duc Kim",,,,,6/27/2026,10:52,15:25,,4:33,
"Lai, Duc Kim",,,,,6/27/2026,16:31,20:13,1:06,3:42,
"Lai, Duc Kim",,,,,6/28/2026,10:54,15:27,,4:33,
"Lai, Duc Kim",,,,,6/28/2026,16:26,19:00,0:59,2:34,
"Lai, Duc Kim",,,,,6/30/2026,10:54,15:23,,4:29,
"Lai, Duc Kim",,,,,6/30/2026,16:28,19:59,1:05,3:31,
"Le, Thanh Q",TL1,Corporate Manager,Admin,AJ,6/3/2026,9:15,14:09,,4:54,
"Le, Thanh Q",TL1,Corporate Manager,Admin,AJ,6/3/2026,14:39,19:04,0:30,4:25,
"Le, Thanh Q",TL1,Corporate Manager,Admin,AJ,6/4/2026,9:38,14:14,,4:36,
"Le, Thanh Q",TL1,Corporate Manager,Admin,AJ,6/4/2026,14:44,21:16,0:30,6:32,
"Le, Thanh Q",TL1,Corporate Manager,Admin,AJ,6/5/2026,13:37,17:00,,3:23,
"Le, Thanh Q",TL1,Corporate Manager,Admin,AJ,6/5/2026,17:30,21:59,0:30,4:29,
"Le, Thanh Q",TL1,Corporate Manager,Admin,AJ,6/6/2026,12:28,17:23,,4:55,
"Le, Thanh Q",TL1,Corporate Manager,Admin,AJ,6/6/2026,17:53,19:52,0:30,1:59,
"Le, Thanh Q",TL1,Corporate Manager,Admin,AJ,6/7/2026,10:00,18:00,,8:00,
"Le, Thanh Q",TL1,Corporate Manager,Admin,AJ,6/9/2026,9:13,14:05,,4:52,
"Le, Thanh Q",TL1,Corporate Manager,Admin,AJ,6/9/2026,14:50,19:13,0:45,4:23,
"Le, Thanh Q",TL1,Corporate Manager,Admin,AJ,6/10/2026,9:25,14:21,,4:56,
"Le, Thanh Q",TL1,Corporate Manager,Admin,AJ,6/10/2026,14:53,19:33,0:32,4:40,
"Le, Thanh Q",TL1,Corporate Manager,Admin,AJ,6/11/2026,9:29,14:00,,4:31,
"Le, Thanh Q",TL1,Corporate Manager,Admin,AJ,6/11/2026,15:00,20:01,1:00,5:01,
"Le, Thanh Q",TL1,Corporate Manager,Admin,AJ,6/12/2026,12:28,16:30,,4:02,
"Le, Thanh Q",TL1,Corporate Manager,Admin,AJ,6/12/2026,17:00,20:38,0:30,3:38,
"Le, Thanh Q",TL1,Corporate Manager,Admin,AJ,6/13/2026,13:18,17:00,,3:42,
"Le, Thanh Q",TL1,Corporate Manager,Admin,AJ,6/13/2026,17:30,21:01,0:30,3:31,
"Le, Thanh Q",TL1,Corporate Manager,Admin,AJ,6/14/2026,13:00,16:30,,3:30,
"Le, Thanh Q",TL1,Corporate Manager,Admin,AJ,6/14/2026,17:00,19:27,0:30,2:27,
"Le, Thanh Q",TL1,Corporate Manager,Admin,AJ,6/16/2026,9:13,14:00,,4:47,
"Le, Thanh Q",TL1,Corporate Manager,Admin,AJ,6/16/2026,14:30,21:00,0:30,6:30,
"Le, Thanh Q",TL1,Corporate Manager,Admin,AJ,6/17/2026,12:53,17:10,,4:17,
"Le, Thanh Q",TL1,Corporate Manager,Admin,AJ,6/17/2026,17:48,20:03,0:38,2:15,
"Le, Thanh Q",TL1,Corporate Manager,Admin,AJ,6/18/2026,9:22,13:21,,3:59,
"Le, Thanh Q",TL1,Corporate Manager,Admin,AJ,6/18/2026,14:04,17:50,0:43,3:46,
"Le, Thanh Q",TL1,Corporate Manager,Admin,AJ,6/19/2026,13:20,17:00,,3:40,
"Le, Thanh Q",TL1,Corporate Manager,Admin,AJ,6/19/2026,17:30,20:36,0:30,3:06,
"Le, Thanh Q",TL1,Corporate Manager,Admin,AJ,6/20/2026,13:26,17:30,,4:04,
"Le, Thanh Q",TL1,Corporate Manager,Admin,AJ,6/20/2026,18:00,21:04,0:30,3:04,
"Le, Thanh Q",TL1,Corporate Manager,Admin,AJ,6/21/2026,12:36,16:00,,3:24,
"Le, Thanh Q",TL1,Corporate Manager,Admin,AJ,6/21/2026,16:30,18:23,0:30,1:53,
"Le, Thanh Q",TL1,Corporate Manager,Admin,AJ,6/23/2026,9:12,14:00,,4:48,
"Le, Thanh Q",TL1,Corporate Manager,Admin,AJ,6/23/2026,14:30,19:22,0:30,4:52,
"Le, Thanh Q",TL1,Corporate Manager,Admin,AJ,6/24/2026,13:12,17:22,,4:10,
"Le, Thanh Q",TL1,Corporate Manager,Admin,AJ,6/24/2026,17:54,19:44,0:32,1:50,
"Le, Thanh Q",TL1,Corporate Manager,Admin,AJ,6/25/2026,9:24,13:21,,3:57,
"Le, Thanh Q",TL1,Corporate Manager,Admin,AJ,6/25/2026,13:51,21:34,0:30,7:43,
"Le, Thanh Q",TL1,Corporate Manager,Admin,AJ,6/27/2026,13:06,16:37,,3:31,
"Le, Thanh Q",TL1,Corporate Manager,Admin,AJ,6/27/2026,17:12,20:45,0:35,3:33,
"Le, Thanh Q",TL1,Corporate Manager,Admin,AJ,6/28/2026,12:58,14:30,,1:32,
"Le, Thanh Q",TL1,Corporate Manager,Admin,AJ,6/28/2026,15:00,19:01,0:30,4:01,
"Le, Thanh Q",TL1,Corporate Manager,Admin,AJ,6/30/2026,9:10,13:18,,4:08,
"Le, Thanh Q",TL1,Corporate Manager,Admin,AJ,6/30/2026,13:48,19:16,0:30,5:28,
"Le, Vu N",VL,Jewelry Technician,Great Mall,Estie,6/1/2026,11:04,14:36,,3:32,
"Le, Vu N",VL,Jewelry Technician,Great Mall,Estie,6/1/2026,15:25,19:28,0:49,4:03,
"Le, Vu N",VL,Jewelry Technician,Great Mall,Estie,6/2/2026,10:57,14:28,,3:31,
"Le, Vu N",VL,Jewelry Technician,Great Mall,Estie,6/2/2026,15:35,19:39,1:07,4:04,
"Le, Vu N",VL,Jewelry Technician,Great Mall,Estie,6/5/2026,10:58,14:30,,3:32,
"Le, Vu N",VL,Jewelry Technician,Great Mall,Estie,6/5/2026,15:18,19:45,0:48,4:27,
"Le, Vu N",VL,Jewelry Technician,Great Mall,Estie,6/6/2026,11:00,14:23,,3:23,
"Le, Vu N",VL,Jewelry Technician,Great Mall,Estie,6/6/2026,15:25,19:44,1:02,4:19,
"Le, Vu N",VL,Jewelry Technician,Great Mall,Estie,6/7/2026,12:00,14:28,,2:28,
"Le, Vu N",VL,Jewelry Technician,Great Mall,Estie,6/8/2026,10:53,14:31,,3:38,
"Le, Vu N",VL,Jewelry Technician,Great Mall,Estie,6/8/2026,15:31,19:35,1:00,4:04,
"Le, Vu N",VL,Jewelry Technician,Great Mall,Estie,6/9/2026,10:56,14:25,,3:29,
"Le, Vu N",VL,Jewelry Technician,Great Mall,Estie,6/9/2026,15:32,19:35,1:07,4:03,
"Le, Vu N",VL,Jewelry Technician,Great Mall,Estie,6/12/2026,11:08,14:30,,3:22,
"Le, Vu N",VL,Jewelry Technician,Great Mall,Estie,6/12/2026,15:27,19:38,0:57,4:11,
"Le, Vu N",VL,Jewelry Technician,Great Mall,Estie,6/13/2026,11:12,14:30,,3:18,
"Le, Vu N",VL,Jewelry Technician,Great Mall,Estie,6/13/2026,15:34,19:44,1:04,4:10,
"Le, Vu N",VL,Jewelry Technician,Great Mall,Estie,6/14/2026,12:26,14:28,,2:02,
"Le, Vu N",VL,Jewelry Technician,Great Mall,Estie,6/14/2026,15:20,17:39,0:52,2:19,
"Le, Vu N",VL,Jewelry Technician,Great Mall,Estie,6/15/2026,11:16,14:28,,3:12,
"Le, Vu N",VL,Jewelry Technician,Great Mall,Estie,6/15/2026,15:23,19:40,0:55,4:17,
"Le, Vu N",VL,Jewelry Technician,Great Mall,Estie,6/16/2026,11:11,14:34,,3:23,
"Le, Vu N",VL,Jewelry Technician,Great Mall,Estie,6/16/2026,15:30,19:38,0:56,4:08,
"Le, Vu N",VL,Jewelry Technician,Great Mall,Estie,6/19/2026,11:09,14:25,,3:16,
"Le, Vu N",VL,Jewelry Technician,Great Mall,Estie,6/19/2026,15:26,18:43,1:01,3:17,
"Le, Vu N",VL,Jewelry Technician,Great Mall,Estie,6/20/2026,11:06,14:32,,3:26,
"Le, Vu N",VL,Jewelry Technician,Great Mall,Estie,6/20/2026,15:27,19:34,0:55,4:07,
"Le, Vu N",VL,Jewelry Technician,Great Mall,Estie,6/21/2026,11:56,14:28,,2:32,
"Le, Vu N",VL,Jewelry Technician,Great Mall,Estie,6/21/2026,15:25,16:53,0:57,1:28,
"Le, Vu N",VL,Jewelry Technician,Great Mall,Estie,6/22/2026,10:58,14:26,,3:28,
"Le, Vu N",VL,Jewelry Technician,Great Mall,Estie,6/22/2026,15:29,19:36,1:03,4:07,
"Le, Vu N",VL,Jewelry Technician,Great Mall,Estie,6/23/2026,10:59,14:29,,3:30,
"Le, Vu N",VL,Jewelry Technician,Great Mall,Estie,6/23/2026,15:26,19:35,0:57,4:09,
"Le, Vu N",VL,Jewelry Technician,Great Mall,Estie,6/26/2026,10:58,14:21,,3:23,
"Le, Vu N",VL,Jewelry Technician,Great Mall,Estie,6/26/2026,15:20,19:32,0:59,4:12,
"Le, Vu N",VL,Jewelry Technician,Great Mall,Estie,6/27/2026,10:59,14:27,,3:28,
"Le, Vu N",VL,Jewelry Technician,Great Mall,Estie,6/27/2026,15:24,19:38,0:57,4:14,
"Le, Vu N",VL,Jewelry Technician,Great Mall,Estie,6/28/2026,12:04,14:31,,2:27,
"Le, Vu N",VL,Jewelry Technician,Great Mall,Estie,6/28/2026,15:24,16:58,0:53,1:34,
"Le, Vu N",VL,Jewelry Technician,Great Mall,Estie,6/29/2026,10:54,14:24,,3:30,
"Le, Vu N",VL,Jewelry Technician,Great Mall,Estie,6/29/2026,15:24,19:35,1:00,4:11,
"Le, Vu N",VL,Jewelry Technician,Great Mall,Estie,6/30/2026,11:30,14:26,,2:56,
"Le, Vu N",VL,Jewelry Technician,Great Mall,Estie,6/30/2026,15:22,19:32,0:56,4:10,
"Li, Bei",BL1,Sales Associate,Ontario,Rosela,6/2/2026,9:06,12:50,,3:44,
"Li, Bei",BL1,Sales Associate,Ontario,Rosela,6/2/2026,13:54,16:59,1:04,3:05,
"Li, Bei",BL1,Sales Associate,Ontario,Rosela,6/3/2026,9:32,13:53,,4:21,
"Li, Bei",BL1,Sales Associate,Ontario,Rosela,6/3/2026,14:50,18:15,0:57,3:25,
"Li, Bei",BL1,Sales Associate,Ontario,Rosela,6/5/2026,12:08,16:02,,3:54,
"Li, Bei",BL1,Sales Associate,Ontario,Rosela,6/5/2026,16:58,21:17,0:56,4:19,
"Li, Bei",BL1,Sales Associate,Ontario,Rosela,6/6/2026,9:05,12:29,,3:24,
"Li, Bei",BL1,Sales Associate,Ontario,Rosela,6/6/2026,13:25,17:58,0:56,4:33,
"Li, Bei",BL1,Sales Associate,Ontario,Rosela,6/7/2026,10:03,14:42,,4:39,
"Li, Bei",BL1,Sales Associate,Ontario,Rosela,6/7/2026,15:44,19:42,1:02,3:58,
"Li, Bei",BL1,Sales Associate,Ontario,Rosela,6/8/2026,11:40,15:22,,3:42,
"Li, Bei",BL1,Sales Associate,Ontario,Rosela,6/8/2026,16:28,20:00,1:06,3:32,
"Li, Bei",BL1,Sales Associate,Ontario,Rosela,6/9/2026,9:05,13:08,,4:03,
"Li, Bei",BL1,Sales Associate,Ontario,Rosela,6/9/2026,14:03,18:05,0:55,4:02,
"Li, Bei",BL1,Sales Associate,Ontario,Rosela,6/10/2026,11:31,15:25,,3:54,
"Li, Bei",BL1,Sales Associate,Ontario,Rosela,6/10/2026,16:25,20:31,1:00,4:06,
"Li, Bei",BL1,Sales Associate,Ontario,Rosela,6/12/2026,9:03,12:51,,3:48,
"Li, Bei",BL1,Sales Associate,Ontario,Rosela,6/12/2026,13:39,18:14,0:48,4:35,
"Li, Bei",BL1,Sales Associate,Ontario,Rosela,6/13/2026,9:06,12:54,,3:48,
"Li, Bei",BL1,Sales Associate,Ontario,Rosela,6/13/2026,13:47,17:43,0:53,3:56,
"Li, Bei",BL1,Sales Associate,Ontario,Rosela,6/16/2026,11:27,15:39,,4:12,
"Li, Bei",BL1,Sales Associate,Ontario,Rosela,6/16/2026,16:37,20:03,0:58,3:26,
"Li, Bei",BL1,Sales Associate,Ontario,Rosela,6/17/2026,9:07,13:14,,4:07,
"Li, Bei",BL1,Sales Associate,Ontario,Rosela,6/17/2026,14:11,17:59,0:57,3:48,
"Li, Bei",BL1,Sales Associate,Ontario,Rosela,6/19/2026,12:50,16:57,,4:07,
"Li, Bei",BL1,Sales Associate,Ontario,Rosela,6/19/2026,18:04,21:44,1:07,3:40,
"Li, Bei",BL1,Sales Associate,Ontario,Rosela,6/20/2026,9:06,12:49,,3:43,
"Li, Bei",BL1,Sales Associate,Ontario,Rosela,6/20/2026,13:47,17:57,0:58,4:10,
"Li, Bei",BL1,Sales Associate,Ontario,Rosela,6/21/2026,10:00,14:24,,4:24,
"Li, Bei",BL1,Sales Associate,Ontario,Rosela,6/21/2026,15:30,18:58,1:06,3:28,
"Li, Bei",BL1,Sales Associate,Ontario,Rosela,6/22/2026,9:11,12:48,,3:37,
"Li, Bei",BL1,Sales Associate,Ontario,Rosela,6/22/2026,13:48,17:02,1:00,3:14,
"Li, Bei",BL1,Sales Associate,Ontario,Rosela,6/23/2026,11:36,15:30,,3:54,
"Li, Bei",BL1,Sales Associate,Ontario,Rosela,6/23/2026,16:28,20:08,0:58,3:40,
"Li, Bei",BL1,Sales Associate,Ontario,Rosela,6/24/2026,11:00,14:52,,3:52,
"Li, Bei",BL1,Sales Associate,Ontario,Rosela,6/24/2026,15:47,19:53,0:55,4:06,
"Li, Bei",BL1,Sales Associate,Ontario,Rosela,6/27/2026,9:03,12:30,,3:27,
"Li, Bei",BL1,Sales Associate,Ontario,Rosela,6/27/2026,13:28,17:59,0:58,4:31,
"Li, Bei",BL1,Sales Associate,Ontario,Rosela,6/28/2026,11:25,15:26,,4:01,
"Li, Bei",BL1,Sales Associate,Ontario,Rosela,6/28/2026,16:22,20:11,0:56,3:49,
"Li, Bei",BL1,Sales Associate,Ontario,Rosela,6/29/2026,10:31,13:44,,3:13,
"Li, Bei",BL1,Sales Associate,Ontario,Rosela,6/29/2026,14:39,19:02,0:55,4:23,
"Li, Bei",BL1,Sales Associate,Ontario,Rosela,6/30/2026,9:00,13:00,,4:00,
"Li, Bei",BL1,Sales Associate,Ontario,Rosela,6/30/2026,14:00,17:56,1:00,3:56,
"Lnu, Mohammed Abdul Muqueeth",SM7,Sales Associate,GreatMall,Estie,6/1/2026,10:57,15:16,,4:19,
"Lnu, Mohammed Abdul Muqueeth",SM7,Sales Associate,GreatMall,Estie,6/1/2026,16:16,20:02,1:00,3:46,
"Lnu, Mohammed Abdul Muqueeth",SM7,Sales Associate,GreatMall,Estie,6/4/2026,10:56,14:21,,3:25,
"Lnu, Mohammed Abdul Muqueeth",SM7,Sales Associate,GreatMall,Estie,6/4/2026,15:22,19:59,1:01,4:37,
"Lnu, Mohammed Abdul Muqueeth",SM7,Sales Associate,GreatMall,Estie,6/5/2026,11:53,14:09,,2:16,
"Lnu, Mohammed Abdul Muqueeth",SM7,Sales Associate,GreatMall,Estie,6/5/2026,15:04,21:13,0:55,6:09,
"Lnu, Mohammed Abdul Muqueeth",SM7,Sales Associate,GreatMall,Estie,6/6/2026,11:56,16:48,,4:52,
"Lnu, Mohammed Abdul Muqueeth",SM7,Sales Associate,GreatMall,Estie,6/6/2026,17:48,21:06,1:00,3:18,
"Lnu, Mohammed Abdul Muqueeth",SM7,Sales Associate,GreatMall,Estie,6/7/2026,10:56,15:29,,4:33,
"Lnu, Mohammed Abdul Muqueeth",SM7,Sales Associate,GreatMall,Estie,6/7/2026,16:22,18:59,0:53,2:37,
"Lnu, Mohammed Abdul Muqueeth",SM7,Sales Associate,GreatMall,Estie,6/8/2026,10:54,15:50,,4:56,
"Lnu, Mohammed Abdul Muqueeth",SM7,Sales Associate,GreatMall,Estie,6/8/2026,16:52,20:10,1:02,3:18,
"Lnu, Mohammed Abdul Muqueeth",SM7,Sales Associate,GreatMall,Estie,6/11/2026,10:55,15:47,,4:52,
"Lnu, Mohammed Abdul Muqueeth",SM7,Sales Associate,GreatMall,Estie,6/11/2026,16:45,20:12,0:58,3:27,
"Lnu, Mohammed Abdul Muqueeth",SM7,Sales Associate,GreatMall,Estie,6/12/2026,11:54,14:46,,2:52,
"Lnu, Mohammed Abdul Muqueeth",SM7,Sales Associate,GreatMall,Estie,6/12/2026,15:41,21:04,0:55,5:23,
"Lnu, Mohammed Abdul Muqueeth",SM7,Sales Associate,GreatMall,Estie,6/13/2026,11:58,15:44,,3:46,
"Lnu, Mohammed Abdul Muqueeth",SM7,Sales Associate,GreatMall,Estie,6/13/2026,16:38,20:56,0:54,4:18,
"Lnu, Mohammed Abdul Muqueeth",SM7,Sales Associate,GreatMall,Estie,6/14/2026,10:58,15:41,,4:43,
"Lnu, Mohammed Abdul Muqueeth",SM7,Sales Associate,GreatMall,Estie,6/14/2026,16:36,19:05,0:55,2:29,
"Lnu, Mohammed Abdul Muqueeth",SM7,Sales Associate,GreatMall,Estie,6/15/2026,10:54,15:45,,4:51,
"Lnu, Mohammed Abdul Muqueeth",SM7,Sales Associate,GreatMall,Estie,6/15/2026,16:40,20:04,0:55,3:24,
"Lnu, Mohammed Abdul Muqueeth",SM7,Sales Associate,GreatMall,Estie,6/18/2026,10:54,15:06,,4:12,
"Lnu, Mohammed Abdul Muqueeth",SM7,Sales Associate,GreatMall,Estie,6/18/2026,16:03,20:00,0:57,3:57,
"Lnu, Mohammed Abdul Muqueeth",SM7,Sales Associate,GreatMall,Estie,6/19/2026,11:58,13:48,,1:50,
"Lnu, Mohammed Abdul Muqueeth",SM7,Sales Associate,GreatMall,Estie,6/19/2026,14:45,18:30,0:57,3:45,
"Lnu, Mohammed Abdul Muqueeth",SM7,Sales Associate,GreatMall,Estie,6/19/2026,18:40,20:56,0:10,2:26,
"Lnu, Mohammed Abdul Muqueeth",SM7,Sales Associate,GreatMall,Estie,6/20/2026,11:56,16:43,,4:47,
"Lnu, Mohammed Abdul Muqueeth",SM7,Sales Associate,GreatMall,Estie,6/20/2026,17:40,21:02,0:57,3:22,
"Lnu, Mohammed Abdul Muqueeth",SM7,Sales Associate,GreatMall,Estie,6/21/2026,10:58,14:10,,3:12,
"Lnu, Mohammed Abdul Muqueeth",SM7,Sales Associate,GreatMall,Estie,6/21/2026,14:23,15:15,0:13,1:02,
"Lnu, Mohammed Abdul Muqueeth",SM7,Sales Associate,GreatMall,Estie,6/21/2026,16:10,19:05,0:55,2:55,
"Lnu, Mohammed Abdul Muqueeth",SM7,Sales Associate,GreatMall,Estie,6/22/2026,10:50,15:36,,4:46,
"Lnu, Mohammed Abdul Muqueeth",SM7,Sales Associate,GreatMall,Estie,6/22/2026,16:34,20:11,0:58,3:37,
"Lnu, Mohammed Abdul Muqueeth",SM7,Sales Associate,GreatMall,Estie,6/25/2026,10:53,15:52,,4:59,
"Lnu, Mohammed Abdul Muqueeth",SM7,Sales Associate,GreatMall,Estie,6/25/2026,16:48,19:58,0:56,3:10,
"Lnu, Mohammed Abdul Muqueeth",SM7,Sales Associate,GreatMall,Estie,6/26/2026,11:54,14:42,,2:48,
"Lnu, Mohammed Abdul Muqueeth",SM7,Sales Associate,GreatMall,Estie,6/26/2026,15:39,20:57,0:57,5:18,
"Lnu, Mohammed Abdul Muqueeth",SM7,Sales Associate,GreatMall,Estie,6/27/2026,11:57,16:55,,4:58,
"Lnu, Mohammed Abdul Muqueeth",SM7,Sales Associate,GreatMall,Estie,6/27/2026,17:50,20:59,0:55,3:09,
"Lnu, Mohammed Abdul Muqueeth",SM7,Sales Associate,GreatMall,Estie,6/28/2026,10:58,14:43,,3:45,
"Lnu, Mohammed Abdul Muqueeth",SM7,Sales Associate,GreatMall,Estie,6/28/2026,15:37,19:14,0:54,3:37,
"Lnu, Mohammed Abdul Muqueeth",SM7,Sales Associate,GreatMall,Estie,6/29/2026,10:53,15:09,,4:16,
"Lnu, Mohammed Abdul Muqueeth",SM7,Sales Associate,GreatMall,Estie,6/29/2026,16:08,20:08,0:59,4:00,
"Ludivina, Calina",LC1,Sales Associate,Salinas,Cynthia,6/2/2026,10:28,14:08,,3:40,
"Ludivina, Calina",LC1,Sales Associate,Salinas,Cynthia,6/2/2026,15:08,16:46,1:00,1:38,
"Ludivina, Calina",LC1,Sales Associate,Salinas,Cynthia,6/2/2026,16:56,17:01,0:10,0:15,
"Ludivina, Calina",LC1,Sales Associate,Salinas,Cynthia,6/4/2026,10:31,13:05,,2:34,
"Ludivina, Calina",LC1,Sales Associate,Salinas,Cynthia,6/4/2026,14:06,16:48,1:01,2:42,
"Ludivina, Calina",LC1,Sales Associate,Salinas,Cynthia,6/4/2026,17:00,17:05,0:12,0:15,
"Ludivina, Calina",LC1,Sales Associate,Salinas,Cynthia,6/5/2026,9:28,13:00,,3:32,
"Ludivina, Calina",LC1,Sales Associate,Salinas,Cynthia,6/5/2026,14:00,16:05,1:00,2:05,
"Ludivina, Calina",LC1,Sales Associate,Salinas,Cynthia,6/5/2026,16:17,17:00,0:12,0:53,
"Ludivina, Calina",LC1,Sales Associate,Salinas,Cynthia,6/6/2026,9:28,12:34,,3:06,
"Ludivina, Calina",LC1,Sales Associate,Salinas,Cynthia,6/6/2026,13:34,16:00,1:00,2:26,
"Ludivina, Calina",LC1,Sales Associate,Salinas,Cynthia,6/6/2026,16:10,17:00,0:10,1:00,
"Ludivina, Calina",LC1,Sales Associate,Salinas,Cynthia,6/7/2026,10:36,14:05,,3:29,
"Ludivina, Calina",LC1,Sales Associate,Salinas,Cynthia,6/7/2026,15:05,16:36,1:00,1:31,
"Ludivina, Calina",LC1,Sales Associate,Salinas,Cynthia,6/7/2026,16:46,17:01,0:10,0:25,
"Ludivina, Calina",LC1,Sales Associate,Salinas,Cynthia,6/10/2026,10:31,14:36,,4:05,
"Ludivina, Calina",LC1,Sales Associate,Salinas,Cynthia,6/10/2026,15:35,17:05,0:59,1:30,
"Ludivina, Calina",LC1,Sales Associate,Salinas,Cynthia,6/10/2026,17:16,17:33,0:11,0:27,
"Ludivina, Calina",LC1,Sales Associate,Salinas,Cynthia,6/11/2026,11:00,15:48,,4:48,
"Ludivina, Calina",LC1,Sales Associate,Salinas,Cynthia,6/11/2026,16:48,18:27,1:00,1:39,
"Ludivina, Calina",LC1,Sales Associate,Salinas,Cynthia,6/11/2026,18:38,19:04,0:11,0:36,
"Ludivina, Calina",LC1,Sales Associate,Salinas,Cynthia,6/11/2026,19:14,20:11,0:10,1:07,
"Ludivina, Calina",LC1,Sales Associate,Salinas,Cynthia,6/12/2026,9:30,14:10,,4:40,
"Ludivina, Calina",LC1,Sales Associate,Salinas,Cynthia,6/12/2026,15:13,17:10,1:03,1:57,
"Ludivina, Calina",LC1,Sales Associate,Salinas,Cynthia,6/12/2026,17:20,17:31,0:10,0:21,
"Ludivina, Calina",LC1,Sales Associate,Salinas,Cynthia,6/13/2026,9:31,12:30,,2:59,
"Ludivina, Calina",LC1,Sales Associate,Salinas,Cynthia,6/13/2026,12:41,13:31,0:11,1:00,
"Ludivina, Calina",LC1,Sales Associate,Salinas,Cynthia,6/13/2026,14:31,16:35,1:00,2:04,
"Ludivina, Calina",LC1,Sales Associate,Salinas,Cynthia,6/13/2026,16:42,18:00,0:07,1:25,
"Ludivina, Calina",LC1,Sales Associate,Salinas,Cynthia,6/14/2026,10:30,13:40,,3:10,
"Ludivina, Calina",LC1,Sales Associate,Salinas,Cynthia,6/14/2026,14:37,16:31,0:57,1:54,
"Ludivina, Calina",LC1,Sales Associate,Salinas,Cynthia,6/14/2026,16:41,17:05,0:10,0:34,
"Ludivina, Calina",LC1,Sales Associate,Salinas,Cynthia,6/14/2026,17:12,17:50,0:07,0:45,
"Ludivina, Calina",LC1,Sales Associate,Salinas,Cynthia,6/14/2026,18:00,18:30,0:10,0:30,
"Ludivina, Calina",LC1,Sales Associate,Salinas,Cynthia,6/16/2026,10:33,14:10,,3:37,
"Ludivina, Calina",LC1,Sales Associate,Salinas,Cynthia,6/16/2026,15:10,17:08,1:00,1:58,
"Ludivina, Calina",LC1,Sales Associate,Salinas,Cynthia,6/16/2026,17:19,18:03,0:11,0:54,
"Ludivina, Calina",LC1,Sales Associate,Salinas,Cynthia,6/16/2026,18:13,19:57,0:10,1:54,
"Ludivina, Calina",LC1,Sales Associate,Salinas,Cynthia,6/17/2026,10:31,13:34,,3:03,
"Ludivina, Calina",LC1,Sales Associate,Salinas,Cynthia,6/17/2026,14:35,16:21,1:01,1:46,
"Ludivina, Calina",LC1,Sales Associate,Salinas,Cynthia,6/17/2026,16:31,17:01,0:10,0:40,
"Ludivina, Calina",LC1,Sales Associate,Salinas,Cynthia,6/20/2026,9:32,12:18,,2:46,
"Ludivina, Calina",LC1,Sales Associate,Salinas,Cynthia,6/20/2026,13:18,15:20,1:00,2:02,
"Ludivina, Calina",LC1,Sales Associate,Salinas,Cynthia,6/20/2026,15:30,17:01,0:10,1:41,
"Ludivina, Calina",LC1,Sales Associate,Salinas,Cynthia,6/21/2026,10:29,14:01,,3:32,
"Ludivina, Calina",LC1,Sales Associate,Salinas,Cynthia,6/21/2026,15:04,16:20,1:03,1:16,
"Ludivina, Calina",LC1,Sales Associate,Salinas,Cynthia,6/21/2026,16:30,17:00,0:10,0:40,
"Lumba, Christina",CL2,Sales Associate,Palmdale,Cecilia,6/1/2026,12:18,14:31,,2:13,
"Lumba, Christina",CL2,Sales Associate,Palmdale,Cecilia,6/1/2026,14:41,16:06,0:10,1:35,
"Lumba, Christina",CL2,Sales Associate,Palmdale,Cecilia,6/1/2026,16:54,18:15,0:48,1:21,
"Lumba, Christina",CL2,Sales Associate,Palmdale,Cecilia,6/1/2026,18:26,20:28,0:11,2:12,
"Lumba, Christina",CL2,Sales Associate,Palmdale,Cecilia,6/4/2026,9:55,13:39,,3:44,
"Lumba, Christina",CL2,Sales Associate,Palmdale,Cecilia,6/4/2026,14:35,17:25,0:56,2:50,
"Lumba, Christina",CL2,Sales Associate,Palmdale,Cecilia,6/4/2026,17:40,18:37,0:15,1:07,
"Lumba, Christina",CL2,Sales Associate,Palmdale,Cecilia,6/4/2026,19:08,20:54,0:31,1:46,
"Lumba, Christina",CL2,Sales Associate,Palmdale,Cecilia,6/5/2026,8:54,10:23,,1:29,
"Lumba, Christina",CL2,Sales Associate,Palmdale,Cecilia,6/5/2026,10:34,12:18,0:11,1:54,
"Lumba, Christina",CL2,Sales Associate,Palmdale,Cecilia,6/5/2026,13:16,15:06,0:58,1:50,
"Lumba, Christina",CL2,Sales Associate,Palmdale,Cecilia,6/5/2026,15:16,16:03,0:10,0:57,
"Lumba, Christina",CL2,Sales Associate,Palmdale,Cecilia,6/5/2026,16:35,21:07,0:32,4:32,
"Lumba, Christina",CL2,Sales Associate,Palmdale,Cecilia,6/6/2026,12:46,14:17,,1:31,
"Lumba, Christina",CL2,Sales Associate,Palmdale,Cecilia,6/6/2026,14:27,17:05,0:10,2:48,
"Lumba, Christina",CL2,Sales Associate,Palmdale,Cecilia,6/6/2026,17:48,20:53,0:43,3:05,
"Lumba, Christina",CL2,Sales Associate,Palmdale,Cecilia,6/7/2026,10:01,12:14,,2:13,
"Lumba, Christina",CL2,Sales Associate,Palmdale,Cecilia,6/7/2026,12:21,13:19,0:07,1:05,
"Lumba, Christina",CL2,Sales Associate,Palmdale,Cecilia,6/7/2026,14:18,15:53,0:59,1:35,
"Lumba, Christina",CL2,Sales Associate,Palmdale,Cecilia,6/7/2026,16:04,19:03,0:11,3:09,
"Lumba, Christina",CL2,Sales Associate,Palmdale,Cecilia,6/10/2026,10:01,13:36,,3:35,
"Lumba, Christina",CL2,Sales Associate,Palmdale,Cecilia,6/10/2026,14:30,17:07,0:54,2:37,
"Lumba, Christina",CL2,Sales Associate,Palmdale,Cecilia,6/10/2026,17:17,18:19,0:10,1:12,
"Lumba, Christina",CL2,Sales Associate,Palmdale,Cecilia,6/10/2026,18:49,20:42,0:30,1:53,
"Lumba, Christina",CL2,Sales Associate,Palmdale,Cecilia,6/11/2026,9:57,13:25,,3:28,
"Lumba, Christina",CL2,Sales Associate,Palmdale,Cecilia,6/11/2026,14:21,18:16,0:56,3:55,
"Lumba, Christina",CL2,Sales Associate,Palmdale,Cecilia,6/11/2026,18:27,20:19,0:11,2:02,
"Lumba, Christina",CL2,Sales Associate,Palmdale,Cecilia,6/12/2026,8:56,10:46,,1:50,
"Lumba, Christina",CL2,Sales Associate,Palmdale,Cecilia,6/12/2026,10:54,13:30,0:08,2:44,
"Lumba, Christina",CL2,Sales Associate,Palmdale,Cecilia,6/12/2026,14:27,16:45,0:57,2:18,
"Lumba, Christina",CL2,Sales Associate,Palmdale,Cecilia,6/12/2026,16:59,18:04,0:14,1:15,
"Lumba, Christina",CL2,Sales Associate,Palmdale,Cecilia,6/13/2026,12:19,14:50,,2:31,
"Lumba, Christina",CL2,Sales Associate,Palmdale,Cecilia,6/13/2026,15:05,15:38,0:15,0:43,
"Lumba, Christina",CL2,Sales Associate,Palmdale,Cecilia,6/13/2026,16:33,21:10,0:55,4:37,
"Lumba, Christina",CL2,Sales Associate,Palmdale,Cecilia,6/14/2026,10:18,12:11,,1:53,
"Lumba, Christina",CL2,Sales Associate,Palmdale,Cecilia,6/14/2026,12:24,13:12,0:13,0:58,
"Lumba, Christina",CL2,Sales Associate,Palmdale,Cecilia,6/14/2026,14:09,16:22,0:57,2:13,
"Lumba, Christina",CL2,Sales Associate,Palmdale,Cecilia,6/14/2026,16:32,19:23,0:10,3:01,
"Lumba, Christina",CL2,Sales Associate,Palmdale,Cecilia,6/15/2026,10:02,11:31,,1:29,
"Lumba, Christina",CL2,Sales Associate,Palmdale,Cecilia,6/15/2026,11:43,13:53,0:12,2:20,
"Lumba, Christina",CL2,Sales Associate,Palmdale,Cecilia,6/15/2026,16:21,20:24,,4:03,
"Lumba, Christina",CL2,Sales Associate,Palmdale,Cecilia,6/18/2026,9:51,13:15,,3:24,
"Lumba, Christina",CL2,Sales Associate,Palmdale,Cecilia,6/18/2026,13:26,13:33,0:11,0:17,
"Lumba, Christina",CL2,Sales Associate,Palmdale,Cecilia,6/18/2026,14:33,17:20,1:00,2:47,
"Lumba, Christina",CL2,Sales Associate,Palmdale,Cecilia,6/18/2026,17:29,20:18,0:09,2:58,
"Lumba, Christina",CL2,Sales Associate,Palmdale,Cecilia,6/19/2026,8:59,12:10,,3:11,
"Lumba, Christina",CL2,Sales Associate,Palmdale,Cecilia,6/19/2026,12:21,12:45,0:11,0:34,
"Lumba, Christina",CL2,Sales Associate,Palmdale,Cecilia,6/19/2026,13:39,17:45,0:54,4:06,
"Lumba, Christina",CL2,Sales Associate,Palmdale,Cecilia,6/20/2026,12:25,14:59,,2:34,
"Lumba, Christina",CL2,Sales Associate,Palmdale,Cecilia,6/20/2026,15:10,15:17,0:11,0:17,
"Lumba, Christina",CL2,Sales Associate,Palmdale,Cecilia,6/20/2026,16:15,18:17,0:58,2:02,
"Lumba, Christina",CL2,Sales Associate,Palmdale,Cecilia,6/20/2026,18:27,21:14,0:10,2:57,
"Lumba, Christina",CL2,Sales Associate,Palmdale,Cecilia,6/21/2026,10:04,12:12,,2:08,
"Lumba, Christina",CL2,Sales Associate,Palmdale,Cecilia,6/21/2026,13:16,19:13,1:04,5:57,
"Lumba, Christina",CL2,Sales Associate,Palmdale,Cecilia,6/22/2026,12:23,15:52,,3:29,
"Lumba, Christina",CL2,Sales Associate,Palmdale,Cecilia,6/22/2026,16:50,18:34,0:58,1:44,
"Lumba, Christina",CL2,Sales Associate,Palmdale,Cecilia,6/22/2026,18:46,20:24,0:12,1:48,
"Lumba, Christina",CL2,Sales Associate,Palmdale,Cecilia,6/25/2026,9:58,13:05,,3:07,
"Lumba, Christina",CL2,Sales Associate,Palmdale,Cecilia,6/25/2026,13:15,14:19,0:10,1:14,
"Lumba, Christina",CL2,Sales Associate,Palmdale,Cecilia,6/25/2026,15:18,18:04,0:59,2:46,
"Lumba, Christina",CL2,Sales Associate,Palmdale,Cecilia,6/25/2026,18:15,20:19,0:11,2:14,
"Lumba, Christina",CL2,Sales Associate,Palmdale,Cecilia,6/26/2026,12:44,16:58,,4:14,
"Lumba, Christina",CL2,Sales Associate,Palmdale,Cecilia,6/26/2026,17:48,19:51,0:50,2:03,
"Lumba, Christina",CL2,Sales Associate,Palmdale,Cecilia,6/26/2026,20:00,21:20,0:09,1:29,
"Lumba, Christina",CL2,Sales Associate,Palmdale,Cecilia,6/27/2026,12:16,16:38,,4:22,
"Lumba, Christina",CL2,Sales Associate,Palmdale,Cecilia,6/27/2026,17:38,21:43,1:00,4:05,
"Lumba, Christina",CL2,Sales Associate,Palmdale,Cecilia,6/28/2026,10:13,12:08,,1:55,
"Lumba, Christina",CL2,Sales Associate,Palmdale,Cecilia,6/28/2026,13:04,16:55,0:56,3:51,
"Lumba, Christina",CL2,Sales Associate,Palmdale,Cecilia,6/28/2026,17:04,19:07,0:09,2:12,
"Lumba, Christina",CL2,Sales Associate,Palmdale,Cecilia,6/29/2026,11:26,14:33,,3:07,
"Lumba, Christina",CL2,Sales Associate,Palmdale,Cecilia,6/29/2026,14:45,15:49,0:12,1:14,
"Lumba, Christina",CL2,Sales Associate,Palmdale,Cecilia,6/29/2026,16:48,18:18,0:59,1:30,
"Lumba, Christina",CL2,Sales Associate,Palmdale,Cecilia,6/29/2026,18:31,20:30,0:13,2:09,
"Ma, Ronnie M",RM4,Jewelry Technician,Roseville,Omar,6/1/2026,10:35,12:33,,1:58,
"Ma, Ronnie M",RM4,Jewelry Technician,Roseville,Omar,6/1/2026,12:43,14:40,0:10,2:07,
"Ma, Ronnie M",RM4,Jewelry Technician,Roseville,Omar,6/1/2026,15:11,17:19,0:31,2:08,
"Ma, Ronnie M",RM4,Jewelry Technician,Roseville,Omar,6/1/2026,17:28,19:00,0:09,1:41,
"Ma, Ronnie M",RM4,Jewelry Technician,Roseville,Omar,6/2/2026,10:30,12:23,,1:53,
"Ma, Ronnie M",RM4,Jewelry Technician,Roseville,Omar,6/2/2026,12:32,14:29,0:09,2:06,
"Ma, Ronnie M",RM4,Jewelry Technician,Roseville,Omar,6/2/2026,15:00,16:33,0:31,1:33,
"Ma, Ronnie M",RM4,Jewelry Technician,Roseville,Omar,6/2/2026,16:43,18:53,0:10,2:20,
"Ma, Ronnie M",RM4,Jewelry Technician,Roseville,Omar,6/4/2026,10:34,12:42,,2:08,
"Ma, Ronnie M",RM4,Jewelry Technician,Roseville,Omar,6/4/2026,12:51,14:05,0:09,1:23,
"Ma, Ronnie M",RM4,Jewelry Technician,Roseville,Omar,6/4/2026,14:37,17:09,0:32,2:32,
"Ma, Ronnie M",RM4,Jewelry Technician,Roseville,Omar,6/4/2026,17:17,19:03,0:08,1:54,
"Ma, Ronnie M",RM4,Jewelry Technician,Roseville,Omar,6/6/2026,10:27,12:10,,1:43,
"Ma, Ronnie M",RM4,Jewelry Technician,Roseville,Omar,6/6/2026,12:20,14:23,0:10,2:13,
"Ma, Ronnie M",RM4,Jewelry Technician,Roseville,Omar,6/6/2026,14:53,16:39,0:30,1:46,
"Ma, Ronnie M",RM4,Jewelry Technician,Roseville,Omar,6/6/2026,16:49,19:00,0:10,2:21,
"Ma, Ronnie M",RM4,Jewelry Technician,Roseville,Omar,6/7/2026,10:37,12:18,,1:41,
"Ma, Ronnie M",RM4,Jewelry Technician,Roseville,Omar,6/7/2026,12:28,14:28,0:10,2:10,
"Ma, Ronnie M",RM4,Jewelry Technician,Roseville,Omar,6/7/2026,15:00,16:56,0:32,1:56,
"Ma, Ronnie M",RM4,Jewelry Technician,Roseville,Omar,6/7/2026,17:06,18:49,0:10,1:53,
"Ma, Ronnie M",RM4,Jewelry Technician,Roseville,Omar,6/8/2026,10:31,12:36,,2:05,
"Ma, Ronnie M",RM4,Jewelry Technician,Roseville,Omar,6/8/2026,12:46,14:30,0:10,1:54,
"Ma, Ronnie M",RM4,Jewelry Technician,Roseville,Omar,6/8/2026,15:00,17:05,0:30,2:05,
"Ma, Ronnie M",RM4,Jewelry Technician,Roseville,Omar,6/8/2026,17:14,19:11,0:09,2:06,
"Ma, Ronnie M",RM4,Jewelry Technician,Roseville,Omar,6/9/2026,10:26,12:17,,1:51,
"Ma, Ronnie M",RM4,Jewelry Technician,Roseville,Omar,6/9/2026,12:27,14:12,0:10,1:55,
"Ma, Ronnie M",RM4,Jewelry Technician,Roseville,Omar,6/9/2026,14:42,16:32,0:30,1:50,
"Ma, Ronnie M",RM4,Jewelry Technician,Roseville,Omar,6/9/2026,16:44,19:00,0:12,2:26,
"Ma, Ronnie M",RM4,Jewelry Technician,Roseville,Omar,6/10/2026,9:11,11:04,,1:53,
"Ma, Ronnie M",RM4,Jewelry Technician,Roseville,Omar,6/10/2026,11:16,12:51,0:12,1:45,
"Ma, Ronnie M",RM4,Jewelry Technician,Roseville,Omar,6/10/2026,12:52,17:13,,4:21,
"Ma, Ronnie M",RM4,Jewelry Technician,Roseville,Omar,6/11/2026,10:27,12:19,,1:52,
"Ma, Ronnie M",RM4,Jewelry Technician,Roseville,Omar,6/11/2026,12:28,14:29,0:09,2:10,
"Ma, Ronnie M",RM4,Jewelry Technician,Roseville,Omar,6/11/2026,15:00,16:32,0:31,1:32,
"Ma, Ronnie M",RM4,Jewelry Technician,Roseville,Omar,6/11/2026,16:42,19:26,0:10,2:54,
"Ma, Ronnie M",RM4,Jewelry Technician,Roseville,Omar,6/19/2026,10:26,12:30,,2:04,
"Ma, Ronnie M",RM4,Jewelry Technician,Roseville,Omar,6/19/2026,12:39,14:07,0:09,1:37,
"Ma, Ronnie M",RM4,Jewelry Technician,Roseville,Omar,6/19/2026,14:38,17:03,0:31,2:25,
"Ma, Ronnie M",RM4,Jewelry Technician,Roseville,Omar,6/19/2026,17:14,19:01,0:11,1:57,
"Ma, Ronnie M",RM4,Jewelry Technician,Roseville,Omar,6/20/2026,10:28,12:03,,1:35,
"Ma, Ronnie M",RM4,Jewelry Technician,Roseville,Omar,6/20/2026,12:12,14:25,0:09,2:22,
"Ma, Ronnie M",RM4,Jewelry Technician,Roseville,Omar,6/20/2026,14:57,16:39,0:32,1:42,
"Ma, Ronnie M",RM4,Jewelry Technician,Roseville,Omar,6/20/2026,16:49,19:01,0:10,2:22,
"Ma, Ronnie M",RM4,Jewelry Technician,Roseville,Omar,6/21/2026,10:30,12:15,,1:45,
"Ma, Ronnie M",RM4,Jewelry Technician,Roseville,Omar,6/21/2026,12:24,14:32,0:09,2:17,
"Ma, Ronnie M",RM4,Jewelry Technician,Roseville,Omar,6/21/2026,15:02,16:36,0:30,1:34,
"Ma, Ronnie M",RM4,Jewelry Technician,Roseville,Omar,6/21/2026,16:45,18:43,0:09,2:07,
"Ma, Ronnie M",RM4,Jewelry Technician,Roseville,Omar,6/23/2026,10:29,12:12,,1:43,
"Ma, Ronnie M",RM4,Jewelry Technician,Roseville,Omar,6/23/2026,12:22,14:14,0:10,2:02,
"Ma, Ronnie M",RM4,Jewelry Technician,Roseville,Omar,6/23/2026,14:45,16:21,0:31,1:36,
"Ma, Ronnie M",RM4,Jewelry Technician,Roseville,Omar,6/23/2026,16:31,19:02,0:10,2:41,
"Ma, Ronnie M",RM4,Jewelry Technician,Roseville,Omar,6/25/2026,10:25,12:33,,2:08,
"Ma, Ronnie M",RM4,Jewelry Technician,Roseville,Omar,6/25/2026,12:44,14:34,0:11,2:00,
"Ma, Ronnie M",RM4,Jewelry Technician,Roseville,Omar,6/25/2026,15:04,17:04,0:30,2:00,
"Ma, Ronnie M",RM4,Jewelry Technician,Roseville,Omar,6/25/2026,17:13,18:52,0:09,1:48,
"Ma, Ronnie M",RM4,Jewelry Technician,Roseville,Omar,6/26/2026,10:26,12:01,,1:35,
"Ma, Ronnie M",RM4,Jewelry Technician,Roseville,Omar,6/26/2026,12:11,14:24,0:10,2:23,
"Ma, Ronnie M",RM4,Jewelry Technician,Roseville,Omar,6/26/2026,14:56,16:44,0:32,1:48,
"Ma, Ronnie M",RM4,Jewelry Technician,Roseville,Omar,6/26/2026,16:54,18:48,0:10,2:04,
"Ma, Ronnie M",RM4,Jewelry Technician,Roseville,Omar,6/27/2026,10:29,12:39,,2:10,
"Ma, Ronnie M",RM4,Jewelry Technician,Roseville,Omar,6/27/2026,12:50,14:34,0:11,1:54,
"Ma, Ronnie M",RM4,Jewelry Technician,Roseville,Omar,6/27/2026,15:05,16:43,0:31,1:38,
"Ma, Ronnie M",RM4,Jewelry Technician,Roseville,Omar,6/27/2026,16:52,19:00,0:09,2:17,
"Ma, Ronnie M",RM4,Jewelry Technician,Roseville,Omar,6/28/2026,10:39,12:27,,1:48,
"Ma, Ronnie M",RM4,Jewelry Technician,Roseville,Omar,6/28/2026,12:35,14:07,0:08,1:40,
"Ma, Ronnie M",RM4,Jewelry Technician,Roseville,Omar,6/28/2026,14:37,16:39,0:30,2:02,
"Ma, Ronnie M",RM4,Jewelry Technician,Roseville,Omar,6/28/2026,16:47,18:51,0:08,2:12,
"Ma, Ronnie M",RM4,Jewelry Technician,Roseville,Omar,6/29/2026,10:26,12:19,,1:53,
"Ma, Ronnie M",RM4,Jewelry Technician,Roseville,Omar,6/29/2026,12:27,14:25,0:08,2:06,
"Ma, Ronnie M",RM4,Jewelry Technician,Roseville,Omar,6/29/2026,14:56,17:18,0:31,2:22,
"Ma, Ronnie M",RM4,Jewelry Technician,Roseville,Omar,6/29/2026,17:27,19:00,0:09,1:42,
"Maldonado, Rosela",RM7,Manager,Ontario,Shaun,6/2/2026,12:07,15:17,,3:10,
"Maldonado, Rosela",RM7,Manager,Ontario,Shaun,6/2/2026,16:06,19:28,0:49,3:22,
"Maldonado, Rosela",RM7,Manager,Ontario,Shaun,6/3/2026,9:10,13:22,,4:12,
"Maldonado, Rosela",RM7,Manager,Ontario,Shaun,6/3/2026,14:24,20:03,1:02,5:39,
"Maldonado, Rosela",RM7,Manager,Ontario,Shaun,6/4/2026,8:59,12:07,,3:08,
"Maldonado, Rosela",RM7,Manager,Ontario,Shaun,6/4/2026,12:17,13:02,0:10,0:55,
"Maldonado, Rosela",RM7,Manager,Ontario,Shaun,6/4/2026,13:52,17:01,0:50,3:09,
"Maldonado, Rosela",RM7,Manager,Ontario,Shaun,6/5/2026,9:04,13:53,,4:49,
"Maldonado, Rosela",RM7,Manager,Ontario,Shaun,6/5/2026,14:53,20:02,1:00,5:09,
"Maldonado, Rosela",RM7,Manager,Ontario,Shaun,6/6/2026,11:11,15:54,,4:43,
"Maldonado, Rosela",RM7,Manager,Ontario,Shaun,6/6/2026,16:36,19:58,0:42,3:22,
"Maldonado, Rosela",RM7,Manager,Ontario,Shaun,6/7/2026,11:30,19:30,,8:00,
"Maldonado, Rosela",RM7,Manager,Ontario,Shaun,6/9/2026,13:10,15:52,,2:42,
"Maldonado, Rosela",RM7,Manager,Ontario,Shaun,6/9/2026,16:32,20:03,0:40,3:31,
"Maldonado, Rosela",RM7,Manager,Ontario,Shaun,6/10/2026,9:09,14:03,,4:54,
"Maldonado, Rosela",RM7,Manager,Ontario,Shaun,6/10/2026,14:35,18:35,0:32,4:00,
"Maldonado, Rosela",RM7,Manager,Ontario,Shaun,6/11/2026,9:06,12:32,,3:26,
"Maldonado, Rosela",RM7,Manager,Ontario,Shaun,6/11/2026,13:26,16:36,0:54,3:10,
"Maldonado, Rosela",RM7,Manager,Ontario,Shaun,6/11/2026,16:57,18:16,0:21,1:29,
"Maldonado, Rosela",RM7,Manager,Ontario,Shaun,6/12/2026,11:13,14:59,,3:46,
"Maldonado, Rosela",RM7,Manager,Ontario,Shaun,6/12/2026,16:11,21:05,1:12,4:54,
"Maldonado, Rosela",RM7,Manager,Ontario,Shaun,6/13/2026,11:05,14:53,,3:48,
"Maldonado, Rosela",RM7,Manager,Ontario,Shaun,6/13/2026,16:08,20:17,1:15,4:09,
"Maldonado, Rosela",RM7,Manager,Ontario,Shaun,6/14/2026,11:35,15:58,,4:23,
"Maldonado, Rosela",RM7,Manager,Ontario,Shaun,6/14/2026,16:38,18:50,0:40,2:12,
"Maldonado, Rosela",RM7,Manager,Ontario,Shaun,6/16/2026,12:00,15:44,,3:44,
"Maldonado, Rosela",RM7,Manager,Ontario,Shaun,6/16/2026,16:28,19:34,0:44,3:06,
"Maldonado, Rosela",RM7,Manager,Ontario,Shaun,6/17/2026,9:19,13:32,,4:13,
"Maldonado, Rosela",RM7,Manager,Ontario,Shaun,6/17/2026,14:25,20:06,0:53,5:41,
"Maldonado, Rosela",RM7,Manager,Ontario,Shaun,6/18/2026,8:59,13:07,,4:08,
"Maldonado, Rosela",RM7,Manager,Ontario,Shaun,6/18/2026,13:59,17:01,0:52,3:02,
"Maldonado, Rosela",RM7,Manager,Ontario,Shaun,6/19/2026,9:01,13:03,,4:02,
"Maldonado, Rosela",RM7,Manager,Ontario,Shaun,6/19/2026,14:02,20:16,0:59,6:14,
"Maldonado, Rosela",RM7,Manager,Ontario,Shaun,6/20/2026,11:27,15:03,,3:36,
"Maldonado, Rosela",RM7,Manager,Ontario,Shaun,6/20/2026,16:20,20:13,1:17,3:53,
"Maldonado, Rosela",RM7,Manager,Ontario,Shaun,6/21/2026,11:15,15:13,,3:58,
"Maldonado, Rosela",RM7,Manager,Ontario,Shaun,6/21/2026,15:52,19:19,0:39,3:27,
"Maldonado, Rosela",RM7,Manager,Ontario,Shaun,6/23/2026,12:21,15:39,,3:18,
"Maldonado, Rosela",RM7,Manager,Ontario,Shaun,6/23/2026,16:34,18:02,0:55,1:28,
"Maldonado, Rosela",RM7,Manager,Ontario,Shaun,6/23/2026,18:19,19:52,0:17,1:43,
"Maldonado, Rosela",RM7,Manager,Ontario,Shaun,6/24/2026,8:58,13:22,,4:24,
"Maldonado, Rosela",RM7,Manager,Ontario,Shaun,6/24/2026,14:34,20:00,1:12,5:26,
"Maldonado, Rosela",RM7,Manager,Ontario,Shaun,6/25/2026,9:02,12:02,,3:00,
"Maldonado, Rosela",RM7,Manager,Ontario,Shaun,6/25/2026,13:13,17:10,1:11,3:57,
"Maldonado, Rosela",RM7,Manager,Ontario,Shaun,6/26/2026,8:59,13:39,,4:40,
"Maldonado, Rosela",RM7,Manager,Ontario,Shaun,6/26/2026,14:21,17:07,0:42,2:46,
"Maldonado, Rosela",RM7,Manager,Ontario,Shaun,6/27/2026,11:04,15:11,,4:07,
"Maldonado, Rosela",RM7,Manager,Ontario,Shaun,6/27/2026,16:20,20:20,1:09,4:00,
"Maldonado, Rosela",RM7,Manager,Ontario,Shaun,6/28/2026,11:16,15:00,,3:44,
"Maldonado, Rosela",RM7,Manager,Ontario,Shaun,6/28/2026,15:38,18:50,0:38,3:12,
"Maldonado, Rosela",RM7,Manager,Ontario,Shaun,6/30/2026,12:00,14:27,,2:27,
"Maldonado, Rosela",RM7,Manager,Ontario,Shaun,6/30/2026,14:45,15:22,0:18,0:47,
"Maldonado, Rosela",RM7,Manager,Ontario,Shaun,6/30/2026,16:36,18:49,1:14,2:13,
"Manapsal, Julia F",JM3,Sales Associate,Livermore,Fahad,6/4/2026,10:56,13:54,,2:58,
"Manapsal, Julia F",JM3,Sales Associate,Livermore,Fahad,6/4/2026,14:52,17:59,0:58,3:07,
"Manapsal, Julia F",JM3,Sales Associate,Livermore,Fahad,6/4/2026,18:10,20:00,0:11,2:00,
"Manapsal, Julia F",JM3,Sales Associate,Livermore,Fahad,6/5/2026,11:54,15:53,,3:59,
"Manapsal, Julia F",JM3,Sales Associate,Livermore,Fahad,6/5/2026,16:47,21:13,0:54,4:26,
"Manapsal, Julia F",JM3,Sales Associate,Livermore,Fahad,6/6/2026,11:57,15:30,,3:33,
"Manapsal, Julia F",JM3,Sales Associate,Livermore,Fahad,6/6/2026,16:33,21:06,1:03,4:33,
"Manapsal, Julia F",JM3,Sales Associate,Livermore,Fahad,6/7/2026,10:56,14:38,,3:42,
"Manapsal, Julia F",JM3,Sales Associate,Livermore,Fahad,6/7/2026,15:33,18:19,0:55,2:46,
"Manapsal, Julia F",JM3,Sales Associate,Livermore,Fahad,6/7/2026,18:27,18:58,0:08,0:39,
"Manapsal, Julia F",JM3,Sales Associate,Livermore,Fahad,6/8/2026,10:56,14:53,,3:57,
"Manapsal, Julia F",JM3,Sales Associate,Livermore,Fahad,6/8/2026,15:50,17:22,0:57,1:32,
"Manapsal, Julia F",JM3,Sales Associate,Livermore,Fahad,6/8/2026,17:31,20:10,0:09,2:48,
"Manapsal, Julia F",JM3,Sales Associate,Livermore,Fahad,6/11/2026,10:55,15:03,,4:08,
"Manapsal, Julia F",JM3,Sales Associate,Livermore,Fahad,6/11/2026,16:00,19:32,0:57,3:32,
"Manapsal, Julia F",JM3,Sales Associate,Livermore,Fahad,6/11/2026,19:42,20:15,0:10,0:43,
"Manapsal, Julia F",JM3,Sales Associate,Livermore,Fahad,6/12/2026,11:55,15:49,,3:54,
"Manapsal, Julia F",JM3,Sales Associate,Livermore,Fahad,6/12/2026,16:49,21:04,1:00,4:15,
"Manapsal, Julia F",JM3,Sales Associate,Livermore,Fahad,6/13/2026,11:58,15:05,,3:07,
"Manapsal, Julia F",JM3,Sales Associate,Livermore,Fahad,6/13/2026,15:57,20:57,0:52,5:00,
"Manapsal, Julia F",JM3,Sales Associate,Livermore,Fahad,6/14/2026,10:58,14:45,,3:47,
"Manapsal, Julia F",JM3,Sales Associate,Livermore,Fahad,6/14/2026,15:46,19:04,1:01,3:18,
"Manapsal, Julia F",JM3,Sales Associate,Livermore,Fahad,6/15/2026,10:55,14:29,,3:34,
"Manapsal, Julia F",JM3,Sales Associate,Livermore,Fahad,6/15/2026,15:44,20:04,1:15,4:20,
"Manapsal, Julia F",JM3,Sales Associate,Livermore,Fahad,6/18/2026,10:54,14:05,,3:11,
"Manapsal, Julia F",JM3,Sales Associate,Livermore,Fahad,6/18/2026,15:03,16:57,0:58,1:54,
"Manapsal, Julia F",JM3,Sales Associate,Livermore,Fahad,6/18/2026,17:07,20:01,0:10,3:04,
"Manapsal, Julia F",JM3,Sales Associate,Livermore,Fahad,6/19/2026,11:59,14:47,,2:48,
"Manapsal, Julia F",JM3,Sales Associate,Livermore,Fahad,6/19/2026,15:48,19:39,1:01,3:51,
"Manapsal, Julia F",JM3,Sales Associate,Livermore,Fahad,6/19/2026,19:49,20:58,0:10,1:19,
"Manapsal, Julia F",JM3,Sales Associate,Livermore,Fahad,6/20/2026,11:56,16:03,,4:07,
"Manapsal, Julia F",JM3,Sales Associate,Livermore,Fahad,6/20/2026,16:59,21:00,0:56,4:01,
"Manapsal, Julia F",JM3,Sales Associate,Livermore,Fahad,6/21/2026,11:00,15:06,,4:06,
"Manapsal, Julia F",JM3,Sales Associate,Livermore,Fahad,6/21/2026,15:59,19:04,0:53,3:05,
"Manapsal, Julia F",JM3,Sales Associate,Livermore,Fahad,6/22/2026,10:50,13:06,,2:16,
"Manapsal, Julia F",JM3,Sales Associate,Livermore,Fahad,6/22/2026,13:15,14:34,0:09,1:28,
"Manapsal, Julia F",JM3,Sales Associate,Livermore,Fahad,6/22/2026,15:27,20:10,0:53,4:43,
"Manapsal, Julia F",JM3,Sales Associate,Livermore,Fahad,6/25/2026,10:54,14:54,,4:00,
"Manapsal, Julia F",JM3,Sales Associate,Livermore,Fahad,6/25/2026,15:53,19:58,0:59,4:05,
"Manapsal, Julia F",JM3,Sales Associate,Livermore,Fahad,6/26/2026,11:54,14:59,,3:05,
"Manapsal, Julia F",JM3,Sales Associate,Livermore,Fahad,6/26/2026,15:59,20:58,1:00,4:59,
"Manapsal, Julia F",JM3,Sales Associate,Livermore,Fahad,6/28/2026,10:58,15:54,,4:56,
"Manapsal, Julia F",JM3,Sales Associate,Livermore,Fahad,6/28/2026,16:43,19:15,0:49,2:32,
"Manapsal, Julia F",JM3,Sales Associate,Livermore,Fahad,6/29/2026,10:54,14:01,,3:07,
"Manapsal, Julia F",JM3,Sales Associate,Livermore,Fahad,6/29/2026,14:56,20:08,0:55,5:12,
"Martinez, Filemon",FM2,Jewelry Technician,Oakridge,Fahad,6/1/2026,9:55,13:33,,3:38,
"Martinez, Filemon",FM2,Jewelry Technician,Oakridge,Fahad,6/1/2026,14:33,18:56,1:00,4:23,
"Martinez, Filemon",FM2,Jewelry Technician,Oakridge,Fahad,6/2/2026,10:02,13:35,,3:33,
"Martinez, Filemon",FM2,Jewelry Technician,Oakridge,Fahad,6/2/2026,14:33,18:54,0:58,4:21,
"Martinez, Filemon",FM2,Jewelry Technician,Oakridge,Fahad,6/5/2026,9:40,13:36,,3:56,
"Martinez, Filemon",FM2,Jewelry Technician,Oakridge,Fahad,6/5/2026,14:36,18:56,1:00,4:20,
"Martinez, Filemon",FM2,Jewelry Technician,Oakridge,Fahad,6/6/2026,9:40,13:34,,3:54,
"Martinez, Filemon",FM2,Jewelry Technician,Oakridge,Fahad,6/6/2026,14:34,18:55,1:00,4:21,
"Martinez, Filemon",FM2,Jewelry Technician,Oakridge,Fahad,6/7/2026,10:13,13:35,,3:22,
"Martinez, Filemon",FM2,Jewelry Technician,Oakridge,Fahad,6/7/2026,14:32,18:57,0:57,4:25,
"Martinez, Filemon",FM2,Jewelry Technician,Oakridge,Fahad,6/8/2026,9:41,13:33,,3:52,
"Martinez, Filemon",FM2,Jewelry Technician,Oakridge,Fahad,6/8/2026,14:33,18:55,1:00,4:22,
"Martinez, Filemon",FM2,Jewelry Technician,Oakridge,Fahad,6/9/2026,9:37,13:39,,4:02,
"Martinez, Filemon",FM2,Jewelry Technician,Oakridge,Fahad,6/9/2026,14:33,18:54,0:54,4:21,
"Martinez, Filemon",FM2,Jewelry Technician,Oakridge,Fahad,6/12/2026,9:38,13:32,,3:54,
"Martinez, Filemon",FM2,Jewelry Technician,Oakridge,Fahad,6/12/2026,14:32,18:54,1:00,4:22,
"Martinez, Filemon",FM2,Jewelry Technician,Oakridge,Fahad,6/13/2026,9:38,13:34,,3:56,
"Martinez, Filemon",FM2,Jewelry Technician,Oakridge,Fahad,6/13/2026,14:33,18:54,0:59,4:21,
"Martinez, Filemon",FM2,Jewelry Technician,Oakridge,Fahad,6/14/2026,10:17,13:41,,3:24,
"Martinez, Filemon",FM2,Jewelry Technician,Oakridge,Fahad,6/14/2026,14:43,18:54,1:02,4:11,
"Martinez, Filemon",FM2,Jewelry Technician,Oakridge,Fahad,6/15/2026,9:50,13:35,,3:45,
"Martinez, Filemon",FM2,Jewelry Technician,Oakridge,Fahad,6/15/2026,14:32,18:56,0:57,4:24,
"Martinez, Filemon",FM2,Jewelry Technician,Oakridge,Fahad,6/16/2026,9:50,13:41,,3:51,
"Martinez, Filemon",FM2,Jewelry Technician,Oakridge,Fahad,6/16/2026,14:41,18:56,1:00,4:15,
"Martinez, Filemon",FM2,Jewelry Technician,Oakridge,Fahad,6/19/2026,9:47,13:32,,3:45,
"Martinez, Filemon",FM2,Jewelry Technician,Oakridge,Fahad,6/19/2026,14:31,18:55,0:59,4:24,
"Martinez, Filemon",FM2,Jewelry Technician,Oakridge,Fahad,6/22/2026,8:00,16:00,,8:00,
"Martinez, Filemon",FM2,Jewelry Technician,Oakridge,Fahad,6/23/2026,8:00,16:00,,8:00,
"Martinez, Filemon",FM2,Jewelry Technician,Oakridge,Fahad,6/24/2026,8:00,16:00,,8:00,
"Martinez, Filemon",FM2,Jewelry Technician,Oakridge,Fahad,6/25/2026,8:00,16:00,,8:00,
"Martinez, Filemon",FM2,Jewelry Technician,Oakridge,Fahad,6/26/2026,8:00,16:00,,8:00,
"Martinez, Filemon",FM2,Jewelry Technician,Oakridge,Fahad,6/29/2026,9:39,13:32,,3:53,
"Martinez, Filemon",FM2,Jewelry Technician,Oakridge,Fahad,6/29/2026,14:33,18:56,1:01,4:23,
"Martinez, Filemon",FM2,Jewelry Technician,Oakridge,Fahad,6/30/2026,9:47,13:37,,3:50,
"Martinez, Filemon",FM2,Jewelry Technician,Oakridge,Fahad,6/30/2026,14:36,18:56,0:59,4:20,
"McCullough, Shaun A",SM2,District Manager,Admin,District Manager,6/2/2026,11:10,14:35,,3:25,
"McCullough, Shaun A",SM2,District Manager,Admin,District Manager,6/2/2026,15:10,20:00,0:35,4:50,
"McCullough, Shaun A",SM2,District Manager,Admin,District Manager,6/3/2026,11:18,15:09,,3:51,
"McCullough, Shaun A",SM2,District Manager,Admin,District Manager,6/3/2026,15:40,16:43,0:31,1:03,
"McCullough, Shaun A",SM2,District Manager,Admin,District Manager,6/4/2026,10:45,15:34,,4:49,
"McCullough, Shaun A",SM2,District Manager,Admin,District Manager,6/4/2026,16:06,20:28,0:32,4:22,
"McCullough, Shaun A",SM2,District Manager,Admin,District Manager,6/5/2026,10:56,15:07,,4:11,
"McCullough, Shaun A",SM2,District Manager,Admin,District Manager,6/5/2026,15:37,20:06,0:30,4:29,
"McCullough, Shaun A",SM2,District Manager,Admin,District Manager,6/6/2026,11:25,13:50,,2:25,
"McCullough, Shaun A",SM2,District Manager,Admin,District Manager,6/6/2026,14:25,20:30,0:35,6:05,
"McCullough, Shaun A",SM2,District Manager,Admin,District Manager,6/7/2026,11:38,14:19,,2:41,
"McCullough, Shaun A",SM2,District Manager,Admin,District Manager,6/7/2026,14:51,18:43,0:32,3:52,
"McCullough, Shaun A",SM2,District Manager,Admin,District Manager,6/9/2026,9:50,14:00,,4:10,
"McCullough, Shaun A",SM2,District Manager,Admin,District Manager,6/9/2026,14:30,20:01,0:30,5:31,
"McCullough, Shaun A",SM2,District Manager,Admin,District Manager,6/10/2026,10:36,15:07,,4:31,
"McCullough, Shaun A",SM2,District Manager,Admin,District Manager,6/10/2026,15:38,20:21,0:31,4:43,
"McCullough, Shaun A",SM2,District Manager,Admin,District Manager,6/11/2026,10:59,15:40,,4:41,
"McCullough, Shaun A",SM2,District Manager,Admin,District Manager,6/11/2026,16:10,20:25,0:30,4:15,
"McCullough, Shaun A",SM2,District Manager,Admin,District Manager,6/12/2026,11:09,16:00,,4:51,
"McCullough, Shaun A",SM2,District Manager,Admin,District Manager,6/12/2026,16:30,20:57,0:30,4:27,
"McCullough, Shaun A",SM2,District Manager,Admin,District Manager,6/13/2026,10:55,15:34,,4:39,
"McCullough, Shaun A",SM2,District Manager,Admin,District Manager,6/13/2026,16:04,20:25,0:30,4:21,
"McCullough, Shaun A",SM2,District Manager,Admin,District Manager,6/14/2026,11:19,13:22,,2:03,
"McCullough, Shaun A",SM2,District Manager,Admin,District Manager,6/14/2026,13:52,19:14,0:30,5:22,
"McCullough, Shaun A",SM2,District Manager,Admin,District Manager,6/16/2026,11:11,15:57,,4:46,
"McCullough, Shaun A",SM2,District Manager,Admin,District Manager,6/16/2026,16:28,20:28,0:31,4:00,
"McCullough, Shaun A",SM2,District Manager,Admin,District Manager,6/17/2026,11:17,13:26,,2:09,
"McCullough, Shaun A",SM2,District Manager,Admin,District Manager,6/17/2026,13:57,19:57,0:31,6:00,
"McCullough, Shaun A",SM2,District Manager,Admin,District Manager,6/18/2026,10:40,14:00,,3:20,
"McCullough, Shaun A",SM2,District Manager,Admin,District Manager,6/18/2026,14:30,18:16,0:30,3:46,
"McCullough, Shaun A",SM2,District Manager,Admin,District Manager,6/19/2026,11:07,13:45,,2:38,
"McCullough, Shaun A",SM2,District Manager,Admin,District Manager,6/19/2026,14:15,20:50,0:30,6:35,
"McCullough, Shaun A",SM2,District Manager,Admin,District Manager,6/20/2026,11:16,15:20,,4:04,
"McCullough, Shaun A",SM2,District Manager,Admin,District Manager,6/20/2026,15:50,20:36,0:30,4:46,
"McCullough, Shaun A",SM2,District Manager,Admin,District Manager,6/21/2026,12:03,15:17,,3:14,
"McCullough, Shaun A",SM2,District Manager,Admin,District Manager,6/21/2026,15:48,19:29,0:31,3:41,
"McCullough, Shaun A",SM2,District Manager,Admin,District Manager,6/23/2026,11:06,15:14,,4:08,
"McCullough, Shaun A",SM2,District Manager,Admin,District Manager,6/23/2026,15:48,20:29,0:34,4:41,
"McCullough, Shaun A",SM2,District Manager,Admin,District Manager,6/24/2026,11:27,16:12,,4:45,
"McCullough, Shaun A",SM2,District Manager,Admin,District Manager,6/24/2026,16:42,21:15,0:30,4:33,
"McCullough, Shaun A",SM2,District Manager,Admin,District Manager,6/25/2026,11:01,15:56,,4:55,
"McCullough, Shaun A",SM2,District Manager,Admin,District Manager,6/25/2026,16:26,19:49,0:30,3:23,
"McCullough, Shaun A",SM2,District Manager,Admin,District Manager,6/26/2026,11:09,15:40,,4:31,
"McCullough, Shaun A",SM2,District Manager,Admin,District Manager,6/26/2026,16:10,19:00,0:30,2:50,
"McCullough, Shaun A",SM2,District Manager,Admin,District Manager,6/27/2026,11:58,16:12,,4:14,
"McCullough, Shaun A",SM2,District Manager,Admin,District Manager,6/27/2026,16:42,20:41,0:30,3:59,
"McCullough, Shaun A",SM2,District Manager,Admin,District Manager,6/28/2026,12:03,15:45,,3:42,
"McCullough, Shaun A",SM2,District Manager,Admin,District Manager,6/28/2026,16:17,18:38,0:32,2:21,
"McCullough, Shaun A",SM2,District Manager,Admin,District Manager,6/30/2026,11:22,14:58,,3:36,
"Meenawala, Mohammed Faisal Khan",,,,,6/3/2026,9:10,14:07,,4:57,
"Meenawala, Mohammed Faisal Khan",,,,,6/3/2026,14:54,20:10,0:47,5:16,
"Meenawala, Mohammed Faisal Khan",,,,,6/4/2026,9:07,12:55,,3:48,
"Meenawala, Mohammed Faisal Khan",,,,,6/4/2026,13:26,20:00,0:31,6:34,
"Meenawala, Mohammed Faisal Khan",,,,,6/5/2026,9:02,13:19,,4:17,
"Meenawala, Mohammed Faisal Khan",,,,,6/5/2026,14:24,20:00,1:05,5:36,
"Meenawala, Mohammed Faisal Khan",,,,,6/6/2026,9:00,13:27,,4:27,
"Meenawala, Mohammed Faisal Khan",,,,,6/6/2026,14:27,20:00,1:00,5:33,
"Meenawala, Mohammed Faisal Khan",,,,,6/8/2026,9:06,13:32,,4:26,
"Meenawala, Mohammed Faisal Khan",,,,,6/8/2026,14:19,20:00,0:47,5:41,
"Meenawala, Mohammed Faisal Khan",,,,,6/9/2026,9:14,14:13,,4:59,
"Meenawala, Mohammed Faisal Khan",,,,,6/9/2026,15:00,20:22,0:47,5:22,
"Meenawala, Mohammed Faisal Khan",,,,,6/10/2026,9:05,14:04,,4:59,
"Meenawala, Mohammed Faisal Khan",,,,,6/10/2026,14:48,20:00,0:44,5:12,
"Meenawala, Mohammed Faisal Khan",,,,,6/11/2026,9:08,14:03,,4:55,
"Meenawala, Mohammed Faisal Khan",,,,,6/11/2026,14:46,20:04,0:43,5:18,
"Meenawala, Mohammed Faisal Khan",,,,,6/12/2026,9:12,13:13,,4:01,
"Meenawala, Mohammed Faisal Khan",,,,,6/12/2026,14:43,19:19,1:30,4:36,
"Meenawala, Mohammed Faisal Khan",,,,,6/13/2026,9:05,13:18,,4:13,
"Meenawala, Mohammed Faisal Khan",,,,,6/13/2026,14:00,20:01,0:42,6:01,
"Meenawala, Mohammed Faisal Khan",,,,,6/15/2026,9:29,14:05,,4:36,
"Meenawala, Mohammed Faisal Khan",,,,,6/15/2026,14:49,19:36,0:44,4:47,
"Meenawala, Mohammed Faisal Khan",,,,,6/16/2026,9:08,13:14,,4:06,
"Meenawala, Mohammed Faisal Khan",,,,,6/16/2026,13:58,20:02,0:44,6:04,
"Meenawala, Mohammed Faisal Khan",,,,,6/17/2026,9:20,14:19,,4:59,
"Meenawala, Mohammed Faisal Khan",,,,,6/17/2026,14:54,20:12,0:35,5:18,
"Meenawala, Mohammed Faisal Khan",,,,,6/18/2026,9:26,14:06,,4:40,
"Meenawala, Mohammed Faisal Khan",,,,,6/18/2026,14:52,20:03,0:46,5:11,
"Meenawala, Mohammed Faisal Khan",,,,,6/19/2026,9:11,13:19,,4:08,
"Meenawala, Mohammed Faisal Khan",,,,,6/19/2026,14:42,19:15,1:23,4:33,
"Meenawala, Mohammed Faisal Khan",,,,,6/20/2026,9:00,13:59,,4:59,
"Meenawala, Mohammed Faisal Khan",,,,,6/20/2026,14:51,20:08,0:52,5:17,
"Meenawala, Mohammed Faisal Khan",,,,,6/22/2026,9:14,14:13,,4:59,
"Meenawala, Mohammed Faisal Khan",,,,,6/22/2026,14:57,20:07,0:44,5:10,
"Meenawala, Mohammed Faisal Khan",,,,,6/23/2026,9:11,14:10,,4:59,
"Meenawala, Mohammed Faisal Khan",,,,,6/23/2026,14:40,20:07,0:30,5:27,
"Meenawala, Mohammed Faisal Khan",,,,,6/24/2026,9:00,13:15,,4:15,
"Meenawala, Mohammed Faisal Khan",,,,,6/24/2026,13:52,21:15,0:37,7:23,
"Meenawala, Mohammed Faisal Khan",,,,,6/25/2026,9:21,14:14,,4:53,
"Meenawala, Mohammed Faisal Khan",,,,,6/25/2026,14:45,20:01,0:31,5:16,
"Meenawala, Mohammed Faisal Khan",,,,,6/26/2026,10:19,13:20,,3:01,
"Meenawala, Mohammed Faisal Khan",,,,,6/26/2026,14:40,19:05,1:20,4:25,
"Meenawala, Mohammed Faisal Khan",,,,,6/29/2026,9:11,14:10,,4:59,
"Meenawala, Mohammed Faisal Khan",,,,,6/29/2026,14:55,19:59,0:45,5:04,
"Meenawala, Mohammed Faisal Khan",,,,,6/30/2026,9:06,13:28,,4:22,
"Meenawala, Mohammed Faisal Khan",,,,,6/30/2026,14:08,19:46,0:40,5:38,
"Mirza, Taufiq",TM1,Corporate Manager,VictorVille,Shaun,6/1/2026,11:04,14:31,,3:27,
"Mirza, Taufiq",TM1,Corporate Manager,VictorVille,Shaun,6/1/2026,15:28,19:39,0:57,4:11,
"Mirza, Taufiq",TM1,Corporate Manager,VictorVille,Shaun,6/3/2026,11:30,15:00,,3:30,
"Mirza, Taufiq",TM1,Corporate Manager,VictorVille,Shaun,6/3/2026,16:00,19:32,1:00,3:32,
"Mirza, Taufiq",TM1,Corporate Manager,VictorVille,Shaun,6/4/2026,12:01,14:05,,2:04,
"Mirza, Taufiq",TM1,Corporate Manager,VictorVille,Shaun,6/4/2026,14:44,19:52,0:39,5:08,
"Mirza, Taufiq",TM1,Corporate Manager,VictorVille,Shaun,6/5/2026,11:10,14:34,,3:24,
"Mirza, Taufiq",TM1,Corporate Manager,VictorVille,Shaun,6/5/2026,15:31,19:57,0:57,4:26,
"Mirza, Taufiq",TM1,Corporate Manager,VictorVille,Shaun,6/6/2026,12:03,15:24,,3:21,
"Mirza, Taufiq",TM1,Corporate Manager,VictorVille,Shaun,6/6/2026,15:58,19:43,0:34,3:45,
"Mirza, Taufiq",TM1,Corporate Manager,VictorVille,Shaun,6/7/2026,11:07,13:54,,2:47,
"Mirza, Taufiq",TM1,Corporate Manager,VictorVille,Shaun,6/7/2026,15:09,17:54,1:15,2:45,
"Mirza, Taufiq",TM1,Corporate Manager,VictorVille,Shaun,6/8/2026,11:04,14:03,,2:59,
"Mirza, Taufiq",TM1,Corporate Manager,VictorVille,Shaun,6/8/2026,14:52,19:36,0:49,4:44,
"Mirza, Taufiq",TM1,Corporate Manager,VictorVille,Shaun,6/10/2026,11:05,14:23,,3:18,
"Mirza, Taufiq",TM1,Corporate Manager,VictorVille,Shaun,6/10/2026,15:12,19:40,0:49,4:28,
"Mirza, Taufiq",TM1,Corporate Manager,VictorVille,Shaun,6/11/2026,11:26,13:56,,2:30,
"Mirza, Taufiq",TM1,Corporate Manager,VictorVille,Shaun,6/11/2026,14:43,19:36,0:47,4:53,
"Mirza, Taufiq",TM1,Corporate Manager,VictorVille,Shaun,6/12/2026,11:03,12:59,,1:56,
"Mirza, Taufiq",TM1,Corporate Manager,VictorVille,Shaun,6/12/2026,14:35,19:39,1:36,5:04,
"Mirza, Taufiq",TM1,Corporate Manager,VictorVille,Shaun,6/13/2026,11:07,14:38,,3:31,
"Mirza, Taufiq",TM1,Corporate Manager,VictorVille,Shaun,6/13/2026,15:31,19:51,0:53,4:20,
"Mirza, Taufiq",TM1,Corporate Manager,VictorVille,Shaun,6/14/2026,11:37,14:02,,2:25,
"Mirza, Taufiq",TM1,Corporate Manager,VictorVille,Shaun,6/14/2026,14:40,17:39,0:38,2:59,
"Mirza, Taufiq",TM1,Corporate Manager,VictorVille,Shaun,6/15/2026,11:03,14:18,,3:15,
"Mirza, Taufiq",TM1,Corporate Manager,VictorVille,Shaun,6/15/2026,14:51,19:42,0:33,4:51,
"Mirza, Taufiq",TM1,Corporate Manager,VictorVille,Shaun,6/17/2026,11:08,13:57,,2:49,
"Mirza, Taufiq",TM1,Corporate Manager,VictorVille,Shaun,6/17/2026,14:47,19:31,0:50,4:44,
"Mirza, Taufiq",TM1,Corporate Manager,VictorVille,Shaun,6/18/2026,11:07,14:13,,3:06,
"Mirza, Taufiq",TM1,Corporate Manager,VictorVille,Shaun,6/18/2026,15:01,19:31,0:48,4:30,
"Mirza, Taufiq",TM1,Corporate Manager,VictorVille,Shaun,6/19/2026,11:08,13:00,,1:52,
"Mirza, Taufiq",TM1,Corporate Manager,VictorVille,Shaun,6/19/2026,14:42,19:43,1:42,5:01,
"Mirza, Taufiq",TM1,Corporate Manager,VictorVille,Shaun,6/20/2026,11:03,13:55,,2:52,
"Mirza, Taufiq",TM1,Corporate Manager,VictorVille,Shaun,6/20/2026,14:55,19:51,1:00,4:56,
"Mirza, Taufiq",TM1,Corporate Manager,VictorVille,Shaun,6/21/2026,11:04,14:04,,3:00,
"Mirza, Taufiq",TM1,Corporate Manager,VictorVille,Shaun,6/21/2026,14:45,17:46,0:41,3:01,
"Mirza, Taufiq",TM1,Corporate Manager,VictorVille,Shaun,6/22/2026,11:03,14:18,,3:15,
"Mirza, Taufiq",TM1,Corporate Manager,VictorVille,Shaun,6/22/2026,15:14,19:42,0:56,4:28,
"Mirza, Taufiq",TM1,Corporate Manager,VictorVille,Shaun,6/24/2026,11:01,14:14,,3:13,
"Mirza, Taufiq",TM1,Corporate Manager,VictorVille,Shaun,6/24/2026,15:09,19:41,0:55,4:32,
"Mirza, Taufiq",TM1,Corporate Manager,VictorVille,Shaun,6/25/2026,11:10,13:54,,2:44,
"Mirza, Taufiq",TM1,Corporate Manager,VictorVille,Shaun,6/25/2026,14:41,19:34,0:47,4:53,
"Mirza, Taufiq",TM1,Corporate Manager,VictorVille,Shaun,6/26/2026,11:08,13:48,,2:40,
"Mirza, Taufiq",TM1,Corporate Manager,VictorVille,Shaun,6/26/2026,14:45,19:38,0:57,4:53,
"Mirza, Taufiq",TM1,Corporate Manager,VictorVille,Shaun,6/27/2026,11:05,14:25,,3:20,
"Mirza, Taufiq",TM1,Corporate Manager,VictorVille,Shaun,6/27/2026,15:10,19:41,0:45,4:31,
"Mirza, Taufiq",TM1,Corporate Manager,VictorVille,Shaun,6/28/2026,11:01,14:13,,3:12,
"Mirza, Taufiq",TM1,Corporate Manager,VictorVille,Shaun,6/28/2026,14:57,17:51,0:44,2:54,
"Mirza, Taufiq",TM1,Corporate Manager,VictorVille,Shaun,6/29/2026,11:04,14:28,,3:24,
"Mirza, Taufiq",TM1,Corporate Manager,VictorVille,Shaun,6/29/2026,15:10,19:55,0:42,4:45,
"Montes, Monica",,,,,6/1/2026,11:44,16:01,,4:17,
"Montes, Monica",,,,,6/1/2026,17:02,20:36,1:01,3:34,
"Montes, Monica",,,,,6/4/2026,11:54,16:44,,4:50,
"Montes, Monica",,,,,6/4/2026,17:49,20:09,1:05,2:20,
"Montes, Monica",,,,,6/5/2026,9:06,13:58,,4:52,
"Montes, Monica",,,,,6/5/2026,15:01,17:52,1:03,2:51,
"Montes, Monica",,,,,6/6/2026,11:51,15:30,,3:39,
"Montes, Monica",,,,,6/6/2026,16:34,20:25,1:04,3:51,
"Montes, Monica",,,,,6/7/2026,10:10,14:08,,3:58,
"Montes, Monica",,,,,6/7/2026,15:17,18:17,1:09,3:00,
"Montes, Monica",,,,,6/8/2026,11:44,14:59,,3:15,
"Montes, Monica",,,,,6/8/2026,15:59,20:19,1:00,4:20,
"Montes, Monica",,,,,6/11/2026,11:45,16:12,,4:27,
"Montes, Monica",,,,,6/11/2026,17:16,20:35,1:04,3:19,
"Montes, Monica",,,,,6/12/2026,11:50,15:57,,4:07,
"Montes, Monica",,,,,6/12/2026,17:00,20:09,1:03,3:09,
"Montes, Monica",,,,,6/13/2026,11:47,15:05,,3:18,
"Montes, Monica",,,,,6/13/2026,15:15,16:01,0:10,0:56,
"Montes, Monica",,,,,6/13/2026,17:02,20:28,1:01,3:26,
"Montes, Monica",,,,,6/16/2026,11:59,16:58,,4:59,
"Montes, Monica",,,,,6/16/2026,18:00,19:59,1:02,1:59,
"Montes, Monica",,,,,6/18/2026,11:52,15:59,,4:07,
"Montes, Monica",,,,,6/18/2026,16:59,20:09,1:00,3:10,
"Montes, Monica",,,,,6/19/2026,9:01,13:56,,4:55,
"Montes, Monica",,,,,6/19/2026,14:56,18:11,1:00,3:15,
"Montes, Monica",,,,,6/20/2026,11:45,15:56,,4:11,
"Montes, Monica",,,,,6/20/2026,16:56,20:16,1:00,3:20,
"Montes, Monica",,,,,6/21/2026,10:25,14:24,,3:59,
"Montes, Monica",,,,,6/21/2026,15:24,18:02,1:00,2:38,
"Montes, Monica",,,,,6/22/2026,11:47,16:11,,4:24,
"Montes, Monica",,,,,6/22/2026,17:13,20:22,1:02,3:09,
"Montes, Monica",,,,,6/25/2026,11:52,13:58,,2:06,
"Morales, Maria C",MM,Manager,Modesto,AJ,6/1/2026,9:03,13:56,,4:53,
"Morales, Maria C",MM,Manager,Modesto,AJ,6/1/2026,14:27,18:45,0:31,4:18,
"Morales, Maria C",MM,Manager,Modesto,AJ,6/1/2026,19:18,21:19,0:33,2:01,
"Morales, Maria C",MM,Manager,Modesto,AJ,6/2/2026,12:18,16:20,,4:02,
"Morales, Maria C",MM,Manager,Modesto,AJ,6/2/2026,17:24,21:10,1:04,3:46,
"Morales, Maria C",MM,Manager,Modesto,AJ,6/3/2026,9:03,13:37,,4:34,
"Morales, Maria C",MM,Manager,Modesto,AJ,6/3/2026,14:39,18:12,1:02,3:33,
"Morales, Maria C",MM,Manager,Modesto,AJ,6/5/2026,12:23,16:13,,3:50,
"Morales, Maria C",MM,Manager,Modesto,AJ,6/5/2026,17:15,21:28,1:02,4:13,
"Morales, Maria C",MM,Manager,Modesto,AJ,6/6/2026,12:15,16:18,,4:03,
"Morales, Maria C",MM,Manager,Modesto,AJ,6/6/2026,17:24,21:28,1:06,4:04,
"Morales, Maria C",MM,Manager,Modesto,AJ,6/7/2026,11:40,16:00,,4:20,
"Morales, Maria C",MM,Manager,Modesto,AJ,6/7/2026,16:30,19:10,0:30,2:40,
"Morales, Maria C",MM,Manager,Modesto,AJ,6/8/2026,9:04,13:43,,4:39,
"Morales, Maria C",MM,Manager,Modesto,AJ,6/8/2026,14:17,17:46,0:34,3:29,
"Morales, Maria C",MM,Manager,Modesto,AJ,6/8/2026,18:19,21:18,0:33,2:59,
"Morales, Maria C",MM,Manager,Modesto,AJ,6/9/2026,11:29,16:23,,4:54,
"Morales, Maria C",MM,Manager,Modesto,AJ,6/9/2026,17:27,21:16,1:04,3:49,
"Morales, Maria C",MM,Manager,Modesto,AJ,6/10/2026,11:39,16:32,,4:53,
"Morales, Maria C",MM,Manager,Modesto,AJ,6/10/2026,17:32,21:20,1:00,3:48,
"Morales, Maria C",MM,Manager,Modesto,AJ,6/12/2026,12:33,17:23,,4:50,
"Morales, Maria C",MM,Manager,Modesto,AJ,6/12/2026,18:19,21:16,0:56,2:57,
"Morales, Maria C",MM,Manager,Modesto,AJ,6/13/2026,9:08,13:46,,4:38,
"Morales, Maria C",MM,Manager,Modesto,AJ,6/13/2026,14:46,17:55,1:00,3:09,
"Morales, Maria C",MM,Manager,Modesto,AJ,6/14/2026,12:05,16:33,,4:28,
"Morales, Maria C",MM,Manager,Modesto,AJ,6/14/2026,17:06,19:19,0:33,2:13,
"Morales, Maria C",MM,Manager,Modesto,AJ,6/15/2026,11:13,16:04,,4:51,
"Morales, Maria C",MM,Manager,Modesto,AJ,6/15/2026,17:03,21:12,0:59,4:09,
"Morales, Maria C",MM,Manager,Modesto,AJ,6/16/2026,11:16,15:30,,4:14,
"Morales, Maria C",MM,Manager,Modesto,AJ,6/16/2026,16:32,21:06,1:02,4:34,
"Morales, Maria C",MM,Manager,Modesto,AJ,6/17/2026,11:33,15:47,,4:14,
"Morales, Maria C",MM,Manager,Modesto,AJ,6/17/2026,16:52,21:17,1:05,4:25,
"Morales, Maria C",MM,Manager,Modesto,AJ,6/19/2026,12:07,17:01,,4:54,
"Morales, Maria C",MM,Manager,Modesto,AJ,6/19/2026,18:03,21:22,1:02,3:19,
"Morales, Maria C",MM,Manager,Modesto,AJ,6/20/2026,12:20,16:54,,4:34,
"Morales, Maria C",MM,Manager,Modesto,AJ,6/20/2026,17:54,21:24,1:00,3:30,
"Morales, Maria C",MM,Manager,Modesto,AJ,6/21/2026,12:10,16:32,,4:22,
"Morales, Maria C",MM,Manager,Modesto,AJ,6/21/2026,17:08,19:07,0:36,1:59,
"Morales, Maria C",MM,Manager,Modesto,AJ,6/22/2026,11:17,15:53,,4:36,
"Morales, Maria C",MM,Manager,Modesto,AJ,6/22/2026,16:53,21:42,1:00,4:49,
"Morales, Maria C",MM,Manager,Modesto,AJ,6/23/2026,11:21,15:11,,3:50,
"Morales, Maria C",MM,Manager,Modesto,AJ,6/23/2026,16:10,21:10,0:59,5:00,
"Morales, Maria C",MM,Manager,Modesto,AJ,6/24/2026,9:03,13:28,,4:25,
"Morales, Maria C",MM,Manager,Modesto,AJ,6/24/2026,14:30,18:03,1:02,3:33,
"Morales, Maria C",MM,Manager,Modesto,AJ,6/26/2026,11:19,16:10,,4:51,
"Morales, Maria C",MM,Manager,Modesto,AJ,6/26/2026,17:12,21:32,1:02,4:20,
"Morales, Maria C",MM,Manager,Modesto,AJ,6/27/2026,12:21,14:29,,2:08,
"Morales, Maria C",MM,Manager,Modesto,AJ,6/27/2026,14:42,17:10,0:13,2:38,
"Morales, Maria C",MM,Manager,Modesto,AJ,6/27/2026,18:02,21:13,0:52,3:11,
"Morales, Maria C",MM,Manager,Modesto,AJ,6/28/2026,12:10,16:40,,4:30,
"Morales, Maria C",MM,Manager,Modesto,AJ,6/28/2026,17:14,19:02,0:34,1:48,
"Morales, Maria C",MM,Manager,Modesto,AJ,6/29/2026,11:25,15:34,,4:09,
"Morales, Maria C",MM,Manager,Modesto,AJ,6/29/2026,16:35,21:09,1:01,4:34,
"Morales, Maria C",MM,Manager,Modesto,AJ,6/30/2026,11:22,16:04,,4:42,
"Morales, Maria C",MM,Manager,Modesto,AJ,6/30/2026,17:03,21:13,0:59,4:10,
"Munoz, Camille Keiyl Supan",CM1,Sales Associate,Stockton,Jocelyn ,6/2/2026,10:18,14:34,,4:16,
"Munoz, Camille Keiyl Supan",CM1,Sales Associate,Stockton,Jocelyn ,6/2/2026,15:32,20:16,0:58,4:44,
"Munoz, Camille Keiyl Supan",CM1,Sales Associate,Stockton,Jocelyn ,6/3/2026,10:16,13:58,,3:42,
"Munoz, Camille Keiyl Supan",CM1,Sales Associate,Stockton,Jocelyn ,6/3/2026,14:58,20:12,1:00,5:14,
"Munoz, Camille Keiyl Supan",CM1,Sales Associate,Stockton,Jocelyn ,6/4/2026,11:41,15:01,,3:20,
"Munoz, Camille Keiyl Supan",CM1,Sales Associate,Stockton,Jocelyn ,6/4/2026,16:00,20:16,0:59,4:16,
"Munoz, Camille Keiyl Supan",CM1,Sales Associate,Stockton,Jocelyn ,6/5/2026,9:17,13:31,,4:14,
"Munoz, Camille Keiyl Supan",CM1,Sales Associate,Stockton,Jocelyn ,6/5/2026,14:22,14:23,0:51,0:01,
"Munoz, Camille Keiyl Supan",CM1,Sales Associate,Stockton,Jocelyn ,6/7/2026,11:31,15:33,,4:02,
"Munoz, Camille Keiyl Supan",CM1,Sales Associate,Stockton,Jocelyn ,6/9/2026,11:44,16:30,,4:46,
"Munoz, Camille Keiyl Supan",CM1,Sales Associate,Stockton,Jocelyn ,6/9/2026,17:30,20:35,1:00,3:05,
"Munoz, Camille Keiyl Supan",CM1,Sales Associate,Stockton,Jocelyn ,6/10/2026,10:23,14:56,,4:33,
"Munoz, Camille Keiyl Supan",CM1,Sales Associate,Stockton,Jocelyn ,6/10/2026,15:54,20:13,0:58,4:19,
"Munoz, Camille Keiyl Supan",CM1,Sales Associate,Stockton,Jocelyn ,6/11/2026,11:52,15:22,,3:30,
"Munoz, Camille Keiyl Supan",CM1,Sales Associate,Stockton,Jocelyn ,6/11/2026,16:19,20:15,0:57,3:56,
"Munoz, Camille Keiyl Supan",CM1,Sales Associate,Stockton,Jocelyn ,6/13/2026,11:36,15:58,,4:22,
"Munoz, Camille Keiyl Supan",CM1,Sales Associate,Stockton,Jocelyn ,6/13/2026,16:57,20:04,0:59,3:07,
"Munoz, Camille Keiyl Supan",CM1,Sales Associate,Stockton,Jocelyn ,6/14/2026,11:41,14:53,,3:12,
"Munoz, Camille Keiyl Supan",CM1,Sales Associate,Stockton,Jocelyn ,6/14/2026,15:46,19:31,0:53,3:45,
"Munoz, Camille Keiyl Supan",CM1,Sales Associate,Stockton,Jocelyn ,6/16/2026,11:46,16:16,,4:30,
"Munoz, Camille Keiyl Supan",CM1,Sales Associate,Stockton,Jocelyn ,6/16/2026,17:15,20:13,0:59,2:58,
"Munoz, Camille Keiyl Supan",CM1,Sales Associate,Stockton,Jocelyn ,6/17/2026,10:16,13:22,,3:06,
"Munoz, Camille Keiyl Supan",CM1,Sales Associate,Stockton,Jocelyn ,6/17/2026,13:29,14:15,0:07,0:53,
"Munoz, Camille Keiyl Supan",CM1,Sales Associate,Stockton,Jocelyn ,6/17/2026,15:19,20:21,1:04,5:02,
"Munoz, Camille Keiyl Supan",CM1,Sales Associate,Stockton,Jocelyn ,6/18/2026,10:15,14:20,,4:05,
"Munoz, Camille Keiyl Supan",CM1,Sales Associate,Stockton,Jocelyn ,6/18/2026,15:20,19:17,1:00,3:57,
"Munoz, Camille Keiyl Supan",CM1,Sales Associate,Stockton,Jocelyn ,6/20/2026,11:38,15:56,,4:18,
"Munoz, Camille Keiyl Supan",CM1,Sales Associate,Stockton,Jocelyn ,6/20/2026,16:26,18:00,0:30,1:34,
"Munoz, Camille Keiyl Supan",CM1,Sales Associate,Stockton,Jocelyn ,6/20/2026,18:30,20:14,0:30,1:44,
"Munoz, Camille Keiyl Supan",CM1,Sales Associate,Stockton,Jocelyn ,6/21/2026,12:20,16:22,,4:02,
"Munoz, Camille Keiyl Supan",CM1,Sales Associate,Stockton,Jocelyn ,6/21/2026,16:52,19:17,0:30,2:25,
"Munoz, Camille Keiyl Supan",CM1,Sales Associate,Stockton,Jocelyn ,6/23/2026,10:19,14:41,,4:22,
"Munoz, Camille Keiyl Supan",CM1,Sales Associate,Stockton,Jocelyn ,6/23/2026,15:41,19:08,1:00,3:27,
"Munoz, Camille Keiyl Supan",CM1,Sales Associate,Stockton,Jocelyn ,6/24/2026,10:18,14:38,,4:20,
"Munoz, Camille Keiyl Supan",CM1,Sales Associate,Stockton,Jocelyn ,6/24/2026,15:37,20:08,0:59,4:31,
"Munoz, Camille Keiyl Supan",CM1,Sales Associate,Stockton,Jocelyn ,6/25/2026,11:48,15:33,,3:45,
"Munoz, Camille Keiyl Supan",CM1,Sales Associate,Stockton,Jocelyn ,6/25/2026,16:32,20:11,0:59,3:39,
"Munoz, Camille Keiyl Supan",CM1,Sales Associate,Stockton,Jocelyn ,6/27/2026,12:04,15:07,,3:03,
"Munoz, Camille Keiyl Supan",CM1,Sales Associate,Stockton,Jocelyn ,6/27/2026,16:06,20:07,0:59,4:01,
"Munoz, Camille Keiyl Supan",CM1,Sales Associate,Stockton,Jocelyn ,6/28/2026,10:36,14:55,,4:19,
"Munoz, Camille Keiyl Supan",CM1,Sales Associate,Stockton,Jocelyn ,6/28/2026,15:53,19:13,0:58,3:20,
"Munoz, Camille Keiyl Supan",CM1,Sales Associate,Stockton,Jocelyn ,6/30/2026,11:49,16:13,,4:24,
"Munoz, Camille Keiyl Supan",CM1,Sales Associate,Stockton,Jocelyn ,6/30/2026,17:13,20:21,1:00,3:08,
"Naimi, Yama",YN,Assistant Manager,Arden,Ali,6/3/2026,11:42,16:18,,4:36,
"Naimi, Yama",YN,Assistant Manager,Arden,Ali,6/3/2026,17:18,20:38,1:00,3:20,
"Naimi, Yama",YN,Assistant Manager,Arden,Ali,6/4/2026,11:43,15:35,,3:52,
"Naimi, Yama",YN,Assistant Manager,Arden,Ali,6/4/2026,16:35,20:28,1:00,3:53,
"Naimi, Yama",YN,Assistant Manager,Arden,Ali,6/5/2026,11:40,16:06,,4:26,
"Naimi, Yama",YN,Assistant Manager,Arden,Ali,6/5/2026,17:05,20:39,0:59,3:34,
"Naimi, Yama",YN,Assistant Manager,Arden,Ali,6/6/2026,11:28,16:13,,4:45,
"Naimi, Yama",YN,Assistant Manager,Arden,Ali,6/6/2026,17:12,20:30,0:59,3:18,
"Naimi, Yama",YN,Assistant Manager,Arden,Ali,6/7/2026,10:31,15:02,,4:31,
"Naimi, Yama",YN,Assistant Manager,Arden,Ali,6/7/2026,15:32,18:56,0:30,3:24,
"Naimi, Yama",YN,Assistant Manager,Arden,Ali,6/9/2026,11:45,16:19,,4:34,
"Naimi, Yama",YN,Assistant Manager,Arden,Ali,6/9/2026,17:16,21:11,0:57,3:55,
"Naimi, Yama",YN,Assistant Manager,Arden,Ali,6/11/2026,11:47,16:40,,4:53,
"Naimi, Yama",YN,Assistant Manager,Arden,Ali,6/11/2026,17:38,21:26,0:58,3:48,
"Naimi, Yama",YN,Assistant Manager,Arden,Ali,6/12/2026,9:09,13:20,,4:11,
"Naimi, Yama",YN,Assistant Manager,Arden,Ali,6/12/2026,14:22,19:03,1:02,4:41,
"Naimi, Yama",YN,Assistant Manager,Arden,Ali,6/13/2026,11:26,16:23,,4:57,
"Naimi, Yama",YN,Assistant Manager,Arden,Ali,6/13/2026,17:22,20:37,0:59,3:15,
"Naimi, Yama",YN,Assistant Manager,Arden,Ali,6/14/2026,10:28,15:24,,4:56,
"Naimi, Yama",YN,Assistant Manager,Arden,Ali,6/14/2026,15:54,19:20,0:30,3:26,
"Naimi, Yama",YN,Assistant Manager,Arden,Ali,6/16/2026,11:45,16:02,,4:17,
"Naimi, Yama",YN,Assistant Manager,Arden,Ali,6/16/2026,17:01,21:01,0:59,4:00,
"Naimi, Yama",YN,Assistant Manager,Arden,Ali,6/18/2026,11:40,16:22,,4:42,
"Naimi, Yama",YN,Assistant Manager,Arden,Ali,6/18/2026,17:20,20:22,0:58,3:02,
"Naimi, Yama",YN,Assistant Manager,Arden,Ali,6/19/2026,11:29,16:21,,4:52,
"Naimi, Yama",YN,Assistant Manager,Arden,Ali,6/19/2026,17:18,20:24,0:57,3:06,
"Naimi, Yama",YN,Assistant Manager,Arden,Ali,6/20/2026,11:31,16:00,,4:29,
"Naimi, Yama",YN,Assistant Manager,Arden,Ali,6/20/2026,16:58,20:29,0:58,3:31,
"Naimi, Yama",YN,Assistant Manager,Arden,Ali,6/21/2026,10:29,15:20,,4:51,
"Naimi, Yama",YN,Assistant Manager,Arden,Ali,6/21/2026,15:51,19:17,0:31,3:26,
"Naimi, Yama",YN,Assistant Manager,Arden,Ali,6/22/2026,11:42,16:22,,4:40,
"Naimi, Yama",YN,Assistant Manager,Arden,Ali,6/22/2026,17:21,20:53,0:59,3:32,
"Naimi, Yama",YN,Assistant Manager,Arden,Ali,6/23/2026,11:45,16:08,,4:23,
"Naimi, Yama",YN,Assistant Manager,Arden,Ali,6/23/2026,17:06,20:38,0:58,3:32,
"Naimi, Yama",YN,Assistant Manager,Arden,Ali,6/26/2026,9:00,13:24,,4:24,
"Naimi, Yama",YN,Assistant Manager,Arden,Ali,6/26/2026,14:29,18:00,1:05,3:31,
"Naimi, Yama",YN,Assistant Manager,Arden,Ali,6/27/2026,11:33,16:27,,4:54,
"Naimi, Yama",YN,Assistant Manager,Arden,Ali,6/27/2026,17:24,20:40,0:57,3:16,
"Naimi, Yama",YN,Assistant Manager,Arden,Ali,6/28/2026,10:30,12:44,,2:14,
"Naimi, Yama",YN,Assistant Manager,Arden,Ali,6/28/2026,13:14,15:19,0:30,2:05,
"Naimi, Yama",YN,Assistant Manager,Arden,Ali,6/28/2026,15:49,19:16,0:30,3:27,
"Naimi, Yama",YN,Assistant Manager,Arden,Ali,6/30/2026,11:43,16:17,,4:34,
"Naimi, Yama",YN,Assistant Manager,Arden,Ali,6/30/2026,17:15,20:27,0:58,3:12,
"Nakhwa, Shakib",SN,Manager,Arden,AJ,6/1/2026,9:02,12:09,,3:07,
"Nakhwa, Shakib",SN,Manager,Arden,AJ,6/1/2026,12:19,13:26,0:10,1:17,
"Nakhwa, Shakib",SN,Manager,Arden,AJ,6/1/2026,13:57,17:32,0:31,3:35,
"Nakhwa, Shakib",SN,Manager,Arden,AJ,6/1/2026,18:02,20:39,0:30,2:37,
"Nakhwa, Shakib",SN,Manager,Arden,AJ,6/2/2026,9:08,13:22,,4:14,
"Nakhwa, Shakib",SN,Manager,Arden,AJ,6/2/2026,13:53,17:47,0:31,3:54,
"Nakhwa, Shakib",SN,Manager,Arden,AJ,6/2/2026,18:18,20:31,0:31,2:13,
"Nakhwa, Shakib",SN,Manager,Arden,AJ,6/4/2026,9:03,11:45,,2:42,
"Nakhwa, Shakib",SN,Manager,Arden,AJ,6/4/2026,11:59,13:19,0:14,1:30,
"Nakhwa, Shakib",SN,Manager,Arden,AJ,6/4/2026,13:51,17:21,0:32,3:30,
"Nakhwa, Shakib",SN,Manager,Arden,AJ,6/4/2026,17:52,20:28,0:31,2:36,
"Nakhwa, Shakib",SN,Manager,Arden,AJ,6/5/2026,9:08,11:48,,2:40,
"Nakhwa, Shakib",SN,Manager,Arden,AJ,6/5/2026,12:01,13:30,0:13,1:39,
"Nakhwa, Shakib",SN,Manager,Arden,AJ,6/5/2026,14:00,16:50,0:30,2:50,
"Nakhwa, Shakib",SN,Manager,Arden,AJ,6/5/2026,17:50,20:39,1:00,2:49,
"Nakhwa, Shakib",SN,Manager,Arden,AJ,6/6/2026,9:09,11:39,,2:30,
"Nakhwa, Shakib",SN,Manager,Arden,AJ,6/6/2026,11:52,13:19,0:13,1:37,
"Nakhwa, Shakib",SN,Manager,Arden,AJ,6/6/2026,13:49,18:25,0:30,4:36,
"Nakhwa, Shakib",SN,Manager,Arden,AJ,6/6/2026,18:59,20:09,0:34,1:10,
"Nakhwa, Shakib",SN,Manager,Arden,AJ,6/7/2026,11:26,15:13,,3:47,
"Nakhwa, Shakib",SN,Manager,Arden,AJ,6/7/2026,15:43,19:09,0:30,3:26,
"Nakhwa, Shakib",SN,Manager,Arden,AJ,6/8/2026,9:10,11:45,,2:35,
"Nakhwa, Shakib",SN,Manager,Arden,AJ,6/8/2026,11:58,13:20,0:13,1:32,
"Nakhwa, Shakib",SN,Manager,Arden,AJ,6/8/2026,13:50,17:31,0:30,3:41,
"Nakhwa, Shakib",SN,Manager,Arden,AJ,6/8/2026,18:01,20:23,0:30,2:22,
"Nakhwa, Shakib",SN,Manager,Arden,AJ,6/10/2026,9:11,11:43,,2:32,
"Nakhwa, Shakib",SN,Manager,Arden,AJ,6/10/2026,11:57,13:19,0:14,1:32,
"Nakhwa, Shakib",SN,Manager,Arden,AJ,6/10/2026,13:49,17:35,0:30,3:46,
"Nakhwa, Shakib",SN,Manager,Arden,AJ,6/10/2026,18:05,20:34,0:30,2:29,
"Nakhwa, Shakib",SN,Manager,Arden,AJ,6/11/2026,9:03,11:50,,2:47,
"Nakhwa, Shakib",SN,Manager,Arden,AJ,6/11/2026,11:58,13:33,0:08,1:43,
"Nakhwa, Shakib",SN,Manager,Arden,AJ,6/11/2026,14:04,17:38,0:31,3:34,
"Nakhwa, Shakib",SN,Manager,Arden,AJ,6/11/2026,18:08,21:26,0:30,3:18,
"Nakhwa, Shakib",SN,Manager,Arden,AJ,6/12/2026,9:09,12:30,,3:21,
"Nakhwa, Shakib",SN,Manager,Arden,AJ,6/12/2026,12:39,13:23,0:09,0:53,
"Nakhwa, Shakib",SN,Manager,Arden,AJ,6/12/2026,13:54,17:44,0:31,3:50,
"Nakhwa, Shakib",SN,Manager,Arden,AJ,6/12/2026,18:45,20:39,1:01,1:54,
"Nakhwa, Shakib",SN,Manager,Arden,AJ,6/13/2026,9:13,13:30,,4:17,
"Nakhwa, Shakib",SN,Manager,Arden,AJ,6/13/2026,14:00,17:00,0:30,3:00,
"Nakhwa, Shakib",SN,Manager,Arden,AJ,6/13/2026,17:30,18:50,0:30,1:20,
"Nakhwa, Shakib",SN,Manager,Arden,AJ,6/14/2026,11:12,16:06,,4:54,
"Nakhwa, Shakib",SN,Manager,Arden,AJ,6/14/2026,16:36,20:01,0:30,3:25,
"Nakhwa, Shakib",SN,Manager,Arden,AJ,6/15/2026,9:09,11:52,,2:43,
"Nakhwa, Shakib",SN,Manager,Arden,AJ,6/15/2026,12:03,13:32,0:11,1:39,
"Nakhwa, Shakib",SN,Manager,Arden,AJ,6/15/2026,14:03,17:38,0:31,3:35,
"Nakhwa, Shakib",SN,Manager,Arden,AJ,6/15/2026,18:09,20:55,0:31,2:46,
"Nakhwa, Shakib",SN,Manager,Arden,AJ,6/17/2026,9:11,12:12,,3:01,
"Nakhwa, Shakib",SN,Manager,Arden,AJ,6/17/2026,12:26,13:26,0:14,1:10,
"Nakhwa, Shakib",SN,Manager,Arden,AJ,6/17/2026,13:57,17:23,0:31,3:26,
"Nakhwa, Shakib",SN,Manager,Arden,AJ,6/17/2026,17:53,20:16,0:30,2:23,
"Nakhwa, Shakib",SN,Manager,Arden,AJ,6/18/2026,9:13,11:55,,2:42,
"Nakhwa, Shakib",SN,Manager,Arden,AJ,6/18/2026,12:02,13:19,0:07,1:24,
"Nakhwa, Shakib",SN,Manager,Arden,AJ,6/18/2026,13:55,17:45,0:36,3:50,
"Nakhwa, Shakib",SN,Manager,Arden,AJ,6/18/2026,18:16,20:21,0:31,2:05,
"Nakhwa, Shakib",SN,Manager,Arden,AJ,6/19/2026,9:10,11:50,,2:40,
"Nakhwa, Shakib",SN,Manager,Arden,AJ,6/19/2026,12:03,13:22,0:13,1:29,
"Nakhwa, Shakib",SN,Manager,Arden,AJ,6/19/2026,13:53,17:35,0:31,3:42,
"Nakhwa, Shakib",SN,Manager,Arden,AJ,6/19/2026,18:08,20:24,0:33,2:16,
"Nakhwa, Shakib",SN,Manager,Arden,AJ,6/20/2026,9:09,12:07,,2:58,
"Nakhwa, Shakib",SN,Manager,Arden,AJ,6/20/2026,12:20,13:23,0:13,1:13,
"Nakhwa, Shakib",SN,Manager,Arden,AJ,6/20/2026,13:53,17:03,0:30,3:10,
"Nakhwa, Shakib",SN,Manager,Arden,AJ,6/20/2026,17:34,20:28,0:31,2:54,
"Nakhwa, Shakib",SN,Manager,Arden,AJ,6/21/2026,10:44,12:52,,2:08,
"Nakhwa, Shakib",SN,Manager,Arden,AJ,6/21/2026,13:06,15:31,0:14,2:35,
"Nakhwa, Shakib",SN,Manager,Arden,AJ,6/21/2026,16:01,19:17,0:30,3:16,
"Nakhwa, Shakib",SN,Manager,Arden,AJ,6/22/2026,9:12,11:51,,2:39,
"Nakhwa, Shakib",SN,Manager,Arden,AJ,6/22/2026,11:59,13:22,0:08,1:31,
"Nakhwa, Shakib",SN,Manager,Arden,AJ,6/22/2026,13:52,17:32,0:30,3:40,
"Nakhwa, Shakib",SN,Manager,Arden,AJ,6/22/2026,18:02,20:54,0:30,2:52,
"Nakhwa, Shakib",SN,Manager,Arden,AJ,6/24/2026,9:09,11:49,,2:40,
"Nakhwa, Shakib",SN,Manager,Arden,AJ,6/24/2026,12:02,13:27,0:13,1:35,
"Nakhwa, Shakib",SN,Manager,Arden,AJ,6/24/2026,13:58,17:39,0:31,3:41,
"Nakhwa, Shakib",SN,Manager,Arden,AJ,6/24/2026,18:10,20:20,0:31,2:10,
"Nakhwa, Shakib",SN,Manager,Arden,AJ,6/25/2026,9:08,12:03,,2:55,
"Nakhwa, Shakib",SN,Manager,Arden,AJ,6/25/2026,12:16,13:30,0:13,1:24,
"Nakhwa, Shakib",SN,Manager,Arden,AJ,6/25/2026,14:00,17:51,0:30,3:51,
"Nakhwa, Shakib",SN,Manager,Arden,AJ,6/25/2026,18:21,20:33,0:30,2:12,
"Nakhwa, Shakib",SN,Manager,Arden,AJ,6/26/2026,9:12,12:07,,2:55,
"Nakhwa, Shakib",SN,Manager,Arden,AJ,6/26/2026,12:20,13:31,0:13,1:21,
"Nakhwa, Shakib",SN,Manager,Arden,AJ,6/26/2026,14:01,17:17,0:30,3:16,
"Nakhwa, Shakib",SN,Manager,Arden,AJ,6/26/2026,18:17,20:34,1:00,2:17,
"Nakhwa, Shakib",SN,Manager,Arden,AJ,6/27/2026,9:08,12:55,,3:47,
"Nakhwa, Shakib",SN,Manager,Arden,AJ,6/27/2026,13:05,13:26,0:10,0:31,
"Nakhwa, Shakib",SN,Manager,Arden,AJ,6/27/2026,13:57,17:17,0:31,3:20,
"Nakhwa, Shakib",SN,Manager,Arden,AJ,6/27/2026,17:51,20:23,0:34,2:32,
"Nakhwa, Shakib",SN,Manager,Arden,AJ,6/28/2026,11:33,13:50,,2:17,
"Nakhwa, Shakib",SN,Manager,Arden,AJ,6/28/2026,13:58,15:27,0:08,1:37,
"Nakhwa, Shakib",SN,Manager,Arden,AJ,6/28/2026,15:57,17:58,0:30,2:01,
"Nakhwa, Shakib",SN,Manager,Arden,AJ,6/29/2026,10:44,12:50,,2:06,
"Nakhwa, Shakib",SN,Manager,Arden,AJ,6/29/2026,13:04,14:18,0:14,1:24,
"Nakhwa, Shakib",SN,Manager,Arden,AJ,6/29/2026,14:49,17:12,0:31,2:23,
"Nakhwa, Shakib",SN,Manager,Arden,AJ,6/29/2026,17:43,20:47,0:31,3:04,
"Navarro Hernandez, Wilson I",WH,Jewelry Technician,Culver City,Steven,6/2/2026,12:51,17:16,,4:25,
"Navarro Hernandez, Wilson I",WH,Jewelry Technician,Culver City,Steven,6/2/2026,17:55,20:59,0:39,3:04,
"Navarro Hernandez, Wilson I",WH,Jewelry Technician,Culver City,Steven,6/3/2026,12:38,16:47,,4:09,
"Navarro Hernandez, Wilson I",WH,Jewelry Technician,Culver City,Steven,6/3/2026,17:42,19:54,0:55,2:12,
"Navarro Hernandez, Wilson I",WH,Jewelry Technician,Culver City,Steven,6/4/2026,13:01,17:08,,4:07,
"Navarro Hernandez, Wilson I",WH,Jewelry Technician,Culver City,Steven,6/4/2026,17:40,20:54,0:32,3:14,
"Navarro Hernandez, Wilson I",WH,Jewelry Technician,Culver City,Steven,6/5/2026,13:15,17:31,,4:16,
"Navarro Hernandez, Wilson I",WH,Jewelry Technician,Culver City,Steven,6/5/2026,18:14,20:55,0:43,2:41,
"Navarro Hernandez, Wilson I",WH,Jewelry Technician,Culver City,Steven,6/6/2026,13:13,17:26,,4:13,
"Navarro Hernandez, Wilson I",WH,Jewelry Technician,Culver City,Steven,6/6/2026,18:03,20:56,0:37,2:53,
"Navarro Hernandez, Wilson I",WH,Jewelry Technician,Culver City,Steven,6/9/2026,13:11,17:45,,4:34,
"Navarro Hernandez, Wilson I",WH,Jewelry Technician,Culver City,Steven,6/9/2026,18:25,20:55,0:40,2:30,
"Navarro Hernandez, Wilson I",WH,Jewelry Technician,Culver City,Steven,6/10/2026,12:59,17:52,,4:53,
"Navarro Hernandez, Wilson I",WH,Jewelry Technician,Culver City,Steven,6/10/2026,18:52,20:00,1:00,1:08,
"Navarro Hernandez, Wilson I",WH,Jewelry Technician,Culver City,Steven,6/11/2026,12:45,17:20,,4:35,
"Navarro Hernandez, Wilson I",WH,Jewelry Technician,Culver City,Steven,6/11/2026,18:06,20:54,0:46,2:48,
"Navarro Hernandez, Wilson I",WH,Jewelry Technician,Culver City,Steven,6/12/2026,12:53,17:20,,4:27,
"Navarro Hernandez, Wilson I",WH,Jewelry Technician,Culver City,Steven,6/12/2026,18:09,21:06,0:49,2:57,
"Navarro Hernandez, Wilson I",WH,Jewelry Technician,Culver City,Steven,6/13/2026,13:03,17:11,,4:08,
"Navarro Hernandez, Wilson I",WH,Jewelry Technician,Culver City,Steven,6/13/2026,17:52,20:54,0:41,3:02,
"Navarro Hernandez, Wilson I",WH,Jewelry Technician,Culver City,Steven,6/16/2026,13:12,17:46,,4:34,
"Navarro Hernandez, Wilson I",WH,Jewelry Technician,Culver City,Steven,6/16/2026,18:25,21:00,0:39,2:35,
"Navarro Hernandez, Wilson I",WH,Jewelry Technician,Culver City,Steven,6/17/2026,12:25,17:03,,4:38,
"Navarro Hernandez, Wilson I",WH,Jewelry Technician,Culver City,Steven,6/17/2026,17:45,19:51,0:42,2:06,
"Navarro Hernandez, Wilson I",WH,Jewelry Technician,Culver City,Steven,6/18/2026,12:30,15:50,,3:20,
"Navarro Hernandez, Wilson I",WH,Jewelry Technician,Culver City,Steven,6/18/2026,16:28,20:41,0:38,4:13,
"Navarro Hernandez, Wilson I",WH,Jewelry Technician,Culver City,Steven,6/19/2026,12:56,17:26,,4:30,
"Navarro Hernandez, Wilson I",WH,Jewelry Technician,Culver City,Steven,6/19/2026,18:19,21:00,0:53,2:41,
"Navarro Hernandez, Wilson I",WH,Jewelry Technician,Culver City,Steven,6/20/2026,12:36,16:57,,4:21,
"Navarro Hernandez, Wilson I",WH,Jewelry Technician,Culver City,Steven,6/20/2026,17:45,20:50,0:48,3:05,
"Navarro Hernandez, Wilson I",WH,Jewelry Technician,Culver City,Steven,6/23/2026,12:04,16:05,,4:01,
"Navarro Hernandez, Wilson I",WH,Jewelry Technician,Culver City,Steven,6/23/2026,16:50,20:59,0:45,4:09,
"Navarro Hernandez, Wilson I",WH,Jewelry Technician,Culver City,Steven,6/24/2026,12:08,16:53,,4:45,
"Navarro Hernandez, Wilson I",WH,Jewelry Technician,Culver City,Steven,6/24/2026,17:41,19:58,0:48,2:17,
"Navarro Hernandez, Wilson I",WH,Jewelry Technician,Culver City,Steven,6/25/2026,13:07,17:25,,4:18,
"Navarro Hernandez, Wilson I",WH,Jewelry Technician,Culver City,Steven,6/25/2026,18:10,21:05,0:45,2:55,
"Navarro Hernandez, Wilson I",WH,Jewelry Technician,Culver City,Steven,6/26/2026,12:35,16:57,,4:22,
"Navarro Hernandez, Wilson I",WH,Jewelry Technician,Culver City,Steven,6/26/2026,17:43,20:59,0:46,3:16,
"Navarro Hernandez, Wilson I",WH,Jewelry Technician,Culver City,Steven,6/27/2026,12:48,16:25,,3:37,
"Navarro Hernandez, Wilson I",WH,Jewelry Technician,Culver City,Steven,6/27/2026,16:58,19:35,0:33,2:37,
"Navarro Hernandez, Wilson I",WH,Jewelry Technician,Culver City,Steven,6/30/2026,13:00,17:17,,4:17,
"Navarro Hernandez, Wilson I",WH,Jewelry Technician,Culver City,Steven,6/30/2026,18:05,19:55,0:48,1:50,
"Navarro, Nayeli",,,,,6/5/2026,18:11,21:12,,3:01,
"Navarro, Nayeli",,,,,6/6/2026,11:08,15:09,,4:01,
"Navarro, Nayeli",,,,,6/6/2026,16:15,20:01,1:06,3:46,
"Navarro, Nayeli",,,,,6/7/2026,10:04,14:37,,4:33,
"Navarro, Nayeli",,,,,6/7/2026,15:42,18:02,1:05,2:20,
"Navarro, Nayeli",,,,,6/13/2026,11:04,14:02,,2:58,
"Navarro, Nayeli",,,,,6/13/2026,15:04,19:26,1:02,4:22,
"Navarro, Nayeli",,,,,6/13/2026,19:41,20:01,0:15,0:30,
"Navarro, Nayeli",,,,,6/14/2026,10:03,13:59,,3:56,
"Navarro, Nayeli",,,,,6/14/2026,15:02,17:21,1:03,2:19,
"Navarro, Nayeli",,,,,6/14/2026,17:37,18:01,0:16,0:34,
"Navarro, Nayeli",,,,,6/19/2026,18:10,20:58,,2:48,
"Navarro, Nayeli",,,,,6/20/2026,11:02,14:40,,3:38,
"Navarro, Nayeli",,,,,6/20/2026,15:45,21:00,1:05,5:15,
"Navarro, Nayeli",,,,,6/21/2026,10:06,13:39,,3:33,
"Navarro, Nayeli",,,,,6/21/2026,14:46,18:15,1:07,3:29,
"Navarro, Nayeli",,,,,6/26/2026,18:06,20:58,,2:52,
"Navarro, Nayeli",,,,,6/27/2026,11:08,16:00,,4:52,
"Navarro, Nayeli",,,,,6/27/2026,17:07,20:04,1:07,2:57,
"Navarro, Nayeli",,,,,6/28/2026,10:09,13:50,,3:41,
"Navarro, Nayeli",,,,,6/28/2026,14:57,18:11,1:07,3:14,
"Nawabi, Zarifa",ZN,Administrative Assistant,Valley Fair,Lynette,6/1/2026,11:48,15:04,,3:16,
"Nawabi, Zarifa",ZN,Administrative Assistant,Valley Fair,Lynette,6/1/2026,15:59,20:58,0:55,4:59,
"Nawabi, Zarifa",ZN,Administrative Assistant,Valley Fair,Lynette,6/2/2026,11:50,14:09,,2:19,
"Nawabi, Zarifa",ZN,Administrative Assistant,Valley Fair,Lynette,6/2/2026,14:59,21:23,0:50,6:24,
"Nawabi, Zarifa",ZN,Administrative Assistant,Valley Fair,Lynette,6/5/2026,11:49,16:20,,4:31,
"Nawabi, Zarifa",ZN,Administrative Assistant,Valley Fair,Lynette,6/5/2026,17:11,21:23,0:51,4:12,
"Nawabi, Zarifa",ZN,Administrative Assistant,Valley Fair,Lynette,6/6/2026,11:46,15:35,,3:49,
"Nawabi, Zarifa",ZN,Administrative Assistant,Valley Fair,Lynette,6/6/2026,16:27,21:00,0:52,4:33,
"Nawabi, Zarifa",ZN,Administrative Assistant,Valley Fair,Lynette,6/7/2026,11:50,15:13,,3:23,
"Nawabi, Zarifa",ZN,Administrative Assistant,Valley Fair,Lynette,6/7/2026,16:07,20:58,0:54,4:51,
"Nawabi, Zarifa",ZN,Administrative Assistant,Valley Fair,Lynette,6/8/2026,12:00,15:43,,3:43,
"Nawabi, Zarifa",ZN,Administrative Assistant,Valley Fair,Lynette,6/8/2026,16:37,20:59,0:54,4:22,
"Nawabi, Zarifa",ZN,Administrative Assistant,Valley Fair,Lynette,6/9/2026,11:55,16:01,,4:06,
"Nawabi, Zarifa",ZN,Administrative Assistant,Valley Fair,Lynette,6/9/2026,16:46,21:02,0:45,4:16,
"Nawabi, Zarifa",ZN,Administrative Assistant,Valley Fair,Lynette,6/12/2026,11:57,16:00,,4:03,
"Nawabi, Zarifa",ZN,Administrative Assistant,Valley Fair,Lynette,6/12/2026,16:55,21:08,0:55,4:13,
"Nawabi, Zarifa",ZN,Administrative Assistant,Valley Fair,Lynette,6/13/2026,11:49,16:09,,4:20,
"Nawabi, Zarifa",ZN,Administrative Assistant,Valley Fair,Lynette,6/13/2026,16:56,21:10,0:47,4:14,
"Nawabi, Zarifa",ZN,Administrative Assistant,Valley Fair,Lynette,6/14/2026,11:47,15:59,,4:12,
"Nawabi, Zarifa",ZN,Administrative Assistant,Valley Fair,Lynette,6/14/2026,16:50,20:58,0:51,4:08,
"Nawabi, Zarifa",ZN,Administrative Assistant,Valley Fair,Lynette,6/15/2026,11:46,15:44,,3:58,
"Nawabi, Zarifa",ZN,Administrative Assistant,Valley Fair,Lynette,6/15/2026,16:35,21:01,0:51,4:26,
"Nawabi, Zarifa",ZN,Administrative Assistant,Valley Fair,Lynette,6/16/2026,11:46,15:12,,3:26,
"Nawabi, Zarifa",ZN,Administrative Assistant,Valley Fair,Lynette,6/16/2026,16:04,20:58,0:52,4:54,
"Nawabi, Zarifa",ZN,Administrative Assistant,Valley Fair,Lynette,6/19/2026,11:57,16:04,,4:07,
"Nawabi, Zarifa",ZN,Administrative Assistant,Valley Fair,Lynette,6/19/2026,16:59,21:15,0:55,4:16,
"Nawabi, Zarifa",ZN,Administrative Assistant,Valley Fair,Lynette,6/20/2026,11:37,15:44,,4:07,
"Nawabi, Zarifa",ZN,Administrative Assistant,Valley Fair,Lynette,6/20/2026,16:38,21:06,0:54,4:28,
"Nawabi, Zarifa",ZN,Administrative Assistant,Valley Fair,Lynette,6/21/2026,12:01,16:18,,4:17,
"Nawabi, Zarifa",ZN,Administrative Assistant,Valley Fair,Lynette,6/21/2026,17:12,21:00,0:54,3:48,
"Nawabi, Zarifa",ZN,Administrative Assistant,Valley Fair,Lynette,6/22/2026,11:51,14:15,,2:24,
"Nawabi, Zarifa",ZN,Administrative Assistant,Valley Fair,Lynette,6/22/2026,15:06,21:00,0:51,5:54,
"Nawabi, Zarifa",ZN,Administrative Assistant,Valley Fair,Lynette,6/23/2026,11:59,15:10,,3:11,
"Nawabi, Zarifa",ZN,Administrative Assistant,Valley Fair,Lynette,6/23/2026,16:03,21:02,0:53,4:59,
"Nawabi, Zarifa",ZN,Administrative Assistant,Valley Fair,Lynette,6/26/2026,11:43,16:34,,4:51,
"Nawabi, Zarifa",ZN,Administrative Assistant,Valley Fair,Lynette,6/26/2026,17:28,21:10,0:54,3:42,
"Nawabi, Zarifa",ZN,Administrative Assistant,Valley Fair,Lynette,6/27/2026,11:53,15:53,,4:00,
"Nawabi, Zarifa",ZN,Administrative Assistant,Valley Fair,Lynette,6/27/2026,16:48,21:06,0:55,4:18,
"Nawabi, Zarifa",ZN,Administrative Assistant,Valley Fair,Lynette,6/28/2026,11:51,16:23,,4:32,
"Nawabi, Zarifa",ZN,Administrative Assistant,Valley Fair,Lynette,6/28/2026,17:18,21:20,0:55,4:02,
"Nawabi, Zarifa",ZN,Administrative Assistant,Valley Fair,Lynette,6/29/2026,11:55,16:03,,4:08,
"Nawabi, Zarifa",ZN,Administrative Assistant,Valley Fair,Lynette,6/29/2026,16:59,21:05,0:56,4:06,
"Nawabi, Zarifa",ZN,Administrative Assistant,Valley Fair,Lynette,6/30/2026,11:59,16:01,,4:02,
"Nawabi, Zarifa",ZN,Administrative Assistant,Valley Fair,Lynette,6/30/2026,16:52,21:17,0:51,4:25,
"Nguyen, Hung S",HN1,Jewelry Technician,Serramonte,Maria,6/3/2026,11:01,15:00,,3:59,
"Nguyen, Hung S",HN1,Jewelry Technician,Serramonte,Maria,6/3/2026,15:31,19:31,0:31,4:00,
"Nguyen, Hung S",HN1,Jewelry Technician,Serramonte,Maria,6/4/2026,10:57,15:00,,4:03,
"Nguyen, Hung S",HN1,Jewelry Technician,Serramonte,Maria,6/4/2026,15:30,19:30,0:30,4:00,
"Nguyen, Hung S",HN1,Jewelry Technician,Serramonte,Maria,6/10/2026,10:58,15:01,,4:03,
"Nguyen, Hung S",HN1,Jewelry Technician,Serramonte,Maria,6/10/2026,15:31,19:31,0:30,4:00,
"Nguyen, Hung S",HN1,Jewelry Technician,Serramonte,Maria,6/11/2026,11:09,15:00,,3:51,
"Nguyen, Hung S",HN1,Jewelry Technician,Serramonte,Maria,6/11/2026,15:30,19:35,0:30,4:05,
"Nguyen, Hung S",HN1,Jewelry Technician,Serramonte,Maria,6/12/2026,10:55,15:00,,4:05,
"Nguyen, Hung S",HN1,Jewelry Technician,Serramonte,Maria,6/12/2026,15:30,19:29,0:30,3:59,
"Nguyen, Hung S",HN1,Jewelry Technician,Serramonte,Maria,6/13/2026,10:50,15:00,,4:10,
"Nguyen, Hung S",HN1,Jewelry Technician,Serramonte,Maria,6/13/2026,15:30,19:31,0:30,4:01,
"Nguyen, Hung S",HN1,Jewelry Technician,Serramonte,Maria,6/14/2026,10:59,15:00,,4:01,
"Nguyen, Hung S",HN1,Jewelry Technician,Serramonte,Maria,6/14/2026,15:31,19:00,0:31,3:29,
"Nguyen, Hung S",HN1,Jewelry Technician,Serramonte,Maria,6/17/2026,11:02,15:00,,3:58,
"Nguyen, Hung S",HN1,Jewelry Technician,Serramonte,Maria,6/17/2026,15:31,19:31,0:31,4:00,
"Nguyen, Hung S",HN1,Jewelry Technician,Serramonte,Maria,6/18/2026,11:12,15:00,,3:48,
"Nguyen, Hung S",HN1,Jewelry Technician,Serramonte,Maria,6/18/2026,15:30,19:30,0:30,4:00,
"Nguyen, Hung S",HN1,Jewelry Technician,Serramonte,Maria,6/19/2026,10:56,15:00,,4:04,
"Nguyen, Hung S",HN1,Jewelry Technician,Serramonte,Maria,6/19/2026,15:30,19:30,0:30,4:00,
"Nguyen, Hung S",HN1,Jewelry Technician,Serramonte,Maria,6/20/2026,10:57,15:00,,4:03,
"Nguyen, Hung S",HN1,Jewelry Technician,Serramonte,Maria,6/20/2026,15:30,19:31,0:30,4:01,
"Nguyen, Hung S",HN1,Jewelry Technician,Serramonte,Maria,6/21/2026,10:59,15:00,,4:01,
"Nguyen, Hung S",HN1,Jewelry Technician,Serramonte,Maria,6/21/2026,15:30,19:05,0:30,3:35,
"Noriega Cruz, Iliana",IN,Assistant Manager,Salinas,Cynthia,6/1/2026,10:30,14:00,,3:30,
"Noriega Cruz, Iliana",IN,Assistant Manager,Salinas,Cynthia,6/3/2026,10:34,15:23,,4:49,
"Noriega Cruz, Iliana",IN,Assistant Manager,Salinas,Cynthia,6/3/2026,16:23,18:00,1:00,1:37,
"Noriega Cruz, Iliana",IN,Assistant Manager,Salinas,Cynthia,6/3/2026,18:10,20:14,0:10,2:14,
"Noriega Cruz, Iliana",IN,Assistant Manager,Salinas,Cynthia,6/4/2026,11:59,16:01,,4:02,
"Noriega Cruz, Iliana",IN,Assistant Manager,Salinas,Cynthia,6/4/2026,16:59,19:03,0:58,2:04,
"Noriega Cruz, Iliana",IN,Assistant Manager,Salinas,Cynthia,6/4/2026,19:14,20:06,0:11,1:02,
"Noriega Cruz, Iliana",IN,Assistant Manager,Salinas,Cynthia,6/5/2026,12:31,15:39,,3:08,
"Noriega Cruz, Iliana",IN,Assistant Manager,Salinas,Cynthia,6/5/2026,16:39,19:19,1:00,2:40,
"Noriega Cruz, Iliana",IN,Assistant Manager,Salinas,Cynthia,6/5/2026,19:29,20:26,0:10,1:07,
"Noriega Cruz, Iliana",IN,Assistant Manager,Salinas,Cynthia,6/5/2026,20:37,21:02,0:11,0:35,
"Noriega Cruz, Iliana",IN,Assistant Manager,Salinas,Cynthia,6/6/2026,9:28,13:25,,3:57,
"Noriega Cruz, Iliana",IN,Assistant Manager,Salinas,Cynthia,6/6/2026,14:24,16:21,0:59,1:57,
"Noriega Cruz, Iliana",IN,Assistant Manager,Salinas,Cynthia,6/6/2026,16:31,17:29,0:10,1:08,
"Noriega Cruz, Iliana",IN,Assistant Manager,Salinas,Cynthia,6/6/2026,17:39,18:30,0:10,1:01,
"Noriega Cruz, Iliana",IN,Assistant Manager,Salinas,Cynthia,6/7/2026,11:29,16:07,,4:38,
"Noriega Cruz, Iliana",IN,Assistant Manager,Salinas,Cynthia,6/7/2026,17:06,18:27,0:59,1:21,
"Noriega Cruz, Iliana",IN,Assistant Manager,Salinas,Cynthia,6/7/2026,18:37,20:01,0:10,1:34,
"Noriega Cruz, Iliana",IN,Assistant Manager,Salinas,Cynthia,6/8/2026,10:30,14:32,,4:02,
"Noriega Cruz, Iliana",IN,Assistant Manager,Salinas,Cynthia,6/8/2026,15:32,19:09,1:00,3:37,
"Noriega Cruz, Iliana",IN,Assistant Manager,Salinas,Cynthia,6/8/2026,19:19,20:32,0:10,1:23,
"Noriega Cruz, Iliana",IN,Assistant Manager,Salinas,Cynthia,6/9/2026,11:29,15:20,,3:51,
"Noriega Cruz, Iliana",IN,Assistant Manager,Salinas,Cynthia,6/9/2026,16:22,18:11,1:02,1:49,
"Noriega Cruz, Iliana",IN,Assistant Manager,Salinas,Cynthia,6/9/2026,18:22,19:56,0:11,1:44,
"Noriega Cruz, Iliana",IN,Assistant Manager,Salinas,Cynthia,6/11/2026,10:31,13:20,,2:49,
"Noriega Cruz, Iliana",IN,Assistant Manager,Salinas,Cynthia,6/11/2026,14:21,17:47,1:01,3:26,
"Noriega Cruz, Iliana",IN,Assistant Manager,Salinas,Cynthia,6/11/2026,17:58,18:40,0:11,0:52,
"Noriega Cruz, Iliana",IN,Assistant Manager,Salinas,Cynthia,6/11/2026,18:50,19:06,0:10,0:26,
"Noriega Cruz, Iliana",IN,Assistant Manager,Salinas,Cynthia,6/12/2026,13:59,16:47,,2:48,
"Noriega Cruz, Iliana",IN,Assistant Manager,Salinas,Cynthia,6/12/2026,16:58,17:09,0:11,0:21,
"Noriega Cruz, Iliana",IN,Assistant Manager,Salinas,Cynthia,6/12/2026,18:09,20:21,1:00,2:12,
"Noriega Cruz, Iliana",IN,Assistant Manager,Salinas,Cynthia,6/12/2026,20:32,21:02,0:11,0:40,
"Noriega Cruz, Iliana",IN,Assistant Manager,Salinas,Cynthia,6/13/2026,9:31,12:20,,2:49,
"Noriega Cruz, Iliana",IN,Assistant Manager,Salinas,Cynthia,6/13/2026,13:20,16:47,1:00,3:27,
"Noriega Cruz, Iliana",IN,Assistant Manager,Salinas,Cynthia,6/13/2026,16:57,17:34,0:10,0:47,
"Noriega Cruz, Iliana",IN,Assistant Manager,Salinas,Cynthia,6/13/2026,17:45,18:29,0:11,0:54,
"Noriega Cruz, Iliana",IN,Assistant Manager,Salinas,Cynthia,6/14/2026,10:58,15:11,,4:13,
"Noriega Cruz, Iliana",IN,Assistant Manager,Salinas,Cynthia,6/14/2026,16:12,17:02,1:01,0:50,
"Noriega Cruz, Iliana",IN,Assistant Manager,Salinas,Cynthia,6/14/2026,17:12,18:10,0:10,1:08,
"Noriega Cruz, Iliana",IN,Assistant Manager,Salinas,Cynthia,6/14/2026,18:20,19:59,0:10,1:49,
"Noriega Cruz, Iliana",IN,Assistant Manager,Salinas,Cynthia,6/15/2026,10:27,15:18,,4:51,
"Noriega Cruz, Iliana",IN,Assistant Manager,Salinas,Cynthia,6/15/2026,16:19,18:27,1:01,2:08,
"Noriega Cruz, Iliana",IN,Assistant Manager,Salinas,Cynthia,6/15/2026,18:37,19:56,0:10,1:29,
"Noriega Cruz, Iliana",IN,Assistant Manager,Salinas,Cynthia,6/17/2026,11:29,15:50,,4:21,
"Noriega Cruz, Iliana",IN,Assistant Manager,Salinas,Cynthia,6/17/2026,16:49,18:38,0:59,1:49,
"Noriega Cruz, Iliana",IN,Assistant Manager,Salinas,Cynthia,6/17/2026,18:49,19:00,0:11,0:21,
"Noriega Cruz, Iliana",IN,Assistant Manager,Salinas,Cynthia,6/17/2026,19:11,19:57,0:11,0:56,
"Noriega Cruz, Iliana",IN,Assistant Manager,Salinas,Cynthia,6/18/2026,10:29,15:07,,4:38,
"Noriega Cruz, Iliana",IN,Assistant Manager,Salinas,Cynthia,6/18/2026,16:08,17:28,1:01,1:20,
"Noriega Cruz, Iliana",IN,Assistant Manager,Salinas,Cynthia,6/18/2026,17:39,18:59,0:11,1:30,
"Noriega Cruz, Iliana",IN,Assistant Manager,Salinas,Cynthia,6/18/2026,19:09,20:08,0:10,1:09,
"Noriega Cruz, Iliana",IN,Assistant Manager,Salinas,Cynthia,6/19/2026,13:16,17:06,,3:50,
"Noriega Cruz, Iliana",IN,Assistant Manager,Salinas,Cynthia,6/19/2026,18:06,19:45,1:00,1:39,
"Noriega Cruz, Iliana",IN,Assistant Manager,Salinas,Cynthia,6/19/2026,19:56,20:55,0:11,1:09,
"Noriega Cruz, Iliana",IN,Assistant Manager,Salinas,Cynthia,6/20/2026,9:30,13:46,,4:16,
"Noriega Cruz, Iliana",IN,Assistant Manager,Salinas,Cynthia,6/20/2026,14:46,17:37,1:00,2:51,
"Noriega Cruz, Iliana",IN,Assistant Manager,Salinas,Cynthia,6/20/2026,17:48,18:34,0:11,0:56,
"Noriega Cruz, Iliana",IN,Assistant Manager,Salinas,Cynthia,6/21/2026,11:29,15:03,,3:34,
"Noriega Cruz, Iliana",IN,Assistant Manager,Salinas,Cynthia,6/21/2026,16:03,17:47,1:00,1:44,
"Noriega Cruz, Iliana",IN,Assistant Manager,Salinas,Cynthia,6/21/2026,17:57,18:18,0:10,0:31,
"Noriega Cruz, Iliana",IN,Assistant Manager,Salinas,Cynthia,6/21/2026,18:29,20:09,0:11,1:50,
"Noriega Cruz, Iliana",IN,Assistant Manager,Salinas,Cynthia,6/22/2026,10:28,14:36,,4:08,
"Noriega Cruz, Iliana",IN,Assistant Manager,Salinas,Cynthia,6/22/2026,15:36,18:31,1:00,2:55,
"Noriega Cruz, Iliana",IN,Assistant Manager,Salinas,Cynthia,6/24/2026,11:29,16:22,,4:53,
"Noriega Cruz, Iliana",IN,Assistant Manager,Salinas,Cynthia,6/24/2026,17:22,18:24,1:00,1:02,
"Noriega Cruz, Iliana",IN,Assistant Manager,Salinas,Cynthia,6/24/2026,18:35,19:09,0:11,0:44,
"Noriega Cruz, Iliana",IN,Assistant Manager,Salinas,Cynthia,6/24/2026,19:20,20:03,0:11,0:53,
"Noriega Cruz, Iliana",IN,Assistant Manager,Salinas,Cynthia,6/25/2026,10:38,14:22,,3:44,
"Noriega Cruz, Iliana",IN,Assistant Manager,Salinas,Cynthia,6/25/2026,15:23,17:10,1:01,1:47,
"Noriega Cruz, Iliana",IN,Assistant Manager,Salinas,Cynthia,6/25/2026,17:20,18:38,0:10,1:28,
"Noriega Cruz, Iliana",IN,Assistant Manager,Salinas,Cynthia,6/25/2026,18:49,20:04,0:11,1:25,
"Noriega Cruz, Iliana",IN,Assistant Manager,Salinas,Cynthia,6/26/2026,9:30,14:14,,4:44,
"Noriega Cruz, Iliana",IN,Assistant Manager,Salinas,Cynthia,6/26/2026,15:15,16:43,1:01,1:28,
"Noriega Cruz, Iliana",IN,Assistant Manager,Salinas,Cynthia,6/26/2026,16:53,18:09,0:10,1:26,
"Noriega Cruz, Iliana",IN,Assistant Manager,Salinas,Cynthia,6/26/2026,18:19,18:30,0:10,0:21,
"Noriega Cruz, Iliana",IN,Assistant Manager,Salinas,Cynthia,6/27/2026,11:30,19:30,,8:00,
"Noriega Cruz, Iliana",IN,Assistant Manager,Salinas,Cynthia,6/28/2026,10:58,15:50,,4:52,
"Noriega Cruz, Iliana",IN,Assistant Manager,Salinas,Cynthia,6/28/2026,16:50,18:17,1:00,1:27,
"Noriega Cruz, Iliana",IN,Assistant Manager,Salinas,Cynthia,6/28/2026,18:28,18:59,0:11,0:41,
"Noriega Cruz, Iliana",IN,Assistant Manager,Salinas,Cynthia,6/28/2026,19:09,19:54,0:10,0:55,
"Noriega Cruz, Iliana",IN,Assistant Manager,Salinas,Cynthia,6/29/2026,10:30,13:43,,3:13,
"Noriega Cruz, Iliana",IN,Assistant Manager,Salinas,Cynthia,6/29/2026,13:56,14:13,0:13,0:27,
"Noriega Cruz, Iliana",IN,Assistant Manager,Salinas,Cynthia,6/29/2026,15:14,17:23,1:01,2:09,
"Noriega Cruz, Iliana",IN,Assistant Manager,Salinas,Cynthia,6/29/2026,17:34,18:31,0:11,1:07,
"Ochoa, Cynthia",CO,Manager,Salinas,AJ,6/1/2026,10:34,13:26,,2:52,
"Ochoa, Cynthia",CO,Manager,Salinas,AJ,6/1/2026,14:31,18:08,1:05,3:37,
"Ochoa, Cynthia",CO,Manager,Salinas,AJ,6/1/2026,18:50,20:08,0:42,1:18,
"Ochoa, Cynthia",CO,Manager,Salinas,AJ,6/2/2026,10:28,12:55,,2:27,
"Ochoa, Cynthia",CO,Manager,Salinas,AJ,6/2/2026,13:59,20:30,1:04,6:31,
"Ochoa, Cynthia",CO,Manager,Salinas,AJ,6/5/2026,9:26,13:33,,4:07,
"Ochoa, Cynthia",CO,Manager,Salinas,AJ,6/5/2026,14:29,19:18,0:56,4:49,
"Ochoa, Cynthia",CO,Manager,Salinas,AJ,6/5/2026,19:50,21:03,0:32,1:13,
"Ochoa, Cynthia",CO,Manager,Salinas,AJ,6/6/2026,9:30,12:12,,2:42,
"Ochoa, Cynthia",CO,Manager,Salinas,AJ,6/6/2026,13:23,16:54,1:11,3:31,
"Ochoa, Cynthia",CO,Manager,Salinas,AJ,6/6/2026,17:36,18:28,0:42,0:52,
"Ochoa, Cynthia",CO,Manager,Salinas,AJ,6/6/2026,18:39,20:55,0:11,2:26,
"Ochoa, Cynthia",CO,Manager,Salinas,AJ,6/7/2026,10:36,11:34,,0:58,
"Ochoa, Cynthia",CO,Manager,Salinas,AJ,6/7/2026,11:35,18:37,,7:02,
"Ochoa, Cynthia",CO,Manager,Salinas,AJ,6/8/2026,10:30,18:30,,8:00,
"Ochoa, Cynthia",CO,Manager,Salinas,AJ,6/9/2026,10:36,12:56,,2:20,
"Ochoa, Cynthia",CO,Manager,Salinas,AJ,6/9/2026,14:04,16:30,1:08,2:26,
"Ochoa, Cynthia",CO,Manager,Salinas,AJ,6/9/2026,16:41,19:56,0:11,3:25,
"Ochoa, Cynthia",CO,Manager,Salinas,AJ,6/12/2026,9:38,12:56,,3:18,
"Ochoa, Cynthia",CO,Manager,Salinas,AJ,6/12/2026,14:06,18:24,1:10,4:18,
"Ochoa, Cynthia",CO,Manager,Salinas,AJ,6/12/2026,19:04,21:01,0:40,1:57,
"Ochoa, Cynthia",CO,Manager,Salinas,AJ,6/13/2026,9:44,12:07,,2:23,
"Ochoa, Cynthia",CO,Manager,Salinas,AJ,6/13/2026,12:17,14:06,0:10,1:59,
"Ochoa, Cynthia",CO,Manager,Salinas,AJ,6/13/2026,15:02,16:56,0:56,1:54,
"Ochoa, Cynthia",CO,Manager,Salinas,AJ,6/13/2026,17:33,20:54,0:37,3:21,
"Ochoa, Cynthia",CO,Manager,Salinas,AJ,6/14/2026,10:43,12:33,,1:50,
"Ochoa, Cynthia",CO,Manager,Salinas,AJ,6/14/2026,13:33,16:13,1:00,2:40,
"Ochoa, Cynthia",CO,Manager,Salinas,AJ,6/14/2026,16:30,19:22,0:17,3:02,
"Ochoa, Cynthia",CO,Manager,Salinas,AJ,6/14/2026,19:59,20:00,0:37,0:01,
"Ochoa, Cynthia",CO,Manager,Salinas,AJ,6/15/2026,10:27,12:35,,2:08,
"Ochoa, Cynthia",CO,Manager,Salinas,AJ,6/15/2026,13:32,19:56,0:57,6:24,
"Ochoa, Cynthia",CO,Manager,Salinas,AJ,6/16/2026,10:32,12:39,,2:07,
"Ochoa, Cynthia",CO,Manager,Salinas,AJ,6/16/2026,13:33,17:30,0:54,3:57,
"Ochoa, Cynthia",CO,Manager,Salinas,AJ,6/16/2026,17:42,18:54,0:12,1:22,
"Ochoa, Cynthia",CO,Manager,Salinas,AJ,6/16/2026,19:09,19:58,0:15,0:59,
"Ochoa, Cynthia",CO,Manager,Salinas,AJ,6/19/2026,9:30,13:00,,3:30,
"Ochoa, Cynthia",CO,Manager,Salinas,AJ,6/19/2026,14:03,17:00,1:03,2:57,
"Ochoa, Cynthia",CO,Manager,Salinas,AJ,6/19/2026,17:40,20:55,0:40,3:15,
"Ochoa, Cynthia",CO,Manager,Salinas,AJ,6/20/2026,9:45,11:30,,1:45,
"Ochoa, Cynthia",CO,Manager,Salinas,AJ,6/20/2026,11:40,12:30,0:10,1:00,
"Ochoa, Cynthia",CO,Manager,Salinas,AJ,6/20/2026,13:33,17:00,1:03,3:27,
"Ochoa, Cynthia",CO,Manager,Salinas,AJ,6/20/2026,17:37,20:48,0:37,3:11,
"Ochoa, Cynthia",CO,Manager,Salinas,AJ,6/21/2026,10:29,13:44,,3:15,
"Ochoa, Cynthia",CO,Manager,Salinas,AJ,6/21/2026,14:51,20:08,1:07,5:17,
"Ochoa, Cynthia",CO,Manager,Salinas,AJ,6/22/2026,10:27,13:07,,2:40,
"Ochoa, Cynthia",CO,Manager,Salinas,AJ,6/22/2026,14:10,20:00,1:03,5:50,
"Ochoa, Cynthia",CO,Manager,Salinas,AJ,6/23/2026,10:31,12:54,,2:23,
"Ochoa, Cynthia",CO,Manager,Salinas,AJ,6/23/2026,13:56,17:06,1:02,3:10,
"Ochoa, Cynthia",CO,Manager,Salinas,AJ,6/23/2026,17:18,19:23,0:12,2:15,
"Ochoa, Cynthia",CO,Manager,Salinas,AJ,6/23/2026,19:38,20:08,0:15,0:40,
"Ochoa, Cynthia",CO,Manager,Salinas,AJ,6/26/2026,9:37,12:57,,3:20,
"Ochoa, Cynthia",CO,Manager,Salinas,AJ,6/26/2026,14:12,17:02,1:15,2:50,
"Ochoa, Cynthia",CO,Manager,Salinas,AJ,6/26/2026,17:51,19:27,0:49,1:36,
"Ochoa, Cynthia",CO,Manager,Salinas,AJ,6/26/2026,19:38,21:05,0:11,1:37,
"Ochoa, Cynthia",CO,Manager,Salinas,AJ,6/27/2026,9:34,12:02,,2:28,
"Ochoa, Cynthia",CO,Manager,Salinas,AJ,6/27/2026,13:04,14:48,1:02,1:44,
"Ochoa, Cynthia",CO,Manager,Salinas,AJ,6/27/2026,15:03,21:05,0:15,6:12,
"Ochoa, Cynthia",CO,Manager,Salinas,AJ,6/28/2026,10:34,13:06,,2:32,
"Ochoa, Cynthia",CO,Manager,Salinas,AJ,6/28/2026,14:12,17:50,1:06,3:38,
"Ochoa, Cynthia",CO,Manager,Salinas,AJ,6/28/2026,18:07,18:44,0:17,0:47,
"Ochoa, Cynthia",CO,Manager,Salinas,AJ,6/28/2026,18:58,19:52,0:14,1:04,
"Ochoa, Cynthia",CO,Manager,Salinas,AJ,6/29/2026,10:38,12:28,,1:50,
"Ochoa, Cynthia",CO,Manager,Salinas,AJ,6/29/2026,13:30,16:50,1:02,3:20,
"Ochoa, Cynthia",CO,Manager,Salinas,AJ,6/29/2026,17:02,19:59,0:12,3:07,
"Ochoa, Cynthia",CO,Manager,Salinas,AJ,6/30/2026,10:30,12:30,,2:00,
"Ochoa, Cynthia",CO,Manager,Salinas,AJ,6/30/2026,13:42,20:01,1:12,6:19,
"Pacheco, Patricia",PP,Sales Associate,Modesto,Maria,6/1/2026,9:02,13:57,,4:55,
"Pacheco, Patricia",PP,Sales Associate,Modesto,Maria,6/1/2026,14:28,17:51,0:31,3:23,
"Pacheco, Patricia",PP,Sales Associate,Modesto,Maria,6/1/2026,18:21,21:20,0:30,2:59,
"Pacheco, Patricia",PP,Sales Associate,Modesto,Maria,6/4/2026,8:57,13:42,,4:45,
"Pacheco, Patricia",PP,Sales Associate,Modesto,Maria,6/4/2026,14:19,19:08,0:37,4:49,
"Pacheco, Patricia",PP,Sales Associate,Modesto,Maria,6/4/2026,19:39,21:21,0:31,1:42,
"Pacheco, Patricia",PP,Sales Associate,Modesto,Maria,6/5/2026,9:03,13:39,,4:36,
"Pacheco, Patricia",PP,Sales Associate,Modesto,Maria,6/5/2026,14:41,18:16,1:02,3:35,
"Pacheco, Patricia",PP,Sales Associate,Modesto,Maria,6/6/2026,12:22,15:40,,3:18,
"Pacheco, Patricia",PP,Sales Associate,Modesto,Maria,6/6/2026,16:40,21:28,1:00,4:48,
"Pacheco, Patricia",PP,Sales Associate,Modesto,Maria,6/7/2026,10:33,14:38,,4:05,
"Pacheco, Patricia",PP,Sales Associate,Modesto,Maria,6/7/2026,15:36,19:12,0:58,3:36,
"Pacheco, Patricia",PP,Sales Associate,Modesto,Maria,6/8/2026,11:21,16:00,,4:39,
"Pacheco, Patricia",PP,Sales Associate,Modesto,Maria,6/8/2026,16:59,21:18,0:59,4:19,
"Pacheco, Patricia",PP,Sales Associate,Modesto,Maria,6/11/2026,9:05,13:02,,3:57,
"Pacheco, Patricia",PP,Sales Associate,Modesto,Maria,6/11/2026,13:32,16:42,0:30,3:10,
"Pacheco, Patricia",PP,Sales Associate,Modesto,Maria,6/11/2026,17:13,21:33,0:31,4:20,
"Pacheco, Patricia",PP,Sales Associate,Modesto,Maria,6/12/2026,9:11,13:40,,4:29,
"Pacheco, Patricia",PP,Sales Associate,Modesto,Maria,6/12/2026,14:41,19:14,1:01,4:33,
"Pacheco, Patricia",PP,Sales Associate,Modesto,Maria,6/13/2026,10:54,15:42,,4:48,
"Pacheco, Patricia",PP,Sales Associate,Modesto,Maria,6/13/2026,16:40,21:10,0:58,4:30,
"Pacheco, Patricia",PP,Sales Associate,Modesto,Maria,6/17/2026,9:06,13:51,,4:45,
"Pacheco, Patricia",PP,Sales Associate,Modesto,Maria,6/17/2026,14:44,19:20,0:53,4:36,
"Pacheco, Patricia",PP,Sales Associate,Modesto,Maria,6/18/2026,11:19,15:59,,4:40,
"Pacheco, Patricia",PP,Sales Associate,Modesto,Maria,6/18/2026,17:00,21:53,1:01,4:53,
"Pacheco, Patricia",PP,Sales Associate,Modesto,Maria,6/19/2026,12:18,15:55,,3:37,
"Pacheco, Patricia",PP,Sales Associate,Modesto,Maria,6/19/2026,16:45,21:22,0:50,4:37,
"Pacheco, Patricia",PP,Sales Associate,Modesto,Maria,6/20/2026,10:58,15:19,,4:21,
"Pacheco, Patricia",PP,Sales Associate,Modesto,Maria,6/20/2026,16:16,20:04,0:57,3:48,
"Pacheco, Patricia",PP,Sales Associate,Modesto,Maria,6/21/2026,10:35,13:41,,3:06,
"Pacheco, Patricia",PP,Sales Associate,Modesto,Maria,6/21/2026,14:15,18:18,0:34,4:03,
"Pacheco, Patricia",PP,Sales Associate,Modesto,Maria,6/25/2026,12:18,15:54,,3:36,
"Pacheco, Patricia",PP,Sales Associate,Modesto,Maria,6/25/2026,17:01,21:32,1:07,4:31,
"Pacheco, Patricia",PP,Sales Associate,Modesto,Maria,6/26/2026,9:05,13:31,,4:26,
"Pacheco, Patricia",PP,Sales Associate,Modesto,Maria,6/26/2026,14:28,18:07,0:57,3:39,
"Pacheco, Patricia",PP,Sales Associate,Modesto,Maria,6/27/2026,10:57,15:22,,4:25,
"Pacheco, Patricia",PP,Sales Associate,Modesto,Maria,6/27/2026,16:22,20:00,1:00,3:38,
"Pacheco, Patricia",PP,Sales Associate,Modesto,Maria,6/28/2026,10:32,14:15,,3:43,
"Pacheco, Patricia",PP,Sales Associate,Modesto,Maria,6/28/2026,15:17,19:02,1:02,3:45,
"Pacheco, Patricia",PP,Sales Associate,Modesto,Maria,6/29/2026,9:04,13:53,,4:49,
"Pacheco, Patricia",PP,Sales Associate,Modesto,Maria,6/29/2026,14:53,18:01,1:00,3:08,
"Paclibar, Maria S",SP,Sales Associate,Arden,Shakib,6/1/2026,11:43,15:45,,4:02,
"Paclibar, Maria S",SP,Sales Associate,Arden,Shakib,6/1/2026,16:45,20:40,1:00,3:55,
"Paclibar, Maria S",SP,Sales Associate,Arden,Shakib,6/4/2026,9:03,13:13,,4:10,
"Paclibar, Maria S",SP,Sales Associate,Arden,Shakib,6/4/2026,14:12,17:45,0:59,3:33,
"Paclibar, Maria S",SP,Sales Associate,Arden,Shakib,6/5/2026,9:00,13:07,,4:07,
"Paclibar, Maria S",SP,Sales Associate,Arden,Shakib,6/5/2026,14:04,17:46,0:57,3:42,
"Paclibar, Maria S",SP,Sales Associate,Arden,Shakib,6/6/2026,11:27,15:40,,4:13,
"Paclibar, Maria S",SP,Sales Associate,Arden,Shakib,6/6/2026,16:37,20:31,0:57,3:54,
"Paclibar, Maria S",SP,Sales Associate,Arden,Shakib,6/7/2026,10:31,14:25,,3:54,
"Paclibar, Maria S",SP,Sales Associate,Arden,Shakib,6/7/2026,14:56,19:09,0:31,4:13,
"Paclibar, Maria S",SP,Sales Associate,Arden,Shakib,6/8/2026,11:44,15:59,,4:15,
"Paclibar, Maria S",SP,Sales Associate,Arden,Shakib,6/8/2026,16:59,20:23,1:00,3:24,
"Paclibar, Maria S",SP,Sales Associate,Arden,Shakib,6/10/2026,11:41,15:45,,4:04,
"Paclibar, Maria S",SP,Sales Associate,Arden,Shakib,6/10/2026,16:44,20:32,0:59,3:48,
"Paclibar, Maria S",SP,Sales Associate,Arden,Shakib,6/11/2026,9:03,12:59,,3:56,
"Paclibar, Maria S",SP,Sales Associate,Arden,Shakib,6/11/2026,13:56,17:59,0:57,4:03,
"Paclibar, Maria S",SP,Sales Associate,Arden,Shakib,6/13/2026,11:30,16:00,,4:30,
"Paclibar, Maria S",SP,Sales Associate,Arden,Shakib,6/13/2026,17:00,20:37,1:00,3:37,
"Paclibar, Maria S",SP,Sales Associate,Arden,Shakib,6/14/2026,10:28,14:31,,4:03,
"Paclibar, Maria S",SP,Sales Associate,Arden,Shakib,6/14/2026,15:01,20:01,0:30,5:00,
"Paclibar, Maria S",SP,Sales Associate,Arden,Shakib,6/15/2026,11:41,16:35,,4:54,
"Paclibar, Maria S",SP,Sales Associate,Arden,Shakib,6/15/2026,17:33,20:55,0:58,3:22,
"Paclibar, Maria S",SP,Sales Associate,Arden,Shakib,6/17/2026,11:45,15:46,,4:01,
"Paclibar, Maria S",SP,Sales Associate,Arden,Shakib,6/17/2026,16:46,20:16,1:00,3:30,
"Paclibar, Maria S",SP,Sales Associate,Arden,Shakib,6/19/2026,9:10,13:04,,3:54,
"Paclibar, Maria S",SP,Sales Associate,Arden,Shakib,6/19/2026,14:03,18:09,0:59,4:06,
"Paclibar, Maria S",SP,Sales Associate,Arden,Shakib,6/20/2026,11:45,15:30,,3:45,
"Paclibar, Maria S",SP,Sales Associate,Arden,Shakib,6/20/2026,16:28,19:47,0:58,3:19,
"Paclibar, Maria S",SP,Sales Associate,Arden,Shakib,6/21/2026,10:30,18:30,,8:00,
"Paclibar, Maria S",SP,Sales Associate,Arden,Shakib,6/24/2026,11:42,15:29,,3:47,
"Paclibar, Maria S",SP,Sales Associate,Arden,Shakib,6/24/2026,16:29,20:20,1:00,3:51,
"Paclibar, Maria S",SP,Sales Associate,Arden,Shakib,6/25/2026,9:08,13:12,,4:04,
"Paclibar, Maria S",SP,Sales Associate,Arden,Shakib,6/25/2026,13:42,17:30,0:30,3:48,
"Paclibar, Maria S",SP,Sales Associate,Arden,Shakib,6/25/2026,18:01,20:32,0:31,2:31,
"Paclibar, Maria S",SP,Sales Associate,Arden,Shakib,6/26/2026,11:44,16:19,,4:35,
"Paclibar, Maria S",SP,Sales Associate,Arden,Shakib,6/26/2026,17:18,20:33,0:59,3:15,
"Paclibar, Maria S",SP,Sales Associate,Arden,Shakib,6/27/2026,12:27,16:22,,3:55,
"Paclibar, Maria S",SP,Sales Associate,Arden,Shakib,6/27/2026,17:21,20:21,0:59,3:00,
"Paclibar, Maria S",SP,Sales Associate,Arden,Shakib,6/28/2026,10:30,15:00,,4:30,
"Paclibar, Maria S",SP,Sales Associate,Arden,Shakib,6/28/2026,15:32,18:03,0:32,2:31,
"Paclibar, Maria S",SP,Sales Associate,Arden,Shakib,6/29/2026,9:03,13:11,,4:08,
"Paclibar, Maria S",SP,Sales Associate,Arden,Shakib,6/29/2026,13:41,17:03,0:30,3:22,
"Paclibar, Maria S",SP,Sales Associate,Arden,Shakib,6/29/2026,17:34,20:46,0:31,3:12,
"Panelo, Cristina A",CP,Sales Associate,Eastridge,Aurelia,6/1/2026,9:00,12:20,,3:20,
"Panelo, Cristina A",CP,Sales Associate,Eastridge,Aurelia,6/1/2026,13:19,16:32,0:59,3:13,
"Panelo, Cristina A",CP,Sales Associate,Eastridge,Aurelia,6/2/2026,9:00,12:46,,3:46,
"Panelo, Cristina A",CP,Sales Associate,Eastridge,Aurelia,6/2/2026,13:45,16:34,0:59,2:49,
"Panelo, Cristina A",CP,Sales Associate,Eastridge,Aurelia,6/5/2026,9:04,13:50,,4:46,
"Panelo, Cristina A",CP,Sales Associate,Eastridge,Aurelia,6/5/2026,14:47,17:01,0:57,2:14,
"Panelo, Cristina A",CP,Sales Associate,Eastridge,Aurelia,6/6/2026,9:00,12:03,,3:03,
"Panelo, Cristina A",CP,Sales Associate,Eastridge,Aurelia,6/6/2026,13:03,17:07,1:00,4:04,
"Panelo, Cristina A",CP,Sales Associate,Eastridge,Aurelia,6/7/2026,10:30,12:50,,2:20,
"Panelo, Cristina A",CP,Sales Associate,Eastridge,Aurelia,6/7/2026,13:20,17:06,0:30,3:46,
"Panelo, Cristina A",CP,Sales Associate,Eastridge,Aurelia,6/8/2026,9:00,13:02,,4:02,
"Panelo, Cristina A",CP,Sales Associate,Eastridge,Aurelia,6/8/2026,14:01,15:00,0:59,0:59,
"Panelo, Cristina A",CP,Sales Associate,Eastridge,Aurelia,6/9/2026,9:00,13:13,,4:13,
"Panelo, Cristina A",CP,Sales Associate,Eastridge,Aurelia,6/9/2026,14:10,16:32,0:57,2:22,
"Panelo, Cristina A",CP,Sales Associate,Eastridge,Aurelia,6/12/2026,9:00,12:50,,3:50,
"Panelo, Cristina A",CP,Sales Associate,Eastridge,Aurelia,6/12/2026,13:48,17:04,0:58,3:16,
"Panelo, Cristina A",CP,Sales Associate,Eastridge,Aurelia,6/13/2026,9:00,13:06,,4:06,
"Panelo, Cristina A",CP,Sales Associate,Eastridge,Aurelia,6/13/2026,14:04,17:00,0:58,2:56,
"Panelo, Cristina A",CP,Sales Associate,Eastridge,Aurelia,6/14/2026,10:30,12:30,,2:00,
"Panelo, Cristina A",CP,Sales Associate,Eastridge,Aurelia,6/14/2026,13:00,18:31,0:30,5:31,
"Panelo, Cristina A",CP,Sales Associate,Eastridge,Aurelia,6/15/2026,9:00,13:30,,4:30,
"Panelo, Cristina A",CP,Sales Associate,Eastridge,Aurelia,6/15/2026,14:28,16:30,0:58,2:02,
"Panelo, Cristina A",CP,Sales Associate,Eastridge,Aurelia,6/17/2026,12:58,16:09,,3:11,
"Panelo, Cristina A",CP,Sales Associate,Eastridge,Aurelia,6/17/2026,17:07,20:00,0:58,2:53,
"Panelo, Cristina A",CP,Sales Associate,Eastridge,Aurelia,6/19/2026,8:57,13:08,,4:11,
"Panelo, Cristina A",CP,Sales Associate,Eastridge,Aurelia,6/19/2026,14:04,16:30,0:56,2:26,
"Panelo, Cristina A",CP,Sales Associate,Eastridge,Aurelia,6/20/2026,9:00,12:15,,3:15,
"Panelo, Cristina A",CP,Sales Associate,Eastridge,Aurelia,6/21/2026,10:30,12:59,,2:29,
"Panelo, Cristina A",CP,Sales Associate,Eastridge,Aurelia,6/21/2026,13:32,17:02,0:33,3:30,
"Panelo, Cristina A",CP,Sales Associate,Eastridge,Aurelia,6/22/2026,9:00,12:34,,3:34,
"Panelo, Cristina A",CP,Sales Associate,Eastridge,Aurelia,6/22/2026,13:24,16:30,0:50,3:06,
"Panelo, Cristina A",CP,Sales Associate,Eastridge,Aurelia,6/24/2026,9:04,12:23,,3:19,
"Panelo, Cristina A",CP,Sales Associate,Eastridge,Aurelia,6/24/2026,13:21,16:33,0:58,3:12,
"Panelo, Cristina A",CP,Sales Associate,Eastridge,Aurelia,6/26/2026,9:00,12:38,,3:38,
"Panelo, Cristina A",CP,Sales Associate,Eastridge,Aurelia,6/26/2026,13:36,16:32,0:58,2:56,
"Panelo, Cristina A",CP,Sales Associate,Eastridge,Aurelia,6/27/2026,9:00,13:17,,4:17,
"Panelo, Cristina A",CP,Sales Associate,Eastridge,Aurelia,6/27/2026,14:12,17:02,0:55,2:50,
"Panelo, Cristina A",CP,Sales Associate,Eastridge,Aurelia,6/28/2026,10:30,12:57,,2:27,
"Panelo, Cristina A",CP,Sales Associate,Eastridge,Aurelia,6/28/2026,13:28,17:00,0:31,3:32,
"Panelo, Cristina A",CP,Sales Associate,Eastridge,Aurelia,6/29/2026,9:00,12:10,,3:10,
"Panelo, Cristina A",CP,Sales Associate,Eastridge,Aurelia,6/29/2026,13:07,16:30,0:57,3:23,
"Panelo, Cristina A",CP,Sales Associate,Eastridge,Aurelia,6/30/2026,9:00,12:59,,3:59,
"Panelo, Cristina A",CP,Sales Associate,Eastridge,Aurelia,6/30/2026,13:57,16:41,0:58,2:44,
"Pedersen, Nicholas K",NP2,Sales Associate,Deerbrook,,6/1/2026,11:56,16:30,,4:34,
"Pedersen, Nicholas K",NP2,Sales Associate,Deerbrook,,6/1/2026,17:31,21:02,1:01,3:31,
"Phoolwala, Fahad F.",FP2,Manager,Livermore,AJ,6/1/2026,9:17,14:12,,4:55,
"Phoolwala, Fahad F.",FP2,Manager,Livermore,AJ,6/1/2026,15:26,20:09,1:14,4:43,
"Phoolwala, Fahad F.",FP2,Manager,Livermore,AJ,6/3/2026,9:27,14:26,,4:59,
"Phoolwala, Fahad F.",FP2,Manager,Livermore,AJ,6/3/2026,15:00,20:12,0:34,5:12,
"Phoolwala, Fahad F.",FP2,Manager,Livermore,AJ,6/5/2026,9:24,14:18,,4:54,
"Phoolwala, Fahad F.",FP2,Manager,Livermore,AJ,6/5/2026,15:10,20:02,0:52,4:52,
"Phoolwala, Fahad F.",FP2,Manager,Livermore,AJ,6/6/2026,9:22,14:20,,4:58,
"Phoolwala, Fahad F.",FP2,Manager,Livermore,AJ,6/6/2026,15:02,20:06,0:42,5:04,
"Phoolwala, Fahad F.",FP2,Manager,Livermore,AJ,6/7/2026,9:19,14:10,,4:51,
"Phoolwala, Fahad F.",FP2,Manager,Livermore,AJ,6/7/2026,15:17,19:18,1:07,4:01,
"Phoolwala, Fahad F.",FP2,Manager,Livermore,AJ,6/8/2026,9:27,13:51,,4:24,
"Phoolwala, Fahad F.",FP2,Manager,Livermore,AJ,6/8/2026,14:57,20:11,1:06,5:14,
"Phoolwala, Fahad F.",FP2,Manager,Livermore,AJ,6/9/2026,9:20,14:13,,4:53,
"Phoolwala, Fahad F.",FP2,Manager,Livermore,AJ,6/9/2026,14:57,20:08,0:44,5:11,
"Phoolwala, Fahad F.",FP2,Manager,Livermore,AJ,6/12/2026,9:19,14:09,,4:50,
"Phoolwala, Fahad F.",FP2,Manager,Livermore,AJ,6/12/2026,15:06,20:09,0:57,5:03,
"Phoolwala, Fahad F.",FP2,Manager,Livermore,AJ,6/13/2026,9:15,13:39,,4:24,
"Phoolwala, Fahad F.",FP2,Manager,Livermore,AJ,6/13/2026,14:10,20:02,0:31,5:52,
"Phoolwala, Fahad F.",FP2,Manager,Livermore,AJ,6/14/2026,9:20,14:14,,4:54,
"Phoolwala, Fahad F.",FP2,Manager,Livermore,AJ,6/14/2026,15:17,19:05,1:03,3:48,
"Phoolwala, Fahad F.",FP2,Manager,Livermore,AJ,6/15/2026,9:20,14:19,,4:59,
"Phoolwala, Fahad F.",FP2,Manager,Livermore,AJ,6/15/2026,15:17,20:21,0:58,5:04,
"Phoolwala, Fahad F.",FP2,Manager,Livermore,AJ,6/16/2026,9:20,14:09,,4:49,
"Phoolwala, Fahad F.",FP2,Manager,Livermore,AJ,6/16/2026,15:11,20:10,1:02,4:59,
"Phoolwala, Fahad F.",FP2,Manager,Livermore,AJ,6/19/2026,9:19,14:13,,4:54,
"Phoolwala, Fahad F.",FP2,Manager,Livermore,AJ,6/19/2026,15:08,20:29,0:55,5:21,
"Phoolwala, Fahad F.",FP2,Manager,Livermore,AJ,6/20/2026,9:20,13:33,,4:13,
"Phoolwala, Fahad F.",FP2,Manager,Livermore,AJ,6/20/2026,14:22,19:58,0:49,5:36,
"Phoolwala, Fahad F.",FP2,Manager,Livermore,AJ,6/21/2026,9:21,14:01,,4:40,
"Phoolwala, Fahad F.",FP2,Manager,Livermore,AJ,6/21/2026,15:05,17:40,1:04,2:35,
"Phoolwala, Fahad F.",FP2,Manager,Livermore,AJ,6/22/2026,9:21,14:06,,4:45,
"Phoolwala, Fahad F.",FP2,Manager,Livermore,AJ,6/22/2026,15:04,20:10,0:58,5:06,
"Phoolwala, Fahad F.",FP2,Manager,Livermore,AJ,6/23/2026,9:22,14:17,,4:55,
"Phoolwala, Fahad F.",FP2,Manager,Livermore,AJ,6/23/2026,15:11,20:11,0:54,5:00,
"Phoolwala, Fahad F.",FP2,Manager,Livermore,AJ,6/26/2026,9:25,11:09,,1:44,
"Phoolwala, Fahad F.",FP2,Manager,Livermore,AJ,6/27/2026,9:24,13:49,,4:25,
"Phoolwala, Fahad F.",FP2,Manager,Livermore,AJ,6/27/2026,14:36,19:59,0:47,5:23,
"Phoolwala, Fahad F.",FP2,Manager,Livermore,AJ,6/28/2026,9:20,13:06,,3:46,
"Phoolwala, Fahad F.",FP2,Manager,Livermore,AJ,6/28/2026,14:04,19:07,0:58,5:03,
"Phoolwala, Fahad F.",FP2,Manager,Livermore,AJ,6/29/2026,9:23,13:33,,4:10,
"Phoolwala, Fahad F.",FP2,Manager,Livermore,AJ,6/29/2026,14:41,20:10,1:08,5:29,
"Phoolwala, Fahad F.",FP2,Manager,Livermore,AJ,6/30/2026,9:20,13:15,,3:55,
"Phoolwala, Fahad F.",FP2,Manager,Livermore,AJ,6/30/2026,14:14,20:09,0:59,5:55,
"Politron, Maria Valeria",MP2,Sales Associate,Salinas,Cynthia,6/1/2026,11:34,14:35,,3:01,
"Politron, Maria Valeria",MP2,Sales Associate,Salinas,Cynthia,6/1/2026,15:36,18:34,1:01,2:58,
"Politron, Maria Valeria",MP2,Sales Associate,Salinas,Cynthia,6/1/2026,18:45,20:07,0:11,1:32,
"Politron, Maria Valeria",MP2,Sales Associate,Salinas,Cynthia,6/2/2026,11:31,15:13,,3:42,
"Politron, Maria Valeria",MP2,Sales Associate,Salinas,Cynthia,6/2/2026,16:14,17:52,1:01,1:38,
"Politron, Maria Valeria",MP2,Sales Associate,Salinas,Cynthia,6/2/2026,18:04,20:31,0:12,2:37,
"Politron, Maria Valeria",MP2,Sales Associate,Salinas,Cynthia,6/3/2026,10:34,13:17,,2:43,
"Politron, Maria Valeria",MP2,Sales Associate,Salinas,Cynthia,6/3/2026,14:16,19:13,0:59,4:57,
"Politron, Maria Valeria",MP2,Sales Associate,Salinas,Cynthia,6/6/2026,12:11,15:30,,3:19,
"Politron, Maria Valeria",MP2,Sales Associate,Salinas,Cynthia,6/6/2026,16:31,18:41,1:01,2:10,
"Politron, Maria Valeria",MP2,Sales Associate,Salinas,Cynthia,6/6/2026,18:53,20:03,0:12,1:20,
"Politron, Maria Valeria",MP2,Sales Associate,Salinas,Cynthia,6/6/2026,20:14,20:55,0:11,0:51,
"Politron, Maria Valeria",MP2,Sales Associate,Salinas,Cynthia,6/7/2026,10:35,13:01,,2:26,
"Politron, Maria Valeria",MP2,Sales Associate,Salinas,Cynthia,6/7/2026,14:04,19:30,1:03,5:26,
"Politron, Maria Valeria",MP2,Sales Associate,Salinas,Cynthia,6/8/2026,10:41,13:21,,2:40,
"Politron, Maria Valeria",MP2,Sales Associate,Salinas,Cynthia,6/8/2026,14:22,17:12,1:01,2:50,
"Politron, Maria Valeria",MP2,Sales Associate,Salinas,Cynthia,6/8/2026,17:24,18:17,0:12,1:03,
"Politron, Maria Valeria",MP2,Sales Associate,Salinas,Cynthia,6/9/2026,10:36,14:08,,3:32,
"Politron, Maria Valeria",MP2,Sales Associate,Salinas,Cynthia,6/9/2026,15:08,17:45,1:00,2:37,
"Politron, Maria Valeria",MP2,Sales Associate,Salinas,Cynthia,6/9/2026,17:55,18:52,0:10,1:07,
"Politron, Maria Valeria",MP2,Sales Associate,Salinas,Cynthia,6/10/2026,11:36,15:38,,4:02,
"Politron, Maria Valeria",MP2,Sales Associate,Salinas,Cynthia,6/10/2026,16:38,17:57,1:00,1:19,
"Politron, Maria Valeria",MP2,Sales Associate,Salinas,Cynthia,6/10/2026,18:07,19:14,0:10,1:17,
"Politron, Maria Valeria",MP2,Sales Associate,Salinas,Cynthia,6/10/2026,19:24,19:51,0:10,0:37,
"Politron, Maria Valeria",MP2,Sales Associate,Salinas,Cynthia,6/19/2026,9:35,13:54,,4:19,
"Politron, Maria Valeria",MP2,Sales Associate,Salinas,Cynthia,6/19/2026,14:57,16:38,1:03,1:41,
"Politron, Maria Valeria",MP2,Sales Associate,Salinas,Cynthia,6/19/2026,16:51,17:49,0:13,1:08,
"Politron, Maria Valeria",MP2,Sales Associate,Salinas,Cynthia,6/20/2026,12:14,14:33,,2:19,
"Politron, Maria Valeria",MP2,Sales Associate,Salinas,Cynthia,6/20/2026,14:44,15:51,0:11,1:17,
"Politron, Maria Valeria",MP2,Sales Associate,Salinas,Cynthia,6/20/2026,16:55,18:02,1:04,1:07,
"Politron, Maria Valeria",MP2,Sales Associate,Salinas,Cynthia,6/20/2026,18:15,20:45,0:13,2:40,
"Politron, Maria Valeria",MP2,Sales Associate,Salinas,Cynthia,6/21/2026,10:41,12:59,,2:18,
"Politron, Maria Valeria",MP2,Sales Associate,Salinas,Cynthia,6/21/2026,13:57,17:31,0:58,3:34,
"Politron, Maria Valeria",MP2,Sales Associate,Salinas,Cynthia,6/21/2026,17:42,19:32,0:11,2:00,
"Politron, Maria Valeria",MP2,Sales Associate,Salinas,Cynthia,6/22/2026,11:32,15:35,,4:03,
"Politron, Maria Valeria",MP2,Sales Associate,Salinas,Cynthia,6/22/2026,16:39,18:00,1:04,1:21,
"Politron, Maria Valeria",MP2,Sales Associate,Salinas,Cynthia,6/22/2026,18:15,20:00,0:15,1:55,
"Politron, Maria Valeria",MP2,Sales Associate,Salinas,Cynthia,6/23/2026,10:31,14:04,,3:33,
"Politron, Maria Valeria",MP2,Sales Associate,Salinas,Cynthia,6/23/2026,15:07,16:37,1:03,1:30,
"Politron, Maria Valeria",MP2,Sales Associate,Salinas,Cynthia,6/23/2026,16:50,17:38,0:13,0:58,
"Politron, Maria Valeria",MP2,Sales Associate,Salinas,Cynthia,6/23/2026,17:48,18:00,0:10,0:22,
"Politron, Maria Valeria",MP2,Sales Associate,Salinas,Cynthia,6/24/2026,10:35,13:47,,3:12,
"Politron, Maria Valeria",MP2,Sales Associate,Salinas,Cynthia,6/24/2026,14:48,17:32,1:01,2:44,
"Politron, Maria Valeria",MP2,Sales Associate,Salinas,Cynthia,6/24/2026,17:45,18:16,0:13,0:41,
"Politron, Maria Valeria",MP2,Sales Associate,Salinas,Cynthia,6/24/2026,18:24,18:31,0:08,0:15,
"Politron, Maria Valeria",MP2,Sales Associate,Salinas,Cynthia,6/25/2026,10:38,13:10,,2:32,
"Politron, Maria Valeria",MP2,Sales Associate,Salinas,Cynthia,6/25/2026,14:10,17:34,1:00,3:24,
"Politron, Maria Valeria",MP2,Sales Associate,Salinas,Cynthia,6/25/2026,17:43,18:00,0:09,0:26,
"Politron, Maria Valeria",MP2,Sales Associate,Salinas,Cynthia,6/27/2026,9:34,13:06,,3:32,
"Politron, Maria Valeria",MP2,Sales Associate,Salinas,Cynthia,6/27/2026,14:10,16:17,1:04,2:07,
"Politron, Maria Valeria",MP2,Sales Associate,Salinas,Cynthia,6/27/2026,16:25,17:30,0:08,1:13,
"Politron, Maria Valeria",MP2,Sales Associate,Salinas,Cynthia,6/28/2026,10:34,14:37,,4:03,
"Politron, Maria Valeria",MP2,Sales Associate,Salinas,Cynthia,6/28/2026,15:38,18:00,1:01,2:22,
"Politron, Maria Valeria",MP2,Sales Associate,Salinas,Cynthia,6/29/2026,11:32,15:39,,4:07,
"Politron, Maria Valeria",MP2,Sales Associate,Salinas,Cynthia,6/29/2026,16:40,17:57,1:01,1:17,
"Politron, Maria Valeria",MP2,Sales Associate,Salinas,Cynthia,6/29/2026,18:09,19:12,0:12,1:13,
"Politron, Maria Valeria",MP2,Sales Associate,Salinas,Cynthia,6/29/2026,19:20,19:58,0:08,0:46,
"Politron, Maria Valeria",MP2,Sales Associate,Salinas,Cynthia,6/30/2026,10:43,13:57,,3:14,
"Politron, Maria Valeria",MP2,Sales Associate,Salinas,Cynthia,6/30/2026,14:58,17:17,1:01,2:19,
"Politron, Maria Valeria",MP2,Sales Associate,Salinas,Cynthia,6/30/2026,17:27,18:09,0:10,0:52,
"Politron, Maria Valeria",MP2,Sales Associate,Salinas,Cynthia,6/30/2026,18:21,18:30,0:12,0:19,
"Puruganan, Elizabeth D",EP,Sales Associate,Serramonte,Maria,6/5/2026,12:28,17:07,,4:39,
"Puruganan, Elizabeth D",EP,Sales Associate,Serramonte,Maria,6/5/2026,17:41,19:20,0:34,1:39,
"Puruganan, Elizabeth D",EP,Sales Associate,Serramonte,Maria,6/6/2026,11:57,16:50,,4:53,
"Puruganan, Elizabeth D",EP,Sales Associate,Serramonte,Maria,6/7/2026,11:59,16:35,,4:36,
"Puruganan, Elizabeth D",EP,Sales Associate,Serramonte,Maria,6/7/2026,17:05,17:30,0:30,0:25,
"Ramirez Garcia, Jorge",JG4,Manager,Northridge,Shaun,6/1/2026,10:19,14:51,,4:32,
"Ramirez Garcia, Jorge",JG4,Manager,Northridge,Shaun,6/1/2026,15:27,16:56,0:36,1:29,
"Ramirez Garcia, Jorge",JG4,Manager,Northridge,Shaun,6/1/2026,17:09,19:47,0:13,2:48,
"Ramirez Garcia, Jorge",JG4,Manager,Northridge,Shaun,6/2/2026,9:59,13:25,,3:26,
"Ramirez Garcia, Jorge",JG4,Manager,Northridge,Shaun,6/2/2026,14:45,20:06,1:20,5:21,
"Ramirez Garcia, Jorge",JG4,Manager,Northridge,Shaun,6/3/2026,12:08,16:34,,4:26,
"Ramirez Garcia, Jorge",JG4,Manager,Northridge,Shaun,6/3/2026,17:25,20:21,0:51,2:56,
"Ramirez Garcia, Jorge",JG4,Manager,Northridge,Shaun,6/4/2026,10:14,15:11,,4:57,
"Ramirez Garcia, Jorge",JG4,Manager,Northridge,Shaun,6/4/2026,16:09,18:28,0:58,2:19,
"Ramirez Garcia, Jorge",JG4,Manager,Northridge,Shaun,6/4/2026,18:39,20:53,0:11,2:24,
"Ramirez Garcia, Jorge",JG4,Manager,Northridge,Shaun,6/6/2026,10:07,15:06,,4:59,
"Ramirez Garcia, Jorge",JG4,Manager,Northridge,Shaun,6/6/2026,15:57,16:43,0:51,0:46,
"Ramirez Garcia, Jorge",JG4,Manager,Northridge,Shaun,6/6/2026,16:59,20:43,0:16,3:54,
"Ramirez Garcia, Jorge",JG4,Manager,Northridge,Shaun,6/7/2026,11:54,15:33,,3:39,
"Ramirez Garcia, Jorge",JG4,Manager,Northridge,Shaun,6/7/2026,16:07,18:25,0:34,2:18,
"Ramirez Garcia, Jorge",JG4,Manager,Northridge,Shaun,6/7/2026,18:48,18:57,0:23,0:19,
"Ramirez Garcia, Jorge",JG4,Manager,Northridge,Shaun,6/8/2026,12:07,16:23,,4:16,
"Ramirez Garcia, Jorge",JG4,Manager,Northridge,Shaun,6/8/2026,17:07,20:03,0:44,2:56,
"Ramirez Garcia, Jorge",JG4,Manager,Northridge,Shaun,6/9/2026,12:00,20:00,,8:00,
"Ramirez Garcia, Jorge",JG4,Manager,Northridge,Shaun,6/10/2026,10:15,14:11,,3:56,
"Ramirez Garcia, Jorge",JG4,Manager,Northridge,Shaun,6/10/2026,15:03,16:28,0:52,1:25,
"Ramirez Garcia, Jorge",JG4,Manager,Northridge,Shaun,6/12/2026,10:10,12:23,,2:13,
"Ramirez Garcia, Jorge",JG4,Manager,Northridge,Shaun,6/12/2026,12:33,14:24,0:10,2:01,
"Ramirez Garcia, Jorge",JG4,Manager,Northridge,Shaun,6/12/2026,14:59,17:14,0:35,2:15,
"Ramirez Garcia, Jorge",JG4,Manager,Northridge,Shaun,6/12/2026,17:25,21:12,0:11,3:57,
"Ramirez Garcia, Jorge",JG4,Manager,Northridge,Shaun,6/13/2026,11:05,15:06,,4:01,
"Ramirez Garcia, Jorge",JG4,Manager,Northridge,Shaun,6/13/2026,15:54,19:05,0:48,3:11,
"Ramirez Garcia, Jorge",JG4,Manager,Northridge,Shaun,6/13/2026,19:17,20:54,0:12,1:47,
"Ramirez Garcia, Jorge",JG4,Manager,Northridge,Shaun,6/14/2026,11:27,14:05,,2:38,
"Ramirez Garcia, Jorge",JG4,Manager,Northridge,Shaun,6/14/2026,14:52,18:56,0:47,4:04,
"Ramirez Garcia, Jorge",JG4,Manager,Northridge,Shaun,6/15/2026,10:09,14:12,,4:03,
"Ramirez Garcia, Jorge",JG4,Manager,Northridge,Shaun,6/15/2026,14:42,19:40,0:30,4:58,
"Ramirez Garcia, Jorge",JG4,Manager,Northridge,Shaun,6/16/2026,10:10,14:31,,4:21,
"Ramirez Garcia, Jorge",JG4,Manager,Northridge,Shaun,6/16/2026,15:12,20:14,0:41,5:02,
"Ramirez Garcia, Jorge",JG4,Manager,Northridge,Shaun,6/17/2026,10:20,14:11,,3:51,
"Ramirez Garcia, Jorge",JG4,Manager,Northridge,Shaun,6/17/2026,14:48,19:33,0:37,4:45,
"Ramirez Garcia, Jorge",JG4,Manager,Northridge,Shaun,6/17/2026,19:47,19:53,0:14,0:16,
"Ramirez Garcia, Jorge",JG4,Manager,Northridge,Shaun,6/18/2026,10:12,13:38,,3:26,
"Ramirez Garcia, Jorge",JG4,Manager,Northridge,Shaun,6/18/2026,14:30,18:13,0:52,3:43,
"Ramirez Garcia, Jorge",JG4,Manager,Northridge,Shaun,6/20/2026,10:08,14:17,,4:09,
"Ramirez Garcia, Jorge",JG4,Manager,Northridge,Shaun,6/20/2026,15:13,21:07,0:56,5:54,
"Ramirez Garcia, Jorge",JG4,Manager,Northridge,Shaun,6/21/2026,11:07,14:47,,3:40,
"Ramirez Garcia, Jorge",JG4,Manager,Northridge,Shaun,6/21/2026,15:27,17:30,0:40,2:03,
"Ramirez Garcia, Jorge",JG4,Manager,Northridge,Shaun,6/22/2026,12:15,15:06,,2:51,
"Ramirez Garcia, Jorge",JG4,Manager,Northridge,Shaun,6/22/2026,16:01,20:05,0:55,4:04,
"Ramirez Garcia, Jorge",JG4,Manager,Northridge,Shaun,6/23/2026,10:18,15:10,,4:52,
"Ramirez Garcia, Jorge",JG4,Manager,Northridge,Shaun,6/23/2026,15:47,20:09,0:37,4:22,
"Ramirez Garcia, Jorge",JG4,Manager,Northridge,Shaun,6/24/2026,10:13,14:00,,3:47,
"Ramirez Garcia, Jorge",JG4,Manager,Northridge,Shaun,6/24/2026,14:37,16:41,0:37,2:04,
"Ramirez Garcia, Jorge",JG4,Manager,Northridge,Shaun,6/26/2026,10:19,14:42,,4:23,
"Ramirez Garcia, Jorge",JG4,Manager,Northridge,Shaun,6/26/2026,15:36,21:08,0:54,5:32,
"Ramirez Garcia, Jorge",JG4,Manager,Northridge,Shaun,6/27/2026,10:23,14:56,,4:33,
"Ramirez Garcia, Jorge",JG4,Manager,Northridge,Shaun,6/27/2026,15:33,20:49,0:37,5:16,
"Ramirez Garcia, Jorge",JG4,Manager,Northridge,Shaun,6/28/2026,10:16,14:00,,3:44,
"Ramirez Garcia, Jorge",JG4,Manager,Northridge,Shaun,6/28/2026,14:45,18:49,0:45,4:04,
"Ramirez Garcia, Jorge",JG4,Manager,Northridge,Shaun,6/29/2026,11:08,14:39,,3:31,
"Ramirez Garcia, Jorge",JG4,Manager,Northridge,Shaun,6/29/2026,15:09,20:14,0:30,5:05,
"Ramirez Garcia, Jorge",JG4,Manager,Northridge,Shaun,6/30/2026,10:29,15:09,,4:40,
"Ramirez Garcia, Jorge",JG4,Manager,Northridge,Shaun,6/30/2026,15:42,19:59,0:33,4:17,
"Ramirez, Araceli",AR3,Sales Associate,Bakersfield,Robert,6/1/2026,9:31,13:01,,3:30,
"Ramirez, Araceli",AR3,Sales Associate,Bakersfield,Robert,6/1/2026,13:48,17:10,0:47,3:22,
"Ramirez, Araceli",AR3,Sales Associate,Bakersfield,Robert,6/4/2026,9:09,13:47,,4:38,
"Ramirez, Araceli",AR3,Sales Associate,Bakersfield,Robert,6/4/2026,14:45,17:05,0:58,2:20,
"Ramirez, Araceli",AR3,Sales Associate,Bakersfield,Robert,6/5/2026,13:06,16:21,,3:15,
"Ramirez, Araceli",AR3,Sales Associate,Bakersfield,Robert,6/5/2026,17:14,21:04,0:53,3:50,
"Ramirez, Araceli",AR3,Sales Associate,Bakersfield,Robert,6/6/2026,13:07,16:10,,3:03,
"Ramirez, Araceli",AR3,Sales Associate,Bakersfield,Robert,6/6/2026,17:03,20:54,0:53,3:51,
"Ramirez, Araceli",AR3,Sales Associate,Bakersfield,Robert,6/7/2026,12:06,16:04,,3:58,
"Ramirez, Araceli",AR3,Sales Associate,Bakersfield,Robert,6/7/2026,16:37,18:01,0:33,1:24,
"Ramirez, Araceli",AR3,Sales Associate,Bakersfield,Robert,6/8/2026,9:01,13:10,,4:09,
"Ramirez, Araceli",AR3,Sales Associate,Bakersfield,Robert,6/8/2026,14:05,17:00,0:55,2:55,
"Ramirez, Araceli",AR3,Sales Associate,Bakersfield,Robert,6/11/2026,12:00,13:25,,1:25,
"Ramirez, Araceli",AR3,Sales Associate,Bakersfield,Robert,6/11/2026,13:31,15:08,0:06,1:43,
"Ramirez, Araceli",AR3,Sales Associate,Bakersfield,Robert,6/11/2026,16:08,20:02,1:00,3:54,
"Ramirez, Araceli",AR3,Sales Associate,Bakersfield,Robert,6/12/2026,12:59,16:02,,3:03,
"Ramirez, Araceli",AR3,Sales Associate,Bakersfield,Robert,6/12/2026,16:54,20:55,0:52,4:01,
"Ramirez, Araceli",AR3,Sales Associate,Bakersfield,Robert,6/13/2026,13:06,16:59,,3:53,
"Ramirez, Araceli",AR3,Sales Associate,Bakersfield,Robert,6/13/2026,17:55,21:08,0:56,3:13,
"Ramirez, Araceli",AR3,Sales Associate,Bakersfield,Robert,6/14/2026,11:06,15:09,,4:03,
"Ramirez, Araceli",AR3,Sales Associate,Bakersfield,Robert,6/14/2026,15:41,17:56,0:32,2:15,
"Ramirez, Araceli",AR3,Sales Associate,Bakersfield,Robert,6/15/2026,9:03,13:31,,4:28,
"Ramirez, Araceli",AR3,Sales Associate,Bakersfield,Robert,6/15/2026,14:25,16:59,0:54,2:34,
"Ramirez, Araceli",AR3,Sales Associate,Bakersfield,Robert,6/18/2026,11:57,15:00,,3:03,
"Ramirez, Araceli",AR3,Sales Associate,Bakersfield,Robert,6/18/2026,15:48,20:25,0:48,4:37,
"Ramirez, Araceli",AR3,Sales Associate,Bakersfield,Robert,6/19/2026,12:59,16:44,,3:45,
"Ramirez, Araceli",AR3,Sales Associate,Bakersfield,Robert,6/19/2026,17:34,21:03,0:50,3:29,
"Ramirez, Araceli",AR3,Sales Associate,Bakersfield,Robert,6/20/2026,9:02,13:20,,4:18,
"Ramirez, Araceli",AR3,Sales Associate,Bakersfield,Robert,6/20/2026,14:09,17:00,0:49,2:51,
"Ramirez, Araceli",AR3,Sales Associate,Bakersfield,Robert,6/21/2026,12:05,16:05,,4:00,
"Ramirez, Araceli",AR3,Sales Associate,Bakersfield,Robert,6/21/2026,16:35,18:02,0:30,1:27,
"Ramirez, Araceli",AR3,Sales Associate,Bakersfield,Robert,6/22/2026,9:02,13:23,,4:21,
"Ramirez, Araceli",AR3,Sales Associate,Bakersfield,Robert,6/22/2026,14:19,16:58,0:56,2:39,
"Ramirez, Araceli",AR3,Sales Associate,Bakersfield,Robert,6/25/2026,12:00,15:00,,3:00,
"Ramirez, Araceli",AR3,Sales Associate,Bakersfield,Robert,6/25/2026,15:54,20:00,0:54,4:06,
"Ramirez, Araceli",AR3,Sales Associate,Bakersfield,Robert,6/26/2026,12:04,15:02,,2:58,
"Ramirez, Araceli",AR3,Sales Associate,Bakersfield,Robert,6/26/2026,15:52,17:30,0:50,1:38,
"Ramirez, Araceli",AR3,Sales Associate,Bakersfield,Robert,6/26/2026,17:40,20:00,0:10,2:30,
"Ramirez, Araceli",AR3,Sales Associate,Bakersfield,Robert,6/27/2026,9:04,13:44,,4:40,
"Ramirez, Araceli",AR3,Sales Associate,Bakersfield,Robert,6/27/2026,14:35,17:01,0:51,2:26,
"Ramirez, Araceli",AR3,Sales Associate,Bakersfield,Robert,6/28/2026,11:10,14:44,,3:34,
"Ramirez, Araceli",AR3,Sales Associate,Bakersfield,Robert,6/28/2026,15:14,17:53,0:30,2:39,
"Ramirez, Araceli",AR3,Sales Associate,Bakersfield,Robert,6/29/2026,9:02,13:07,,4:05,
"Ramirez, Araceli",AR3,Sales Associate,Bakersfield,Robert,6/29/2026,14:00,17:01,0:53,3:01,
"Ramirez, Javier",JR6,Sales Associate,Roseville,Omar,6/2/2026,13:24,16:07,,2:43,
"Ramirez, Javier",JR6,Sales Associate,Roseville,Omar,6/2/2026,16:40,21:12,0:33,4:32,
"Ramirez, Javier",JR6,Sales Associate,Roseville,Omar,6/3/2026,12:56,16:22,,3:26,
"Ramirez, Javier",JR6,Sales Associate,Roseville,Omar,6/3/2026,16:55,21:12,0:33,4:17,
"Ramirez, Javier",JR6,Sales Associate,Roseville,Omar,6/5/2026,12:37,15:45,,3:08,
"Ramirez, Javier",JR6,Sales Associate,Roseville,Omar,6/5/2026,16:46,21:59,1:01,5:13,
"Ramirez, Javier",JR6,Sales Associate,Roseville,Omar,6/6/2026,12:39,15:10,,2:31,
"Ramirez, Javier",JR6,Sales Associate,Roseville,Omar,6/6/2026,15:21,17:38,0:11,2:27,
"Ramirez, Javier",JR6,Sales Associate,Roseville,Omar,6/6/2026,18:43,21:20,1:05,2:37,
"Ramirez, Javier",JR6,Sales Associate,Roseville,Omar,6/7/2026,10:33,14:30,,3:57,
"Ramirez, Javier",JR6,Sales Associate,Roseville,Omar,6/7/2026,15:00,19:23,0:30,4:23,
"Ramirez, Javier",JR6,Sales Associate,Roseville,Omar,6/10/2026,12:40,14:45,,2:05,
"Ramirez, Javier",JR6,Sales Associate,Roseville,Omar,6/10/2026,15:00,16:41,0:15,1:51,
"Ramirez, Javier",JR6,Sales Associate,Roseville,Omar,6/10/2026,17:41,21:28,1:00,3:47,
"Ramirez, Javier",JR6,Sales Associate,Roseville,Omar,6/11/2026,12:37,17:00,,4:23,
"Ramirez, Javier",JR6,Sales Associate,Roseville,Omar,6/11/2026,18:02,21:30,1:02,3:28,
"Ramirez, Javier",JR6,Sales Associate,Roseville,Omar,6/12/2026,13:01,17:24,,4:23,
"Ramirez, Javier",JR6,Sales Associate,Roseville,Omar,6/12/2026,17:56,21:24,0:32,3:28,
"Ramirez, Javier",JR6,Sales Associate,Roseville,Omar,6/13/2026,12:37,17:31,,4:54,
"Ramirez, Javier",JR6,Sales Associate,Roseville,Omar,6/13/2026,18:33,21:22,1:02,2:49,
"Ramirez, Javier",JR6,Sales Associate,Roseville,Omar,6/14/2026,10:43,13:20,,2:37,
"Ramirez, Javier",JR6,Sales Associate,Roseville,Omar,6/14/2026,13:34,15:34,0:14,2:10,
"Ramirez, Javier",JR6,Sales Associate,Roseville,Omar,6/14/2026,16:04,19:21,0:30,3:17,
"Ramirez, Javier",JR6,Sales Associate,Roseville,Omar,6/16/2026,12:24,15:35,,3:11,
"Ramirez, Javier",JR6,Sales Associate,Roseville,Omar,6/16/2026,16:38,21:17,1:03,4:39,
"Ramirez, Javier",JR6,Sales Associate,Roseville,Omar,6/17/2026,12:44,16:21,,3:37,
"Ramirez, Javier",JR6,Sales Associate,Roseville,Omar,6/17/2026,17:26,21:15,1:05,3:49,
"Ramirez, Javier",JR6,Sales Associate,Roseville,Omar,6/18/2026,12:36,16:12,,3:36,
"Ramirez, Javier",JR6,Sales Associate,Roseville,Omar,6/18/2026,17:12,21:30,1:00,4:18,
"Ramirez, Javier",JR6,Sales Associate,Roseville,Omar,6/20/2026,12:52,17:36,,4:44,
"Ramirez, Javier",JR6,Sales Associate,Roseville,Omar,6/20/2026,18:28,21:42,0:52,3:14,
"Ramirez, Javier",JR6,Sales Associate,Roseville,Omar,6/21/2026,10:49,15:21,,4:32,
"Ramirez, Javier",JR6,Sales Associate,Roseville,Omar,6/21/2026,15:53,19:11,0:32,3:18,
"Ramirez, Javier",JR6,Sales Associate,Roseville,Omar,6/24/2026,12:53,17:00,,4:07,
"Ramirez, Javier",JR6,Sales Associate,Roseville,Omar,6/24/2026,17:41,21:37,0:41,3:56,
"Ramirez, Javier",JR6,Sales Associate,Roseville,Omar,6/25/2026,12:42,16:02,,3:20,
"Ramirez, Javier",JR6,Sales Associate,Roseville,Omar,6/25/2026,16:33,21:34,0:31,5:01,
"Ramirez, Javier",JR6,Sales Associate,Roseville,Omar,6/26/2026,12:41,17:05,,4:24,
"Ramirez, Javier",JR6,Sales Associate,Roseville,Omar,6/26/2026,18:06,21:23,1:01,3:17,
"Ramirez, Javier",JR6,Sales Associate,Roseville,Omar,6/27/2026,9:23,13:22,,3:59,
"Ramirez, Javier",JR6,Sales Associate,Roseville,Omar,6/27/2026,13:36,14:18,0:14,0:52,
"Ramirez, Javier",JR6,Sales Associate,Roseville,Omar,6/27/2026,15:23,18:24,1:05,3:01,
"Ramirez, Javier",JR6,Sales Associate,Roseville,Omar,6/28/2026,10:40,14:47,,4:07,
"Ramirez, Javier",JR6,Sales Associate,Roseville,Omar,6/28/2026,15:22,19:08,0:35,3:46,
"Ramirez, Javier",JR6,Sales Associate,Roseville,Omar,6/29/2026,12:49,16:43,,3:54,
"Ramirez, Javier",JR6,Sales Associate,Roseville,Omar,6/29/2026,17:43,21:23,1:00,3:40,
"Ramirez, Javier",JR6,Sales Associate,Roseville,Omar,6/30/2026,12:47,14:11,,1:24,
"Ramirez, Javier",JR6,Sales Associate,Roseville,Omar,6/30/2026,14:27,16:21,0:16,2:04,
"Ramirez, Javier",JR6,Sales Associate,Roseville,Omar,6/30/2026,17:16,21:15,0:55,3:59,
"Repair, Pete'S",PA,Jewelry Technician,Stockton,Joyce,6/1/2026,11:00,15:16,,4:16,
"Repair, Pete'S",PA,Jewelry Technician,Stockton,Joyce,6/1/2026,16:15,19:10,0:59,2:55,
"Repair, Pete'S",PA,Jewelry Technician,Stockton,Joyce,6/3/2026,10:59,15:02,,4:03,
"Repair, Pete'S",PA,Jewelry Technician,Stockton,Joyce,6/3/2026,16:02,19:00,1:00,2:58,
"Repair, Pete'S",PA,Jewelry Technician,Stockton,Joyce,6/5/2026,10:59,15:03,,4:04,
"Repair, Pete'S",PA,Jewelry Technician,Stockton,Joyce,6/5/2026,16:00,19:14,0:57,3:14,
"Repair, Pete'S",PA,Jewelry Technician,Stockton,Joyce,6/15/2026,11:01,15:23,,4:22,
"Repair, Pete'S",PA,Jewelry Technician,Stockton,Joyce,6/15/2026,15:53,19:01,0:30,3:08,
"Repair, Pete'S",PA,Jewelry Technician,Stockton,Joyce,6/16/2026,10:19,15:08,,4:49,
"Repair, Pete'S",PA,Jewelry Technician,Stockton,Joyce,6/16/2026,15:38,18:01,0:30,2:23,
"Repair, Pete'S",PA,Jewelry Technician,Stockton,Joyce,6/17/2026,10:59,15:01,,4:02,
"Repair, Pete'S",PA,Jewelry Technician,Stockton,Joyce,6/17/2026,15:58,19:06,0:57,3:08,
"Repair, Pete'S",PA,Jewelry Technician,Stockton,Joyce,6/19/2026,10:58,15:17,,4:19,
"Repair, Pete'S",PA,Jewelry Technician,Stockton,Joyce,6/19/2026,16:14,19:02,0:57,2:48,
"Repair, Pete'S",PA,Jewelry Technician,Stockton,Joyce,6/22/2026,10:59,15:32,,4:33,
"Repair, Pete'S",PA,Jewelry Technician,Stockton,Joyce,6/22/2026,16:29,19:06,0:57,2:37,
"Repair, Pete'S",PA,Jewelry Technician,Stockton,Joyce,6/24/2026,11:00,15:07,,4:07,
"Repair, Pete'S",PA,Jewelry Technician,Stockton,Joyce,6/24/2026,16:07,19:09,1:00,3:02,
"Repair, Pete'S",PA,Jewelry Technician,Stockton,Joyce,6/26/2026,10:58,15:07,,4:09,
"Repair, Pete'S",PA,Jewelry Technician,Stockton,Joyce,6/26/2026,16:06,19:05,0:59,2:59,
"Repair, Pete'S",PA,Jewelry Technician,Stockton,Joyce,6/29/2026,10:59,15:12,,4:13,
"Repair, Pete'S",PA,Jewelry Technician,Stockton,Joyce,6/29/2026,15:59,17:20,0:47,1:21,
"Reyes, Alexandra",AR5,Manager,VictorVille,Shaun,6/1/2026,9:09,12:26,,3:17,
"Reyes, Alexandra",AR5,Manager,VictorVille,Shaun,6/1/2026,12:40,13:56,0:14,1:26,
"Reyes, Alexandra",AR5,Manager,VictorVille,Shaun,6/1/2026,15:04,17:17,1:08,2:13,
"Reyes, Alexandra",AR5,Manager,VictorVille,Shaun,6/1/2026,17:49,20:35,0:32,2:46,
"Reyes, Alexandra",AR5,Manager,VictorVille,Shaun,6/2/2026,12:39,15:20,,2:41,
"Reyes, Alexandra",AR5,Manager,VictorVille,Shaun,6/2/2026,15:37,15:59,0:17,0:32,
"Reyes, Alexandra",AR5,Manager,VictorVille,Shaun,6/2/2026,16:30,21:11,0:31,4:41,
"Reyes, Alexandra",AR5,Manager,VictorVille,Shaun,6/3/2026,9:10,14:03,,4:53,
"Reyes, Alexandra",AR5,Manager,VictorVille,Shaun,6/3/2026,15:03,17:14,1:00,2:11,
"Reyes, Alexandra",AR5,Manager,VictorVille,Shaun,6/3/2026,17:37,20:12,0:23,2:45,
"Reyes, Alexandra",AR5,Manager,VictorVille,Shaun,6/5/2026,11:54,15:40,,3:46,
"Reyes, Alexandra",AR5,Manager,VictorVille,Shaun,6/5/2026,16:47,20:19,1:07,3:32,
"Reyes, Alexandra",AR5,Manager,VictorVille,Shaun,6/6/2026,11:01,15:54,,4:53,
"Reyes, Alexandra",AR5,Manager,VictorVille,Shaun,6/6/2026,16:54,20:09,1:00,3:15,
"Reyes, Alexandra",AR5,Manager,VictorVille,Shaun,6/7/2026,11:05,15:25,,4:20,
"Reyes, Alexandra",AR5,Manager,VictorVille,Shaun,6/7/2026,16:26,17:59,1:01,1:33,
"Reyes, Alexandra",AR5,Manager,VictorVille,Shaun,6/9/2026,9:02,13:43,,4:41,
"Reyes, Alexandra",AR5,Manager,VictorVille,Shaun,6/9/2026,14:56,20:34,1:13,5:38,
"Reyes, Alexandra",AR5,Manager,VictorVille,Shaun,6/10/2026,12:35,16:11,,3:36,
"Reyes, Alexandra",AR5,Manager,VictorVille,Shaun,6/10/2026,17:05,20:25,0:54,3:20,
"Reyes, Alexandra",AR5,Manager,VictorVille,Shaun,6/11/2026,9:06,11:27,,2:21,
"Reyes, Alexandra",AR5,Manager,VictorVille,Shaun,6/11/2026,11:41,12:57,0:14,1:26,
"Reyes, Alexandra",AR5,Manager,VictorVille,Shaun,6/11/2026,14:00,20:35,1:03,6:35,
"Reyes, Alexandra",AR5,Manager,VictorVille,Shaun,6/12/2026,9:00,10:43,,1:43,
"Reyes, Alexandra",AR5,Manager,VictorVille,Shaun,6/12/2026,10:53,13:45,0:10,3:02,
"Reyes, Alexandra",AR5,Manager,VictorVille,Shaun,6/12/2026,14:50,18:23,1:05,3:33,
"Reyes, Alexandra",AR5,Manager,VictorVille,Shaun,6/13/2026,10:46,13:12,,2:26,
"Reyes, Alexandra",AR5,Manager,VictorVille,Shaun,6/13/2026,14:21,18:37,1:09,4:16,
"Reyes, Alexandra",AR5,Manager,VictorVille,Shaun,6/13/2026,18:47,19:54,0:10,1:17,
"Reyes, Alexandra",AR5,Manager,VictorVille,Shaun,6/14/2026,10:07,14:00,,3:53,
"Reyes, Alexandra",AR5,Manager,VictorVille,Shaun,6/14/2026,15:04,17:30,1:04,2:26,
"Reyes, Alexandra",AR5,Manager,VictorVille,Shaun,6/14/2026,17:43,18:16,0:13,0:43,
"Reyes, Alexandra",AR5,Manager,VictorVille,Shaun,6/15/2026,12:04,15:41,,3:37,
"Reyes, Alexandra",AR5,Manager,VictorVille,Shaun,6/15/2026,15:55,16:39,0:14,0:54,
"Reyes, Alexandra",AR5,Manager,VictorVille,Shaun,6/15/2026,17:38,20:16,0:59,2:38,
"Reyes, Alexandra",AR5,Manager,VictorVille,Shaun,6/16/2026,9:00,13:54,,4:54,
"Reyes, Alexandra",AR5,Manager,VictorVille,Shaun,6/16/2026,14:55,20:00,1:01,5:05,
"Reyes, Alexandra",AR5,Manager,VictorVille,Shaun,6/17/2026,9:02,12:43,,3:41,
"Reyes, Alexandra",AR5,Manager,VictorVille,Shaun,6/17/2026,12:53,13:39,0:10,0:56,
"Reyes, Alexandra",AR5,Manager,VictorVille,Shaun,6/17/2026,14:36,20:13,0:57,5:37,
"Reyes, Alexandra",AR5,Manager,VictorVille,Shaun,6/19/2026,12:08,16:59,,4:51,
"Reyes, Alexandra",AR5,Manager,VictorVille,Shaun,6/19/2026,18:13,20:21,1:14,2:08,
"Reyes, Alexandra",AR5,Manager,VictorVille,Shaun,6/20/2026,11:08,12:44,,1:36,
"Reyes, Alexandra",AR5,Manager,VictorVille,Shaun,6/20/2026,12:58,14:40,0:14,1:52,
"Reyes, Alexandra",AR5,Manager,VictorVille,Shaun,6/20/2026,15:43,20:08,1:03,4:25,
"Reyes, Alexandra",AR5,Manager,VictorVille,Shaun,6/21/2026,11:33,16:12,,4:39,
"Reyes, Alexandra",AR5,Manager,VictorVille,Shaun,6/21/2026,16:59,17:56,0:47,0:57,
"Reyes, Alexandra",AR5,Manager,VictorVille,Shaun,6/23/2026,10:54,15:39,,4:45,
"Reyes, Alexandra",AR5,Manager,VictorVille,Shaun,6/23/2026,16:09,18:34,0:30,2:25,
"Reyes, Alexandra",AR5,Manager,VictorVille,Shaun,6/23/2026,18:44,20:10,0:10,1:36,
"Reyes, Alexandra",AR5,Manager,VictorVille,Shaun,6/24/2026,9:04,11:39,,2:35,
"Reyes, Alexandra",AR5,Manager,VictorVille,Shaun,6/24/2026,11:40,13:50,0:01,2:11,
"Reyes, Alexandra",AR5,Manager,VictorVille,Shaun,6/24/2026,14:49,17:23,0:59,2:34,
"Reyes, Alexandra",AR5,Manager,VictorVille,Shaun,6/24/2026,17:57,20:17,0:34,2:20,
"Reyes, Alexandra",AR5,Manager,VictorVille,Shaun,6/25/2026,9:00,13:59,,4:59,
"Reyes, Alexandra",AR5,Manager,VictorVille,Shaun,6/25/2026,15:02,16:58,1:03,1:56,
"Reyes, Alexandra",AR5,Manager,VictorVille,Shaun,6/25/2026,17:10,20:32,0:12,3:32,
"Reyes, Alexandra",AR5,Manager,VictorVille,Shaun,6/26/2026,13:28,16:14,,2:46,
"Reyes, Alexandra",AR5,Manager,VictorVille,Shaun,6/26/2026,17:13,20:23,0:59,3:10,
"Reyes, Alexandra",AR5,Manager,VictorVille,Shaun,6/27/2026,9:09,12:09,,3:00,
"Reyes, Alexandra",AR5,Manager,VictorVille,Shaun,6/27/2026,12:19,13:59,0:10,1:50,
"Reyes, Alexandra",AR5,Manager,VictorVille,Shaun,6/27/2026,14:59,18:35,1:00,3:36,
"Reyes, Alexandra",AR5,Manager,VictorVille,Shaun,6/27/2026,18:53,20:40,0:18,1:57,
"Reyes, Alexandra",AR5,Manager,VictorVille,Shaun,6/28/2026,10:10,13:38,,3:28,
"Reyes, Alexandra",AR5,Manager,VictorVille,Shaun,6/28/2026,14:43,18:45,1:05,4:02,
"Reyes, Alexandra",AR5,Manager,VictorVille,Shaun,6/30/2026,9:03,12:43,,3:40,
"Reyes, Alexandra",AR5,Manager,VictorVille,Shaun,6/30/2026,14:37,17:28,1:54,2:51,
"Reyes, Alexandra",AR5,Manager,VictorVille,Shaun,6/30/2026,17:34,20:07,0:06,2:39,
"Reyes, Mary Jane B",MR5,Sales Associate,Northridge,Jorge,6/1/2026,11:47,15:45,,3:58,
"Reyes, Mary Jane B",MR5,Sales Associate,Northridge,Jorge,6/1/2026,16:44,18:40,0:59,1:56,
"Reyes, Mary Jane B",MR5,Sales Associate,Northridge,Jorge,6/1/2026,18:51,20:10,0:11,1:29,
"Reyes, Mary Jane B",MR5,Sales Associate,Northridge,Jorge,6/4/2026,11:45,16:08,,4:23,
"Reyes, Mary Jane B",MR5,Sales Associate,Northridge,Jorge,6/4/2026,17:05,18:17,0:57,1:12,
"Reyes, Mary Jane B",MR5,Sales Associate,Northridge,Jorge,6/4/2026,18:27,20:53,0:10,2:36,
"Reyes, Mary Jane B",MR5,Sales Associate,Northridge,Jorge,6/5/2026,10:01,14:37,,4:36,
"Reyes, Mary Jane B",MR5,Sales Associate,Northridge,Jorge,6/5/2026,15:24,17:48,0:47,2:24,
"Reyes, Mary Jane B",MR5,Sales Associate,Northridge,Jorge,6/5/2026,18:18,19:05,0:30,0:47,
"Reyes, Mary Jane B",MR5,Sales Associate,Northridge,Jorge,6/5/2026,19:15,21:18,0:10,2:13,
"Reyes, Mary Jane B",MR5,Sales Associate,Northridge,Jorge,6/6/2026,12:29,16:23,,3:54,
"Reyes, Mary Jane B",MR5,Sales Associate,Northridge,Jorge,6/6/2026,17:23,19:35,1:00,2:12,
"Reyes, Mary Jane B",MR5,Sales Associate,Northridge,Jorge,6/6/2026,19:46,21:19,0:11,1:43,
"Reyes, Mary Jane B",MR5,Sales Associate,Northridge,Jorge,6/7/2026,10:17,13:49,,3:32,
"Reyes, Mary Jane B",MR5,Sales Associate,Northridge,Jorge,6/7/2026,14:51,17:39,1:02,2:48,
"Reyes, Mary Jane B",MR5,Sales Associate,Northridge,Jorge,6/7/2026,17:50,19:30,0:11,1:50,
"Reyes, Mary Jane B",MR5,Sales Associate,Northridge,Jorge,6/8/2026,10:00,14:01,,4:01,
"Reyes, Mary Jane B",MR5,Sales Associate,Northridge,Jorge,6/8/2026,15:01,17:21,1:00,2:20,
"Reyes, Mary Jane B",MR5,Sales Associate,Northridge,Jorge,6/8/2026,17:31,18:47,0:10,1:26,
"Reyes, Mary Jane B",MR5,Sales Associate,Northridge,Jorge,6/10/2026,11:47,16:28,,4:41,
"Reyes, Mary Jane B",MR5,Sales Associate,Northridge,Jorge,6/10/2026,17:28,18:56,1:00,1:28,
"Reyes, Mary Jane B",MR5,Sales Associate,Northridge,Jorge,6/10/2026,19:06,20:15,0:10,1:19,
"Reyes, Mary Jane B",MR5,Sales Associate,Northridge,Jorge,6/12/2026,12:31,16:22,,3:51,
"Reyes, Mary Jane B",MR5,Sales Associate,Northridge,Jorge,6/12/2026,17:17,19:13,0:55,1:56,
"Reyes, Mary Jane B",MR5,Sales Associate,Northridge,Jorge,6/12/2026,19:23,21:12,0:10,1:59,
"Reyes, Mary Jane B",MR5,Sales Associate,Northridge,Jorge,6/13/2026,10:00,14:04,,4:04,
"Reyes, Mary Jane B",MR5,Sales Associate,Northridge,Jorge,6/13/2026,15:03,17:54,0:59,2:51,
"Reyes, Mary Jane B",MR5,Sales Associate,Northridge,Jorge,6/13/2026,18:04,18:47,0:10,0:53,
"Reyes, Mary Jane B",MR5,Sales Associate,Northridge,Jorge,6/14/2026,10:15,12:02,,1:47,
"Reyes, Mary Jane B",MR5,Sales Associate,Northridge,Jorge,6/14/2026,12:17,13:49,0:15,1:42,
"Reyes, Mary Jane B",MR5,Sales Associate,Northridge,Jorge,6/14/2026,14:44,19:01,0:55,4:17,
"Reyes, Mary Jane B",MR5,Sales Associate,Northridge,Jorge,6/16/2026,10:00,14:31,,4:31,
"Reyes, Mary Jane B",MR5,Sales Associate,Northridge,Jorge,6/16/2026,15:12,18:13,0:41,3:01,
"Reyes, Mary Jane B",MR5,Sales Associate,Northridge,Jorge,6/16/2026,18:57,20:14,0:44,1:17,
"Reyes, Mary Jane B",MR5,Sales Associate,Northridge,Jorge,6/18/2026,12:32,15:10,,2:38,
"Reyes, Mary Jane B",MR5,Sales Associate,Northridge,Jorge,6/18/2026,16:11,18:20,1:01,2:09,
"Reyes, Mary Jane B",MR5,Sales Associate,Northridge,Jorge,6/18/2026,18:30,20:11,0:10,1:51,
"Reyes, Mary Jane B",MR5,Sales Associate,Northridge,Jorge,6/19/2026,12:35,15:51,,3:16,
"Reyes, Mary Jane B",MR5,Sales Associate,Northridge,Jorge,6/19/2026,16:52,18:51,1:01,1:59,
"Reyes, Mary Jane B",MR5,Sales Associate,Northridge,Jorge,6/19/2026,19:01,21:07,0:10,2:16,
"Reyes, Mary Jane B",MR5,Sales Associate,Northridge,Jorge,6/20/2026,12:30,20:30,,8:00,
"Reyes, Mary Jane B",MR5,Sales Associate,Northridge,Jorge,6/21/2026,10:16,13:47,,3:31,
"Reyes, Mary Jane B",MR5,Sales Associate,Northridge,Jorge,6/21/2026,14:48,16:42,1:01,1:54,
"Reyes, Mary Jane B",MR5,Sales Associate,Northridge,Jorge,6/21/2026,16:54,19:10,0:12,2:26,
"Reyes, Mary Jane B",MR5,Sales Associate,Northridge,Jorge,6/22/2026,10:00,13:46,,3:46,
"Reyes, Mary Jane B",MR5,Sales Associate,Northridge,Jorge,6/22/2026,14:46,16:27,1:00,1:41,
"Reyes, Mary Jane B",MR5,Sales Associate,Northridge,Jorge,6/22/2026,16:38,18:48,0:11,2:20,
"Reyes, Mary Jane B",MR5,Sales Associate,Northridge,Jorge,6/23/2026,12:29,16:05,,3:36,
"Reyes, Mary Jane B",MR5,Sales Associate,Northridge,Jorge,6/23/2026,17:04,18:32,0:59,1:28,
"Reyes, Mary Jane B",MR5,Sales Associate,Northridge,Jorge,6/23/2026,18:42,20:09,0:10,1:37,
"Reyes, Mary Jane B",MR5,Sales Associate,Northridge,Jorge,6/24/2026,10:00,13:11,,3:11,
"Reyes, Mary Jane B",MR5,Sales Associate,Northridge,Jorge,6/24/2026,13:53,17:17,0:42,3:24,
"Reyes, Mary Jane B",MR5,Sales Associate,Northridge,Jorge,6/24/2026,17:59,19:09,0:42,1:10,
"Reyes, Mary Jane B",MR5,Sales Associate,Northridge,Jorge,6/24/2026,19:18,20:15,0:09,1:06,
"Reyes, Mary Jane B",MR5,Sales Associate,Northridge,Jorge,6/27/2026,12:29,17:26,,4:57,
"Reyes, Mary Jane B",MR5,Sales Associate,Northridge,Jorge,6/27/2026,18:26,20:01,1:00,1:35,
"Reyes, Mary Jane B",MR5,Sales Associate,Northridge,Jorge,6/27/2026,20:11,21:06,0:10,1:05,
"Reyes, Mary Jane B",MR5,Sales Associate,Northridge,Jorge,6/28/2026,10:16,13:02,,2:46,
"Reyes, Mary Jane B",MR5,Sales Associate,Northridge,Jorge,6/28/2026,13:59,16:52,0:57,2:53,
"Reyes, Mary Jane B",MR5,Sales Associate,Northridge,Jorge,6/28/2026,17:03,18:00,0:11,1:07,
"Reyes, Mary Jane B",MR5,Sales Associate,Northridge,Jorge,6/29/2026,10:09,14:18,,4:09,
"Reyes, Mary Jane B",MR5,Sales Associate,Northridge,Jorge,6/29/2026,15:00,17:13,0:42,2:13,
"Reyes, Mary Jane B",MR5,Sales Associate,Northridge,Jorge,6/29/2026,17:44,20:14,0:31,2:30,
"Rodriguez, Carmen R",CR,Assistant Manager,Oakridge,Fahad,6/3/2026,9:04,13:59,,4:55,
"Rodriguez, Carmen R",CR,Assistant Manager,Oakridge,Fahad,6/3/2026,15:02,18:21,1:03,3:19,
"Rodriguez, Carmen R",CR,Assistant Manager,Oakridge,Fahad,6/4/2026,11:17,16:08,,4:51,
"Rodriguez, Carmen R",CR,Assistant Manager,Oakridge,Fahad,6/4/2026,16:58,19:33,0:50,2:35,
"Rodriguez, Carmen R",CR,Assistant Manager,Oakridge,Fahad,6/5/2026,9:23,13:56,,4:33,
"Rodriguez, Carmen R",CR,Assistant Manager,Oakridge,Fahad,6/5/2026,14:52,18:21,0:56,3:29,
"Rodriguez, Carmen R",CR,Assistant Manager,Oakridge,Fahad,6/6/2026,9:10,13:57,,4:47,
"Rodriguez, Carmen R",CR,Assistant Manager,Oakridge,Fahad,6/6/2026,14:53,17:42,0:56,2:49,
"Rodriguez, Carmen R",CR,Assistant Manager,Oakridge,Fahad,6/7/2026,10:11,14:41,,4:30,
"Rodriguez, Carmen R",CR,Assistant Manager,Oakridge,Fahad,6/7/2026,15:42,19:00,1:01,3:18,
"Rodriguez, Carmen R",CR,Assistant Manager,Oakridge,Fahad,6/10/2026,9:03,13:57,,4:54,
"Rodriguez, Carmen R",CR,Assistant Manager,Oakridge,Fahad,6/10/2026,14:58,18:01,1:01,3:03,
"Rodriguez, Carmen R",CR,Assistant Manager,Oakridge,Fahad,6/11/2026,11:11,15:53,,4:42,
"Rodriguez, Carmen R",CR,Assistant Manager,Oakridge,Fahad,6/11/2026,16:54,19:29,1:01,2:35,
"Rodriguez, Carmen R",CR,Assistant Manager,Oakridge,Fahad,6/12/2026,9:04,13:52,,4:48,
"Rodriguez, Carmen R",CR,Assistant Manager,Oakridge,Fahad,6/12/2026,14:57,17:32,1:05,2:35,
"Rodriguez, Carmen R",CR,Assistant Manager,Oakridge,Fahad,6/14/2026,10:04,13:56,,3:52,
"Rodriguez, Carmen R",CR,Assistant Manager,Oakridge,Fahad,6/14/2026,14:58,18:59,1:02,4:01,
"Rodriguez, Carmen R",CR,Assistant Manager,Oakridge,Fahad,6/17/2026,9:06,13:57,,4:51,
"Rodriguez, Carmen R",CR,Assistant Manager,Oakridge,Fahad,6/17/2026,15:04,18:04,1:07,3:00,
"Rodriguez, Carmen R",CR,Assistant Manager,Oakridge,Fahad,6/18/2026,11:28,16:25,,4:57,
"Rodriguez, Carmen R",CR,Assistant Manager,Oakridge,Fahad,6/18/2026,17:27,20:10,1:02,2:43,
"Rodriguez, Carmen R",CR,Assistant Manager,Oakridge,Fahad,6/19/2026,9:06,13:58,,4:52,
"Rodriguez, Carmen R",CR,Assistant Manager,Oakridge,Fahad,6/19/2026,15:01,17:29,1:03,2:28,
"Rodriguez, Carmen R",CR,Assistant Manager,Oakridge,Fahad,6/20/2026,9:06,13:51,,4:45,
"Rodriguez, Carmen R",CR,Assistant Manager,Oakridge,Fahad,6/20/2026,14:59,17:38,1:08,2:39,
"Rodriguez, Carmen R",CR,Assistant Manager,Oakridge,Fahad,6/21/2026,10:06,14:58,,4:52,
"Rodriguez, Carmen R",CR,Assistant Manager,Oakridge,Fahad,6/21/2026,15:58,19:36,1:00,3:38,
"Rodriguez, Carmen R",CR,Assistant Manager,Oakridge,Fahad,6/24/2026,9:11,13:57,,4:46,
"Rodriguez, Carmen R",CR,Assistant Manager,Oakridge,Fahad,6/24/2026,15:02,18:00,1:05,2:58,
"Rodriguez, Carmen R",CR,Assistant Manager,Oakridge,Fahad,6/25/2026,11:37,16:19,,4:42,
"Rodriguez, Carmen R",CR,Assistant Manager,Oakridge,Fahad,6/25/2026,17:25,20:03,1:06,2:38,
"Rodriguez, Carmen R",CR,Assistant Manager,Oakridge,Fahad,6/26/2026,9:14,13:55,,4:41,
"Rodriguez, Carmen R",CR,Assistant Manager,Oakridge,Fahad,6/26/2026,14:56,17:32,1:01,2:36,
"Rodriguez, Carmen R",CR,Assistant Manager,Oakridge,Fahad,6/27/2026,9:14,13:55,,4:41,
"Rodriguez, Carmen R",CR,Assistant Manager,Oakridge,Fahad,6/27/2026,14:55,17:32,1:00,2:37,
"Rodriguez, Carmen R",CR,Assistant Manager,Oakridge,Fahad,6/28/2026,10:02,14:17,,4:15,
"Rodriguez, Carmen R",CR,Assistant Manager,Oakridge,Fahad,6/28/2026,15:27,19:04,1:10,3:37,
"Rosales-Gutierrez, Steven A",SG1,Manager,Culver City,Shaun,6/1/2026,12:45,15:52,,3:07,
"Rosales-Gutierrez, Steven A",SG1,Manager,Culver City,Shaun,6/1/2026,16:02,16:32,0:10,0:40,
"Rosales-Gutierrez, Steven A",SG1,Manager,Culver City,Shaun,6/1/2026,17:33,21:01,1:01,3:28,
"Rosales-Gutierrez, Steven A",SG1,Manager,Culver City,Shaun,6/2/2026,9:08,12:01,,2:53,
"Rosales-Gutierrez, Steven A",SG1,Manager,Culver City,Shaun,6/2/2026,12:20,14:02,0:19,1:52,
"Rosales-Gutierrez, Steven A",SG1,Manager,Culver City,Shaun,6/2/2026,15:00,17:50,0:58,2:50,
"Rosales-Gutierrez, Steven A",SG1,Manager,Culver City,Shaun,6/2/2026,19:49,21:04,1:59,1:15,
"Rosales-Gutierrez, Steven A",SG1,Manager,Culver City,Shaun,6/4/2026,13:03,15:46,,2:43,
"Rosales-Gutierrez, Steven A",SG1,Manager,Culver City,Shaun,6/4/2026,16:47,17:58,1:01,1:11,
"Rosales-Gutierrez, Steven A",SG1,Manager,Culver City,Shaun,6/4/2026,18:12,20:16,0:14,2:14,
"Rosales-Gutierrez, Steven A",SG1,Manager,Culver City,Shaun,6/4/2026,20:27,21:25,0:11,1:08,
"Rosales-Gutierrez, Steven A",SG1,Manager,Culver City,Shaun,6/5/2026,9:38,12:31,,2:53,
"Rosales-Gutierrez, Steven A",SG1,Manager,Culver City,Shaun,6/5/2026,12:50,14:08,0:19,1:28,
"Rosales-Gutierrez, Steven A",SG1,Manager,Culver City,Shaun,6/5/2026,15:10,19:31,1:02,4:21,
"Rosales-Gutierrez, Steven A",SG1,Manager,Culver City,Shaun,6/6/2026,11:33,16:27,,4:54,
"Rosales-Gutierrez, Steven A",SG1,Manager,Culver City,Shaun,6/6/2026,17:32,19:30,1:05,1:58,
"Rosales-Gutierrez, Steven A",SG1,Manager,Culver City,Shaun,6/6/2026,19:40,20:37,0:10,1:07,
"Rosales-Gutierrez, Steven A",SG1,Manager,Culver City,Shaun,6/7/2026,10:03,13:26,,3:23,
"Rosales-Gutierrez, Steven A",SG1,Manager,Culver City,Shaun,6/7/2026,13:37,14:59,0:11,1:32,
"Rosales-Gutierrez, Steven A",SG1,Manager,Culver City,Shaun,6/7/2026,15:59,18:09,1:00,2:10,
"Rosales-Gutierrez, Steven A",SG1,Manager,Culver City,Shaun,6/7/2026,18:20,18:54,0:11,0:44,
"Rosales-Gutierrez, Steven A",SG1,Manager,Culver City,Shaun,6/8/2026,9:06,13:59,,4:53,
"Rosales-Gutierrez, Steven A",SG1,Manager,Culver City,Shaun,6/8/2026,14:52,16:55,0:53,2:03,
"Rosales-Gutierrez, Steven A",SG1,Manager,Culver City,Shaun,6/9/2026,14:36,16:54,,2:18,
"Rosales-Gutierrez, Steven A",SG1,Manager,Culver City,Shaun,6/9/2026,17:03,17:37,0:09,0:43,
"Rosales-Gutierrez, Steven A",SG1,Manager,Culver City,Shaun,6/9/2026,18:17,21:02,0:40,2:45,
"Rosales-Gutierrez, Steven A",SG1,Manager,Culver City,Shaun,6/10/2026,13:07,15:00,,1:53,
"Rosales-Gutierrez, Steven A",SG1,Manager,Culver City,Shaun,6/10/2026,16:01,19:06,1:01,3:05,
"Rosales-Gutierrez, Steven A",SG1,Manager,Culver City,Shaun,6/10/2026,19:16,21:08,0:10,2:02,
"Rosales-Gutierrez, Steven A",SG1,Manager,Culver City,Shaun,6/12/2026,9:03,13:31,,4:28,
"Rosales-Gutierrez, Steven A",SG1,Manager,Culver City,Shaun,6/12/2026,13:42,13:57,0:11,0:25,
"Rosales-Gutierrez, Steven A",SG1,Manager,Culver City,Shaun,6/12/2026,14:57,21:24,1:00,6:27,
"Rosales-Gutierrez, Steven A",SG1,Manager,Culver City,Shaun,6/13/2026,12:13,15:32,,3:19,
"Rosales-Gutierrez, Steven A",SG1,Manager,Culver City,Shaun,6/13/2026,16:37,21:00,1:05,4:23,
"Rosales-Gutierrez, Steven A",SG1,Manager,Culver City,Shaun,6/14/2026,10:02,13:23,,3:21,
"Rosales-Gutierrez, Steven A",SG1,Manager,Culver City,Shaun,6/14/2026,14:24,18:20,1:01,3:56,
"Rosales-Gutierrez, Steven A",SG1,Manager,Culver City,Shaun,6/14/2026,18:31,18:51,0:11,0:30,
"Rosales-Gutierrez, Steven A",SG1,Manager,Culver City,Shaun,6/17/2026,9:03,12:38,,3:35,
"Rosales-Gutierrez, Steven A",SG1,Manager,Culver City,Shaun,6/17/2026,12:41,13:59,0:03,1:21,
"Rosales-Gutierrez, Steven A",SG1,Manager,Culver City,Shaun,6/17/2026,14:59,17:53,1:00,2:54,
"Rosales-Gutierrez, Steven A",SG1,Manager,Culver City,Shaun,6/17/2026,18:05,21:07,0:12,3:12,
"Rosales-Gutierrez, Steven A",SG1,Manager,Culver City,Shaun,6/18/2026,11:57,16:11,,4:14,
"Rosales-Gutierrez, Steven A",SG1,Manager,Culver City,Shaun,6/18/2026,17:22,19:07,1:11,1:45,
"Rosales-Gutierrez, Steven A",SG1,Manager,Culver City,Shaun,6/18/2026,19:22,21:03,0:15,1:51,
"Rosales-Gutierrez, Steven A",SG1,Manager,Culver City,Shaun,6/19/2026,9:03,13:08,,4:05,
"Rosales-Gutierrez, Steven A",SG1,Manager,Culver City,Shaun,6/19/2026,14:10,18:15,1:02,4:05,
"Rosales-Gutierrez, Steven A",SG1,Manager,Culver City,Shaun,6/19/2026,18:47,20:49,0:32,2:02,
"Rosales-Gutierrez, Steven A",SG1,Manager,Culver City,Shaun,6/20/2026,9:09,14:01,,4:52,
"Rosales-Gutierrez, Steven A",SG1,Manager,Culver City,Shaun,6/20/2026,14:59,18:17,0:58,3:18,
"Rosales-Gutierrez, Steven A",SG1,Manager,Culver City,Shaun,6/20/2026,18:36,19:58,0:19,1:32,
"Rosales-Gutierrez, Steven A",SG1,Manager,Culver City,Shaun,6/21/2026,10:10,14:58,,4:48,
"Rosales-Gutierrez, Steven A",SG1,Manager,Culver City,Shaun,6/21/2026,15:59,19:14,1:01,3:15,
"Rosales-Gutierrez, Steven A",SG1,Manager,Culver City,Shaun,6/21/2026,19:26,20:00,0:12,0:44,
"Rosales-Gutierrez, Steven A",SG1,Manager,Culver City,Shaun,6/22/2026,9:10,10:37,,1:27,
"Rosales-Gutierrez, Steven A",SG1,Manager,Culver City,Shaun,6/22/2026,10:56,13:43,0:19,2:57,
"Rosales-Gutierrez, Steven A",SG1,Manager,Culver City,Shaun,6/22/2026,14:42,17:09,0:59,2:27,
"Rosales-Gutierrez, Steven A",SG1,Manager,Culver City,Shaun,6/23/2026,12:34,15:34,,3:00,
"Rosales-Gutierrez, Steven A",SG1,Manager,Culver City,Shaun,6/23/2026,15:45,16:01,0:11,0:26,
"Rosales-Gutierrez, Steven A",SG1,Manager,Culver City,Shaun,6/23/2026,16:58,18:50,0:57,1:52,
"Rosales-Gutierrez, Steven A",SG1,Manager,Culver City,Shaun,6/23/2026,18:58,21:09,0:08,2:19,
"Rosales-Gutierrez, Steven A",SG1,Manager,Culver City,Shaun,6/24/2026,12:41,15:54,,3:13,
"Rosales-Gutierrez, Steven A",SG1,Manager,Culver City,Shaun,6/24/2026,16:05,16:21,0:11,0:26,
"Rosales-Gutierrez, Steven A",SG1,Manager,Culver City,Shaun,6/24/2026,17:23,20:21,1:02,2:58,
"Rosales-Gutierrez, Steven A",SG1,Manager,Culver City,Shaun,6/24/2026,20:31,21:11,0:10,0:50,
"Rosales-Gutierrez, Steven A",SG1,Manager,Culver City,Shaun,6/26/2026,9:10,11:39,,2:29,
"Rosales-Gutierrez, Steven A",SG1,Manager,Culver City,Shaun,6/26/2026,11:51,14:09,0:12,2:28,
"Rosales-Gutierrez, Steven A",SG1,Manager,Culver City,Shaun,6/26/2026,15:13,21:17,1:04,6:04,
"Rosales-Gutierrez, Steven A",SG1,Manager,Culver City,Shaun,6/27/2026,12:55,17:06,,4:11,
"Rosales-Gutierrez, Steven A",SG1,Manager,Culver City,Shaun,6/27/2026,18:01,21:01,0:55,3:00,
"Rosales-Gutierrez, Steven A",SG1,Manager,Culver City,Shaun,6/28/2026,10:06,12:58,,2:52,
"Rosales-Gutierrez, Steven A",SG1,Manager,Culver City,Shaun,6/28/2026,13:11,14:19,0:13,1:18,
"Rosales-Gutierrez, Steven A",SG1,Manager,Culver City,Shaun,6/28/2026,15:24,19:08,1:05,3:44,
"Rosales-Gutierrez, Steven A",SG1,Manager,Culver City,Shaun,6/29/2026,12:09,16:08,,3:59,
"Rosales-Gutierrez, Steven A",SG1,Manager,Culver City,Shaun,6/29/2026,17:11,21:07,1:03,3:56,
"Rosales-Gutierrez, Steven A",SG1,Manager,Culver City,Shaun,6/30/2026,12:03,15:55,,3:52,
"Rosales-Gutierrez, Steven A",SG1,Manager,Culver City,Shaun,6/30/2026,16:55,17:55,1:00,1:00,
"Rosales-Gutierrez, Steven A",SG1,Manager,Culver City,Shaun,6/30/2026,18:09,20:03,0:14,2:04,
"Rosales-Gutierrez, Steven A",SG1,Manager,Culver City,Shaun,6/30/2026,20:10,21:01,0:07,0:58,
"Salameh, Issa",IJ1,Manager,Inland,Shaun,6/1/2026,12:02,16:08,,4:06,
"Salameh, Issa",IJ1,Manager,Inland,Shaun,6/1/2026,16:47,17:59,0:39,1:12,
"Salameh, Issa",IJ1,Manager,Inland,Shaun,6/1/2026,18:35,19:25,0:36,0:50,
"Salameh, Issa",IJ1,Manager,Inland,Shaun,6/3/2026,8:51,13:48,,4:57,
"Salameh, Issa",IJ1,Manager,Inland,Shaun,6/3/2026,14:25,20:00,0:37,5:35,
"Salameh, Issa",IJ1,Manager,Inland,Shaun,6/5/2026,10:45,14:58,,4:13,
"Salameh, Issa",IJ1,Manager,Inland,Shaun,6/5/2026,15:42,20:16,0:44,4:34,
"Salameh, Issa",IJ1,Manager,Inland,Shaun,6/6/2026,10:35,14:54,,4:19,
"Salameh, Issa",IJ1,Manager,Inland,Shaun,6/6/2026,15:40,19:36,0:46,3:56,
"Salameh, Issa",IJ1,Manager,Inland,Shaun,6/7/2026,10:52,15:09,,4:17,
"Salameh, Issa",IJ1,Manager,Inland,Shaun,6/7/2026,16:05,18:38,0:56,2:33,
"Salameh, Issa",IJ1,Manager,Inland,Shaun,6/8/2026,11:16,15:08,,3:52,
"Salameh, Issa",IJ1,Manager,Inland,Shaun,6/8/2026,15:40,19:38,0:32,3:58,
"Salameh, Issa",IJ1,Manager,Inland,Shaun,6/9/2026,9:15,13:53,,4:38,
"Salameh, Issa",IJ1,Manager,Inland,Shaun,6/9/2026,14:28,20:36,0:35,6:08,
"Salameh, Issa",IJ1,Manager,Inland,Shaun,6/10/2026,12:21,15:47,,3:26,
"Salameh, Issa",IJ1,Manager,Inland,Shaun,6/10/2026,16:18,20:07,0:31,3:49,
"Salameh, Issa",IJ1,Manager,Inland,Shaun,6/12/2026,11:00,19:00,,8:00,
"Salameh, Issa",IJ1,Manager,Inland,Shaun,6/14/2026,11:12,14:55,,3:43,
"Salameh, Issa",IJ1,Manager,Inland,Shaun,6/14/2026,15:54,18:43,0:59,2:49,
"Salameh, Issa",IJ1,Manager,Inland,Shaun,6/15/2026,9:16,13:07,,3:51,
"Salameh, Issa",IJ1,Manager,Inland,Shaun,6/15/2026,13:47,19:07,0:40,5:20,
"Salameh, Issa",IJ1,Manager,Inland,Shaun,6/16/2026,8:58,12:58,,4:00,
"Salameh, Issa",IJ1,Manager,Inland,Shaun,6/16/2026,13:38,20:26,0:40,6:48,
"Salameh, Issa",IJ1,Manager,Inland,Shaun,6/17/2026,11:44,15:37,,3:53,
"Salameh, Issa",IJ1,Manager,Inland,Shaun,6/17/2026,16:16,19:14,0:39,2:58,
"Salameh, Issa",IJ1,Manager,Inland,Shaun,6/19/2026,11:12,15:17,,4:05,
"Salameh, Issa",IJ1,Manager,Inland,Shaun,6/19/2026,15:47,19:31,0:30,3:44,
"Salameh, Issa",IJ1,Manager,Inland,Shaun,6/20/2026,10:32,15:04,,4:32,
"Salameh, Issa",IJ1,Manager,Inland,Shaun,6/20/2026,15:34,19:25,0:30,3:51,
"Salameh, Issa",IJ1,Manager,Inland,Shaun,6/21/2026,10:47,15:02,,4:15,
"Salameh, Issa",IJ1,Manager,Inland,Shaun,6/21/2026,15:59,18:31,0:57,2:32,
"Salameh, Issa",IJ1,Manager,Inland,Shaun,6/22/2026,10:37,14:59,,4:22,
"Salameh, Issa",IJ1,Manager,Inland,Shaun,6/22/2026,15:50,19:48,0:51,3:58,
"Salameh, Issa",IJ1,Manager,Inland,Shaun,6/24/2026,8:57,12:45,,3:48,
"Salameh, Issa",IJ1,Manager,Inland,Shaun,6/24/2026,13:27,20:01,0:42,6:34,
"Salameh, Issa",IJ1,Manager,Inland,Shaun,6/25/2026,10:12,15:07,,4:55,
"Salameh, Issa",IJ1,Manager,Inland,Shaun,6/25/2026,15:37,20:23,0:30,4:46,
"Salameh, Issa",IJ1,Manager,Inland,Shaun,6/26/2026,10:50,15:23,,4:33,
"Salameh, Issa",IJ1,Manager,Inland,Shaun,6/26/2026,15:59,19:22,0:36,3:23,
"Salameh, Issa",IJ1,Manager,Inland,Shaun,6/27/2026,10:25,14:59,,4:34,
"Salameh, Issa",IJ1,Manager,Inland,Shaun,6/27/2026,15:49,19:03,0:50,3:14,
"Salameh, Issa",IJ1,Manager,Inland,Shaun,6/28/2026,11:06,15:48,,4:42,
"Salameh, Issa",IJ1,Manager,Inland,Shaun,6/28/2026,16:22,18:25,0:34,2:03,
"Salameh, Issa",IJ1,Manager,Inland,Shaun,6/30/2026,8:59,13:49,,4:50,
"Salameh, Issa",IJ1,Manager,Inland,Shaun,6/30/2026,14:32,20:08,0:43,5:36,
"Samararathnage, Lalith G",LS1,Corporate Leader,Salinas,Cynthia,6/1/2026,11:32,15:40,,4:08,
"Samararathnage, Lalith G",LS1,Corporate Leader,Salinas,Cynthia,6/1/2026,16:44,18:09,1:04,1:25,
"Samararathnage, Lalith G",LS1,Corporate Leader,Salinas,Cynthia,6/1/2026,18:22,20:06,0:13,1:44,
"Samararathnage, Lalith G",LS1,Corporate Leader,Salinas,Cynthia,6/3/2026,11:32,16:24,,4:52,
"Samararathnage, Lalith G",LS1,Corporate Leader,Salinas,Cynthia,6/3/2026,17:20,20:13,0:56,2:53,
"Samararathnage, Lalith G",LS1,Corporate Leader,Salinas,Cynthia,6/4/2026,10:30,14:24,,3:54,
"Samararathnage, Lalith G",LS1,Corporate Leader,Salinas,Cynthia,6/4/2026,15:26,19:16,1:02,3:50,
"Samararathnage, Lalith G",LS1,Corporate Leader,Salinas,Cynthia,6/4/2026,19:27,20:06,0:11,0:39,
"Samararathnage, Lalith G",LS1,Corporate Leader,Salinas,Cynthia,6/5/2026,12:30,16:30,,4:00,
"Samararathnage, Lalith G",LS1,Corporate Leader,Salinas,Cynthia,6/5/2026,17:30,19:07,1:00,1:37,
"Samararathnage, Lalith G",LS1,Corporate Leader,Salinas,Cynthia,6/5/2026,19:18,21:02,0:11,1:44,
"Samararathnage, Lalith G",LS1,Corporate Leader,Salinas,Cynthia,6/6/2026,11:02,15:42,,4:40,
"Samararathnage, Lalith G",LS1,Corporate Leader,Salinas,Cynthia,6/6/2026,16:46,19:05,1:04,2:19,
"Samararathnage, Lalith G",LS1,Corporate Leader,Salinas,Cynthia,6/6/2026,19:19,20:17,0:14,0:58,
"Samararathnage, Lalith G",LS1,Corporate Leader,Salinas,Cynthia,6/6/2026,20:26,20:54,0:09,0:28,
"Samararathnage, Lalith G",LS1,Corporate Leader,Salinas,Cynthia,6/7/2026,11:04,15:18,,4:14,
"Samararathnage, Lalith G",LS1,Corporate Leader,Salinas,Cynthia,6/7/2026,15:57,18:38,0:39,2:41,
"Samararathnage, Lalith G",LS1,Corporate Leader,Salinas,Cynthia,6/7/2026,18:51,20:01,0:13,1:10,
"Samararathnage, Lalith G",LS1,Corporate Leader,Salinas,Cynthia,6/8/2026,11:32,15:35,,4:03,
"Samararathnage, Lalith G",LS1,Corporate Leader,Salinas,Cynthia,6/8/2026,16:38,18:58,1:03,2:20,
"Samararathnage, Lalith G",LS1,Corporate Leader,Salinas,Cynthia,6/8/2026,19:06,20:31,0:08,1:25,
"Samararathnage, Lalith G",LS1,Corporate Leader,Salinas,Cynthia,6/10/2026,10:30,13:19,,2:49,
"Samararathnage, Lalith G",LS1,Corporate Leader,Salinas,Cynthia,6/10/2026,14:20,17:37,1:01,3:17,
"Samararathnage, Lalith G",LS1,Corporate Leader,Salinas,Cynthia,6/10/2026,17:48,18:58,0:11,1:10,
"Samararathnage, Lalith G",LS1,Corporate Leader,Salinas,Cynthia,6/10/2026,19:12,19:51,0:14,0:39,
"Samararathnage, Lalith G",LS1,Corporate Leader,Salinas,Cynthia,6/11/2026,10:32,14:27,,3:55,
"Samararathnage, Lalith G",LS1,Corporate Leader,Salinas,Cynthia,6/11/2026,15:31,17:07,1:04,1:36,
"Samararathnage, Lalith G",LS1,Corporate Leader,Salinas,Cynthia,6/11/2026,17:22,18:51,0:15,1:29,
"Samararathnage, Lalith G",LS1,Corporate Leader,Salinas,Cynthia,6/11/2026,19:04,20:10,0:13,1:06,
"Samararathnage, Lalith G",LS1,Corporate Leader,Salinas,Cynthia,6/12/2026,12:37,16:10,,3:33,
"Samararathnage, Lalith G",LS1,Corporate Leader,Salinas,Cynthia,6/12/2026,17:11,19:05,1:01,1:54,
"Samararathnage, Lalith G",LS1,Corporate Leader,Salinas,Cynthia,6/12/2026,19:18,21:03,0:13,1:45,
"Samararathnage, Lalith G",LS1,Corporate Leader,Salinas,Cynthia,6/13/2026,11:30,15:29,,3:59,
"Samararathnage, Lalith G",LS1,Corporate Leader,Salinas,Cynthia,6/13/2026,16:31,17:55,1:02,1:24,
"Samararathnage, Lalith G",LS1,Corporate Leader,Salinas,Cynthia,6/13/2026,18:11,20:10,0:16,1:59,
"Samararathnage, Lalith G",LS1,Corporate Leader,Salinas,Cynthia,6/13/2026,20:23,20:54,0:13,0:31,
"Samararathnage, Lalith G",LS1,Corporate Leader,Salinas,Cynthia,6/14/2026,11:03,15:51,,4:48,
"Samararathnage, Lalith G",LS1,Corporate Leader,Salinas,Cynthia,6/14/2026,16:49,18:21,0:58,1:32,
"Samararathnage, Lalith G",LS1,Corporate Leader,Salinas,Cynthia,6/14/2026,18:34,19:58,0:13,1:24,
"Samararathnage, Lalith G",LS1,Corporate Leader,Salinas,Cynthia,6/17/2026,10:30,14:32,,4:02,
"Samararathnage, Lalith G",LS1,Corporate Leader,Salinas,Cynthia,6/17/2026,15:35,18:15,1:03,2:40,
"Samararathnage, Lalith G",LS1,Corporate Leader,Salinas,Cynthia,6/17/2026,18:29,19:54,0:14,1:25,
"Samararathnage, Lalith G",LS1,Corporate Leader,Salinas,Cynthia,6/18/2026,10:30,13:30,,3:00,
"Samararathnage, Lalith G",LS1,Corporate Leader,Salinas,Cynthia,6/18/2026,14:32,17:48,1:02,3:16,
"Samararathnage, Lalith G",LS1,Corporate Leader,Salinas,Cynthia,6/18/2026,18:02,19:09,0:14,1:07,
"Samararathnage, Lalith G",LS1,Corporate Leader,Salinas,Cynthia,6/18/2026,19:23,20:09,0:14,0:46,
"Samararathnage, Lalith G",LS1,Corporate Leader,Salinas,Cynthia,6/19/2026,12:31,16:04,,3:33,
"Samararathnage, Lalith G",LS1,Corporate Leader,Salinas,Cynthia,6/19/2026,17:05,19:14,1:01,2:09,
"Samararathnage, Lalith G",LS1,Corporate Leader,Salinas,Cynthia,6/19/2026,19:29,20:54,0:15,1:25,
"Samararathnage, Lalith G",LS1,Corporate Leader,Salinas,Cynthia,6/20/2026,12:01,15:38,,3:37,
"Samararathnage, Lalith G",LS1,Corporate Leader,Salinas,Cynthia,6/20/2026,16:41,18:39,1:03,1:58,
"Samararathnage, Lalith G",LS1,Corporate Leader,Salinas,Cynthia,6/20/2026,18:53,20:06,0:14,1:13,
"Samararathnage, Lalith G",LS1,Corporate Leader,Salinas,Cynthia,6/20/2026,20:21,20:45,0:15,0:24,
"Samararathnage, Lalith G",LS1,Corporate Leader,Salinas,Cynthia,6/21/2026,11:30,15:33,,4:03,
"Samararathnage, Lalith G",LS1,Corporate Leader,Salinas,Cynthia,6/21/2026,16:27,18:29,0:54,2:02,
"Samararathnage, Lalith G",LS1,Corporate Leader,Salinas,Cynthia,6/21/2026,18:44,19:31,0:15,0:47,
"Samararathnage, Lalith G",LS1,Corporate Leader,Salinas,Cynthia,6/23/2026,11:31,15:14,,3:43,
"Samararathnage, Lalith G",LS1,Corporate Leader,Salinas,Cynthia,6/23/2026,16:18,18:16,1:04,1:58,
"Samararathnage, Lalith G",LS1,Corporate Leader,Salinas,Cynthia,6/23/2026,18:31,20:06,0:15,1:35,
"Samararathnage, Lalith G",LS1,Corporate Leader,Salinas,Cynthia,6/24/2026,10:35,15:09,,4:34,
"Samararathnage, Lalith G",LS1,Corporate Leader,Salinas,Cynthia,6/24/2026,15:57,18:02,0:48,2:05,
"Samararathnage, Lalith G",LS1,Corporate Leader,Salinas,Cynthia,6/24/2026,18:16,20:02,0:14,1:46,
"Samararathnage, Lalith G",LS1,Corporate Leader,Salinas,Cynthia,6/25/2026,11:33,15:32,,3:59,
"Samararathnage, Lalith G",LS1,Corporate Leader,Salinas,Cynthia,6/25/2026,16:35,18:20,1:03,1:45,
"Samararathnage, Lalith G",LS1,Corporate Leader,Salinas,Cynthia,6/25/2026,18:33,20:02,0:13,1:29,
"Samararathnage, Lalith G",LS1,Corporate Leader,Salinas,Cynthia,6/26/2026,12:47,16:00,,3:13,
"Samararathnage, Lalith G",LS1,Corporate Leader,Salinas,Cynthia,6/26/2026,17:02,19:00,1:02,1:58,
"Samararathnage, Lalith G",LS1,Corporate Leader,Salinas,Cynthia,6/26/2026,19:15,20:15,0:15,1:00,
"Samararathnage, Lalith G",LS1,Corporate Leader,Salinas,Cynthia,6/26/2026,20:26,21:04,0:11,0:38,
"Samararathnage, Lalith G",LS1,Corporate Leader,Salinas,Cynthia,6/27/2026,11:34,15:06,,3:32,
"Samararathnage, Lalith G",LS1,Corporate Leader,Salinas,Cynthia,6/27/2026,16:10,18:48,1:04,2:38,
"Samararathnage, Lalith G",LS1,Corporate Leader,Salinas,Cynthia,6/27/2026,19:05,21:04,0:17,1:59,
"Samararathnage, Lalith G",LS1,Corporate Leader,Salinas,Cynthia,6/28/2026,11:32,16:11,,4:39,
"Samararathnage, Lalith G",LS1,Corporate Leader,Salinas,Cynthia,6/28/2026,17:11,18:29,1:00,1:18,
"Samararathnage, Lalith G",LS1,Corporate Leader,Salinas,Cynthia,6/28/2026,18:43,19:29,0:14,0:46,
"Samararathnage, Lalith G",LS1,Corporate Leader,Salinas,Cynthia,6/30/2026,11:34,15:30,,3:56,
"Samararathnage, Lalith G",LS1,Corporate Leader,Salinas,Cynthia,6/30/2026,16:33,17:41,1:03,1:08,
"Samararathnage, Lalith G",LS1,Corporate Leader,Salinas,Cynthia,6/30/2026,17:54,19:58,0:13,2:04,
"Sanchez Rojas, Elbardo",ER1,Sales Associate,Bakersfield,Robert,6/3/2026,9:09,12:01,,2:52,
"Sanchez Rojas, Elbardo",ER1,Sales Associate,Bakersfield,Robert,6/3/2026,12:59,16:59,0:58,4:00,
"Sanchez Rojas, Elbardo",ER1,Sales Associate,Bakersfield,Robert,6/4/2026,12:06,15:53,,3:47,
"Sanchez Rojas, Elbardo",ER1,Sales Associate,Bakersfield,Robert,6/4/2026,16:55,19:52,1:02,2:57,
"Sanchez Rojas, Elbardo",ER1,Sales Associate,Bakersfield,Robert,6/5/2026,9:09,13:09,,4:00,
"Sanchez Rojas, Elbardo",ER1,Sales Associate,Bakersfield,Robert,6/5/2026,14:10,17:33,1:01,3:23,
"Sanchez Rojas, Elbardo",ER1,Sales Associate,Bakersfield,Robert,6/6/2026,13:07,17:04,,3:57,
"Sanchez Rojas, Elbardo",ER1,Sales Associate,Bakersfield,Robert,6/6/2026,18:02,18:42,0:58,0:40,
"Sanchez Rojas, Elbardo",ER1,Sales Associate,Bakersfield,Robert,6/6/2026,18:51,20:55,0:09,2:13,
"Sanchez Rojas, Elbardo",ER1,Sales Associate,Bakersfield,Robert,6/7/2026,11:08,15:07,,3:59,
"Sanchez Rojas, Elbardo",ER1,Sales Associate,Bakersfield,Robert,6/7/2026,15:37,15:49,0:30,0:12,
"Sanchez Rojas, Elbardo",ER1,Sales Associate,Bakersfield,Robert,6/7/2026,15:58,18:01,0:09,2:12,
"Sanchez Rojas, Elbardo",ER1,Sales Associate,Bakersfield,Robert,6/10/2026,12:08,15:59,,3:51,
"Sanchez Rojas, Elbardo",ER1,Sales Associate,Bakersfield,Robert,6/10/2026,16:59,19:58,1:00,2:59,
"Sanchez Rojas, Elbardo",ER1,Sales Associate,Bakersfield,Robert,6/11/2026,12:10,16:02,,3:52,
"Sanchez Rojas, Elbardo",ER1,Sales Associate,Bakersfield,Robert,6/11/2026,17:00,20:14,0:58,3:14,
"Sanchez Rojas, Elbardo",ER1,Sales Associate,Bakersfield,Robert,6/12/2026,9:10,13:56,,4:46,
"Sanchez Rojas, Elbardo",ER1,Sales Associate,Bakersfield,Robert,6/12/2026,14:57,16:59,1:01,2:02,
"Sanchez Rojas, Elbardo",ER1,Sales Associate,Bakersfield,Robert,6/13/2026,9:09,13:54,,4:45,
"Sanchez Rojas, Elbardo",ER1,Sales Associate,Bakersfield,Robert,6/13/2026,14:57,16:58,1:03,2:01,
"Sanchez Rojas, Elbardo",ER1,Sales Associate,Bakersfield,Robert,6/14/2026,11:06,14:30,,3:24,
"Sanchez Rojas, Elbardo",ER1,Sales Associate,Bakersfield,Robert,6/14/2026,15:00,17:56,0:30,2:56,
"Sanchez Rojas, Elbardo",ER1,Sales Associate,Bakersfield,Robert,6/15/2026,12:08,16:28,,4:20,
"Sanchez Rojas, Elbardo",ER1,Sales Associate,Bakersfield,Robert,6/15/2026,17:29,19:57,1:01,2:28,
"Sanchez Rojas, Elbardo",ER1,Sales Associate,Bakersfield,Robert,6/16/2026,12:03,15:43,,3:40,
"Sanchez Rojas, Elbardo",ER1,Sales Associate,Bakersfield,Robert,6/16/2026,16:39,19:57,0:56,3:18,
"Sanchez Rojas, Elbardo",ER1,Sales Associate,Bakersfield,Robert,6/18/2026,12:04,15:58,,3:54,
"Sanchez Rojas, Elbardo",ER1,Sales Associate,Bakersfield,Robert,6/18/2026,16:57,20:17,0:59,3:20,
"Sanchez Rojas, Elbardo",ER1,Sales Associate,Bakersfield,Robert,6/19/2026,9:08,13:56,,4:48,
"Sanchez Rojas, Elbardo",ER1,Sales Associate,Bakersfield,Robert,6/19/2026,14:55,17:01,0:59,2:06,
"Sanchez Rojas, Elbardo",ER1,Sales Associate,Bakersfield,Robert,6/21/2026,11:08,14:28,,3:20,
"Sanchez Rojas, Elbardo",ER1,Sales Associate,Bakersfield,Robert,6/21/2026,14:58,18:02,0:30,3:04,
"Sanchez Rojas, Elbardo",ER1,Sales Associate,Bakersfield,Robert,6/22/2026,12:08,15:46,,3:38,
"Sanchez Rojas, Elbardo",ER1,Sales Associate,Bakersfield,Robert,6/22/2026,16:48,19:56,1:02,3:08,
"Sanchez Rojas, Elbardo",ER1,Sales Associate,Bakersfield,Robert,6/24/2026,9:08,12:29,,3:21,
"Sanchez Rojas, Elbardo",ER1,Sales Associate,Bakersfield,Robert,6/24/2026,13:30,16:58,1:01,3:28,
"Sanchez Rojas, Elbardo",ER1,Sales Associate,Bakersfield,Robert,6/25/2026,12:05,15:50,,3:45,
"Sanchez Rojas, Elbardo",ER1,Sales Associate,Bakersfield,Robert,6/25/2026,16:53,18:12,1:03,1:19,
"Sanchez Rojas, Elbardo",ER1,Sales Associate,Bakersfield,Robert,6/25/2026,18:24,19:59,0:12,1:45,
"Sanchez Rojas, Elbardo",ER1,Sales Associate,Bakersfield,Robert,6/27/2026,13:08,17:29,,4:21,
"Sanchez Rojas, Elbardo",ER1,Sales Associate,Bakersfield,Robert,6/27/2026,18:31,20:51,1:02,2:20,
"Sanchez Rojas, Elbardo",ER1,Sales Associate,Bakersfield,Robert,6/28/2026,11:10,15:37,,4:27,
"Sanchez Rojas, Elbardo",ER1,Sales Associate,Bakersfield,Robert,6/28/2026,16:11,17:54,0:34,1:43,
"Sanchez, Dayana",JV2,Sales Associate,Serramonte,Maria,6/2/2026,9:37,12:04,,2:27,
"Sanchez, Dayana",JV2,Sales Associate,Serramonte,Maria,6/6/2026,12:28,17:22,,4:54,
"Sanchez, Dayana",JV2,Sales Associate,Serramonte,Maria,6/6/2026,18:23,21:24,1:01,3:01,
"Sanchez, Dayana",JV2,Sales Associate,Serramonte,Maria,6/7/2026,12:26,14:28,,2:02,
"Sanchez, Dayana",JV2,Sales Associate,Serramonte,Maria,6/7/2026,14:41,17:24,0:13,2:53,
"Sanchez, Dayana",JV2,Sales Associate,Serramonte,Maria,6/7/2026,17:54,19:32,0:30,1:38,
"Sanchez, Dayana",JV2,Sales Associate,Serramonte,Maria,6/9/2026,9:34,13:00,,3:26,
"Sanchez, Dayana",JV2,Sales Associate,Serramonte,Maria,6/9/2026,13:33,16:38,0:33,3:05,
"Sanchez, Dayana",JV2,Sales Associate,Serramonte,Maria,6/13/2026,12:39,17:32,,4:53,
"Sanchez, Dayana",JV2,Sales Associate,Serramonte,Maria,6/13/2026,18:36,21:41,1:04,3:05,
"Sanchez, Dayana",JV2,Sales Associate,Serramonte,Maria,6/14/2026,10:41,14:50,,4:09,
"Sanchez, Dayana",JV2,Sales Associate,Serramonte,Maria,6/14/2026,15:24,18:02,0:34,2:38,
"Sanchez, Teresa A",TS1,Office,Admin,Office,6/1/2026,10:43,12:55,,2:12,
"Sanchez, Teresa A",TS1,Office,Admin,Office,6/1/2026,12:59,13:03,0:04,0:08,
"Sanchez, Teresa A",TS1,Office,Admin,Office,6/1/2026,14:14,20:21,1:11,6:07,
"Sanchez, Teresa A",TS1,Office,Admin,Office,6/1/2026,20:37,22:15,0:16,1:48,
"Sanchez, Teresa A",TS1,Office,Admin,Office,6/2/2026,9:31,11:14,,1:43,
"Sanchez, Teresa A",TS1,Office,Admin,Office,6/2/2026,11:24,14:12,0:10,2:58,
"Sanchez, Teresa A",TS1,Office,Admin,Office,6/2/2026,15:19,17:36,1:07,2:17,
"Sanchez, Teresa A",TS1,Office,Admin,Office,6/2/2026,17:51,19:53,0:15,2:12,
"Sanchez, Teresa A",TS1,Office,Admin,Office,6/2/2026,20:19,22:05,0:26,1:46,
"Sanchez, Teresa A",TS1,Office,Admin,Office,6/3/2026,10:36,11:35,,0:59,
"Sanchez, Teresa A",TS1,Office,Admin,Office,6/3/2026,11:38,14:59,0:03,3:24,
"Sanchez, Teresa A",TS1,Office,Admin,Office,6/3/2026,16:00,20:01,1:01,4:01,
"Sanchez, Teresa A",TS1,Office,Admin,Office,6/3/2026,20:09,21:01,0:08,1:00,
"Sanchez, Teresa A",TS1,Office,Admin,Office,6/4/2026,9:33,11:00,,1:27,
"Sanchez, Teresa A",TS1,Office,Admin,Office,6/4/2026,11:03,14:19,0:03,3:19,
"Sanchez, Teresa A",TS1,Office,Admin,Office,6/4/2026,15:22,15:40,1:03,0:18,
"Sanchez, Teresa A",TS1,Office,Admin,Office,6/4/2026,15:56,21:02,0:16,5:06,
"Sanchez, Teresa A",TS1,Office,Admin,Office,6/4/2026,22:19,23:00,1:17,0:41,
"Sanchez, Teresa A",TS1,Office,Admin,Office,6/5/2026,10:12,12:19,,2:07,
"Sanchez, Teresa A",TS1,Office,Admin,Office,6/5/2026,12:33,13:22,0:14,0:59,
"Sanchez, Teresa A",TS1,Office,Admin,Office,6/5/2026,14:23,19:00,1:01,4:37,
"Sanchez, Teresa A",TS1,Office,Admin,Office,6/5/2026,19:40,20:20,0:40,0:40,
"Sanchez, Teresa A",TS1,Office,Admin,Office,6/5/2026,20:41,22:46,0:21,2:15,
"Sanchez, Teresa A",TS1,Office,Admin,Office,6/9/2026,11:05,14:29,,3:24,
"Sanchez, Teresa A",TS1,Office,Admin,Office,6/9/2026,15:40,19:58,1:11,4:18,
"Sanchez, Teresa A",TS1,Office,Admin,Office,6/10/2026,10:43,14:09,,3:26,
"Sanchez, Teresa A",TS1,Office,Admin,Office,6/10/2026,15:11,19:49,1:02,4:38,
"Sanchez, Teresa A",TS1,Office,Admin,Office,6/11/2026,11:17,15:00,,3:43,
"Sanchez, Teresa A",TS1,Office,Admin,Office,6/11/2026,16:00,17:50,1:00,1:50,
"Sanchez, Teresa A",TS1,Office,Admin,Office,6/11/2026,17:58,19:47,0:08,1:57,
"Sanchez, Teresa A",TS1,Office,Admin,Office,6/12/2026,10:12,11:55,,1:43,
"Sanchez, Teresa A",TS1,Office,Admin,Office,6/12/2026,11:57,14:21,0:02,2:26,
"Sanchez, Teresa A",TS1,Office,Admin,Office,6/12/2026,15:26,20:47,1:05,5:21,
"Sanchez, Teresa A",TS1,Office,Admin,Office,6/12/2026,20:57,22:04,0:10,1:17,
"Sanchez, Teresa A",TS1,Office,Admin,Office,6/15/2026,10:05,11:40,,1:35,
"Sanchez, Teresa A",TS1,Office,Admin,Office,6/15/2026,11:43,14:56,0:03,3:16,
"Sanchez, Teresa A",TS1,Office,Admin,Office,6/15/2026,16:04,21:15,1:08,5:11,
"Sanchez, Teresa A",TS1,Office,Admin,Office,6/15/2026,21:47,22:28,0:32,0:41,
"Sanchez, Teresa A",TS1,Office,Admin,Office,6/16/2026,11:06,12:15,,1:09,
"Sanchez, Teresa A",TS1,Office,Admin,Office,6/16/2026,12:20,15:22,0:05,3:02,
"Sanchez, Teresa A",TS1,Office,Admin,Office,6/16/2026,16:18,21:37,0:56,5:19,
"Sanchez, Teresa A",TS1,Office,Admin,Office,6/16/2026,21:48,22:28,0:11,0:50,
"Sanchez, Teresa A",TS1,Office,Admin,Office,6/17/2026,10:25,11:12,,0:47,
"Sanchez, Teresa A",TS1,Office,Admin,Office,6/17/2026,11:27,15:24,0:15,3:57,
"Sanchez, Teresa A",TS1,Office,Admin,Office,6/17/2026,16:26,20:00,1:02,3:34,
"Sanchez, Teresa A",TS1,Office,Admin,Office,6/17/2026,20:35,20:55,0:35,0:20,
"Sanchez, Teresa A",TS1,Office,Admin,Office,6/17/2026,21:26,22:15,0:31,0:49,
"Sanchez, Teresa A",TS1,Office,Admin,Office,6/18/2026,10:45,11:40,,0:55,
"Sanchez, Teresa A",TS1,Office,Admin,Office,6/18/2026,11:43,14:47,0:03,3:07,
"Sanchez, Teresa A",TS1,Office,Admin,Office,6/18/2026,15:40,20:16,0:53,4:36,
"Sanchez, Teresa A",TS1,Office,Admin,Office,6/18/2026,20:20,21:41,0:04,1:25,
"Sanchez, Teresa A",TS1,Office,Admin,Office,6/19/2026,10:01,11:29,,1:28,
"Sanchez, Teresa A",TS1,Office,Admin,Office,6/19/2026,11:36,13:04,0:07,1:35,
"Sanchez, Teresa A",TS1,Office,Admin,Office,6/19/2026,14:06,20:48,1:02,6:42,
"Sanchez, Teresa A",TS1,Office,Admin,Office,6/22/2026,9:45,14:37,,4:52,
"Sanchez, Teresa A",TS1,Office,Admin,Office,6/22/2026,15:37,20:55,1:00,5:18,
"Sanchez, Teresa A",TS1,Office,Admin,Office,6/22/2026,21:16,22:21,0:21,1:15,
"Sanchez, Teresa A",TS1,Office,Admin,Office,6/23/2026,10:34,14:30,,3:56,
"Sanchez, Teresa A",TS1,Office,Admin,Office,6/23/2026,15:00,18:28,0:30,3:28,
"Sanchez, Teresa A",TS1,Office,Admin,Office,6/26/2026,5:45,9:00,,3:15,
"Sanchez, Teresa A",TS1,Office,Admin,Office,6/26/2026,10:00,15:45,1:00,5:45,
"Sanchez, Teresa A",TS1,Office,Admin,Office,6/26/2026,17:30,18:16,1:45,0:46,
"Sanchez, Teresa A",TS1,Office,Admin,Office,6/27/2026,10:00,14:30,,4:30,
"Sanchez, Teresa A",TS1,Office,Admin,Office,6/27/2026,15:30,20:00,1:00,4:30,
"Sanchez, Teresa A",TS1,Office,Admin,Office,6/28/2026,11:02,14:00,,2:58,
"Sanchez, Teresa A",TS1,Office,Admin,Office,6/28/2026,14:30,22:24,0:30,7:54,
"Sanchez, Teresa A",TS1,Office,Admin,Office,6/29/2026,15:45,18:00,,2:15,
"Sanchez, Teresa A",TS1,Office,Admin,Office,6/29/2026,18:30,22:33,0:30,4:03,
"Sanchez, Teresa A",TS1,Office,Admin,Office,6/30/2026,11:33,15:00,,3:27,
"Sanchez, Teresa A",TS1,Office,Admin,Office,6/30/2026,16:00,20:30,1:00,4:30,
"Sekhon, Jason",JS1,Sales Associate,Fresno,Lourdes,6/3/2026,10:57,15:49,,4:52,
"Sekhon, Jason",JS1,Sales Associate,Fresno,Lourdes,6/3/2026,16:59,18:48,1:10,1:49,
"Sekhon, Jason",JS1,Sales Associate,Fresno,Lourdes,6/3/2026,18:58,20:00,0:10,1:12,
"Sekhon, Jason",JS1,Sales Associate,Fresno,Lourdes,6/4/2026,9:50,14:48,,4:58,
"Sekhon, Jason",JS1,Sales Associate,Fresno,Lourdes,6/4/2026,15:53,20:01,1:05,4:08,
"Sekhon, Jason",JS1,Sales Associate,Fresno,Lourdes,6/5/2026,10:05,14:11,,4:06,
"Sekhon, Jason",JS1,Sales Associate,Fresno,Lourdes,6/5/2026,15:21,20:08,1:10,4:47,
"Sekhon, Jason",JS1,Sales Associate,Fresno,Lourdes,6/6/2026,9:56,14:54,,4:58,
"Sekhon, Jason",JS1,Sales Associate,Fresno,Lourdes,6/6/2026,16:12,20:13,1:18,4:01,
"Sekhon, Jason",JS1,Sales Associate,Fresno,Lourdes,6/7/2026,11:05,15:09,,4:04,
"Sekhon, Jason",JS1,Sales Associate,Fresno,Lourdes,6/7/2026,16:15,19:37,1:06,3:22,
"Sekhon, Jason",JS1,Sales Associate,Fresno,Lourdes,6/10/2026,10:10,15:07,,4:57,
"Sekhon, Jason",JS1,Sales Associate,Fresno,Lourdes,6/10/2026,16:36,18:07,1:29,1:31,
"Sekhon, Jason",JS1,Sales Associate,Fresno,Lourdes,6/10/2026,18:15,20:06,0:08,1:59,
"Sekhon, Jason",JS1,Sales Associate,Fresno,Lourdes,6/11/2026,10:10,14:38,,4:28,
"Sekhon, Jason",JS1,Sales Associate,Fresno,Lourdes,6/11/2026,15:52,20:01,1:14,4:09,
"Sekhon, Jason",JS1,Sales Associate,Fresno,Lourdes,6/12/2026,10:08,13:36,,3:28,
"Sekhon, Jason",JS1,Sales Associate,Fresno,Lourdes,6/12/2026,14:54,20:03,1:18,5:09,
"Sekhon, Jason",JS1,Sales Associate,Fresno,Lourdes,6/13/2026,10:10,14:06,,3:56,
"Sekhon, Jason",JS1,Sales Associate,Fresno,Lourdes,6/13/2026,15:19,20:24,1:13,5:05,
"Sekhon, Jason",JS1,Sales Associate,Fresno,Lourdes,6/14/2026,11:29,14:53,,3:24,
"Sekhon, Jason",JS1,Sales Associate,Fresno,Lourdes,6/14/2026,15:13,16:09,0:20,1:06,
"Sekhon, Jason",JS1,Sales Associate,Fresno,Lourdes,6/14/2026,17:10,19:03,1:01,1:53,
"Sekhon, Jason",JS1,Sales Associate,Fresno,Lourdes,6/17/2026,10:11,14:45,,4:34,
"Sekhon, Jason",JS1,Sales Associate,Fresno,Lourdes,6/17/2026,16:03,20:03,1:18,4:00,
"Sekhon, Jason",JS1,Sales Associate,Fresno,Lourdes,6/18/2026,10:28,15:06,,4:38,
"Sekhon, Jason",JS1,Sales Associate,Fresno,Lourdes,6/18/2026,16:22,20:09,1:16,3:47,
"Sekhon, Jason",JS1,Sales Associate,Fresno,Lourdes,6/19/2026,10:22,15:20,,4:58,
"Sekhon, Jason",JS1,Sales Associate,Fresno,Lourdes,6/19/2026,16:27,20:05,1:07,3:38,
"Sekhon, Jason",JS1,Sales Associate,Fresno,Lourdes,6/20/2026,10:21,14:53,,4:32,
"Sekhon, Jason",JS1,Sales Associate,Fresno,Lourdes,6/20/2026,16:11,20:48,1:18,4:37,
"Sekhon, Jason",JS1,Sales Associate,Fresno,Lourdes,6/21/2026,11:15,13:18,,2:03,
"Sekhon, Jason",JS1,Sales Associate,Fresno,Lourdes,6/21/2026,14:38,19:16,1:20,4:38,
"Sekhon, Jason",JS1,Sales Associate,Fresno,Lourdes,6/24/2026,10:20,14:59,,4:39,
"Sekhon, Jason",JS1,Sales Associate,Fresno,Lourdes,6/24/2026,16:17,20:13,1:18,3:56,
"Sekhon, Jason",JS1,Sales Associate,Fresno,Lourdes,6/25/2026,10:15,15:11,,4:56,
"Sekhon, Jason",JS1,Sales Associate,Fresno,Lourdes,6/25/2026,16:29,20:02,1:18,3:33,
"Sekhon, Jason",JS1,Sales Associate,Fresno,Lourdes,6/26/2026,10:30,14:38,,4:08,
"Sekhon, Jason",JS1,Sales Associate,Fresno,Lourdes,6/26/2026,15:57,19:56,1:19,3:59,
"Sekhon, Jason",JS1,Sales Associate,Fresno,Lourdes,6/27/2026,12:02,14:38,,2:36,
"Sekhon, Jason",JS1,Sales Associate,Fresno,Lourdes,6/27/2026,15:43,20:08,1:05,4:25,
"Sekhon, Jason",JS1,Sales Associate,Fresno,Lourdes,6/28/2026,11:59,12:59,,1:00,
"Shah, Janvi Atul",,,,,6/1/2026,12:07,14:02,,1:55,
"Shah, Janvi Atul",,,,,6/1/2026,15:15,19:01,1:13,3:46,
"Shah, Janvi Atul",,,,,6/2/2026,11:49,16:03,,4:14,
"Shah, Janvi Atul",,,,,6/2/2026,16:41,19:00,0:38,2:19,
"Shah, Janvi Atul",,,,,6/3/2026,12:08,13:29,,1:21,
"Shah, Janvi Atul",,,,,6/3/2026,14:04,18:58,0:35,4:54,
"Shah, Janvi Atul",,,,,6/4/2026,12:13,15:16,,3:03,
"Shah, Janvi Atul",,,,,6/4/2026,15:51,18:57,0:35,3:06,
"Shah, Janvi Atul",,,,,6/5/2026,11:28,14:07,,2:39,
"Shah, Janvi Atul",,,,,6/5/2026,14:17,16:02,0:10,1:55,
"Shah, Janvi Atul",,,,,6/5/2026,17:07,19:12,1:05,2:05,
"Shah, Janvi Atul",,,,,6/8/2026,12:15,14:16,,2:01,
"Shah, Janvi Atul",,,,,6/8/2026,15:24,19:04,1:08,3:40,
"Shah, Janvi Atul",,,,,6/9/2026,11:43,15:36,,3:53,
"Shah, Janvi Atul",,,,,6/9/2026,15:43,16:27,0:07,0:51,
"Shah, Janvi Atul",,,,,6/9/2026,17:05,19:00,0:38,1:55,
"Shah, Janvi Atul",,,,,6/10/2026,12:26,15:16,,2:50,
"Shah, Janvi Atul",,,,,6/10/2026,15:30,15:37,0:14,0:17,
"Shah, Janvi Atul",,,,,6/10/2026,17:06,19:04,1:29,1:58,
"Shah, Janvi Atul",,,,,6/11/2026,12:11,15:07,,2:56,
"Shah, Janvi Atul",,,,,6/11/2026,15:38,19:05,0:31,3:27,
"Shah, Janvi Atul",,,,,6/12/2026,12:59,16:52,,3:53,
"Shah, Janvi Atul",,,,,6/12/2026,17:26,19:17,0:34,1:51,
"Shah, Janvi Atul",,,,,6/15/2026,12:08,15:20,,3:12,
"Shah, Janvi Atul",,,,,6/15/2026,15:30,16:47,0:10,1:27,
"Shah, Janvi Atul",,,,,6/15/2026,17:23,19:03,0:36,1:40,
"Shah, Janvi Atul",,,,,6/16/2026,11:43,14:51,,3:08,
"Shah, Janvi Atul",,,,,6/16/2026,15:03,16:42,0:12,1:49,
"Shah, Janvi Atul",,,,,6/16/2026,17:18,18:54,0:36,1:36,
"Shah, Janvi Atul",,,,,6/17/2026,12:32,14:52,,2:20,
"Shah, Janvi Atul",,,,,6/17/2026,15:04,16:49,0:12,1:55,
"Shah, Janvi Atul",,,,,6/17/2026,17:27,19:07,0:38,1:40,
"Shah, Janvi Atul",,,,,6/18/2026,12:06,14:58,,2:52,
"Shah, Janvi Atul",,,,,6/18/2026,16:09,19:12,1:11,3:03,
"Shah, Janvi Atul",,,,,6/19/2026,10:54,15:05,,4:11,
"Shah, Janvi Atul",,,,,6/19/2026,16:09,19:13,1:04,3:04,
"Shah, Janvi Atul",,,,,6/20/2026,9:57,14:47,,4:50,
"Shah, Janvi Atul",,,,,6/22/2026,12:07,13:59,,1:52,
"Shah, Janvi Atul",,,,,6/22/2026,15:09,19:07,1:10,3:58,
"Shah, Janvi Atul",,,,,6/23/2026,10:07,12:06,,1:59,
"Shah, Janvi Atul",,,,,6/23/2026,12:36,17:29,0:30,4:53,
"Shah, Janvi Atul",,,,,6/24/2026,11:50,16:24,,4:34,
"Shah, Janvi Atul",,,,,6/24/2026,17:03,20:07,0:39,3:04,
"Shah, Janvi Atul",,,,,6/25/2026,13:09,16:56,,3:47,
"Shah, Janvi Atul",,,,,6/25/2026,17:31,19:30,0:35,1:59,
"Shah, Janvi Atul",,,,,6/26/2026,11:04,12:08,,1:04,
"Shah, Janvi Atul",,,,,6/26/2026,12:15,15:42,0:07,3:34,
"Shah, Janvi Atul",,,,,6/26/2026,16:45,19:04,1:03,2:19,
"Shah, Janvi Atul",,,,,6/29/2026,12:16,14:44,,2:28,
"Shah, Janvi Atul",,,,,6/29/2026,15:53,18:56,1:09,3:03,
"Shah, Janvi Atul",,,,,6/30/2026,11:41,15:27,,3:46,
"Shah, Janvi Atul",,,,,6/30/2026,15:42,16:08,0:15,0:36,
"Shah, Janvi Atul",,,,,6/30/2026,16:43,19:11,0:35,2:28,
"Shehryar, Hussain",HS2,Sales Associate,Bakersfield,Robert,6/1/2026,9:14,12:02,,2:48,
"Shehryar, Hussain",HS2,Sales Associate,Bakersfield,Robert,6/1/2026,13:05,20:02,1:03,6:57,
"Shehryar, Hussain",HS2,Sales Associate,Bakersfield,Robert,6/2/2026,9:13,12:08,,2:55,
"Shehryar, Hussain",HS2,Sales Associate,Bakersfield,Robert,6/2/2026,13:12,18:04,1:04,4:52,
"Shehryar, Hussain",HS2,Sales Associate,Bakersfield,Robert,6/4/2026,9:09,13:08,,3:59,
"Shehryar, Hussain",HS2,Sales Associate,Bakersfield,Robert,6/4/2026,14:01,19:53,0:53,5:52,
"Shehryar, Hussain",HS2,Sales Associate,Bakersfield,Robert,6/5/2026,9:09,12:53,,3:44,
"Shehryar, Hussain",HS2,Sales Associate,Bakersfield,Robert,6/5/2026,13:30,14:49,0:37,1:19,
"Shehryar, Hussain",HS2,Sales Associate,Bakersfield,Robert,6/5/2026,16:55,20:21,,3:26,
"Shehryar, Hussain",HS2,Sales Associate,Bakersfield,Robert,6/6/2026,9:09,12:13,,3:04,
"Shehryar, Hussain",HS2,Sales Associate,Bakersfield,Robert,6/6/2026,13:20,19:52,1:07,6:32,
"Shehryar, Hussain",HS2,Sales Associate,Bakersfield,Robert,6/7/2026,12:05,17:00,,4:55,
"Shehryar, Hussain",HS2,Sales Associate,Bakersfield,Robert,6/7/2026,17:31,18:01,0:31,0:30,
"Shehryar, Hussain",HS2,Sales Associate,Bakersfield,Robert,6/8/2026,9:07,12:31,,3:24,
"Shehryar, Hussain",HS2,Sales Associate,Bakersfield,Robert,6/8/2026,13:06,17:40,0:35,4:34,
"Shehryar, Hussain",HS2,Sales Associate,Bakersfield,Robert,6/8/2026,18:10,20:26,0:30,2:16,
"Shehryar, Hussain",HS2,Sales Associate,Bakersfield,Robert,6/9/2026,9:07,12:00,,2:53,
"Shehryar, Hussain",HS2,Sales Associate,Bakersfield,Robert,6/9/2026,13:04,19:53,1:04,6:49,
"Shehryar, Hussain",HS2,Sales Associate,Bakersfield,Robert,6/11/2026,9:00,12:16,,3:16,
"Shehryar, Hussain",HS2,Sales Associate,Bakersfield,Robert,6/11/2026,13:28,20:14,1:12,6:46,
"Shehryar, Hussain",HS2,Sales Associate,Bakersfield,Robert,6/12/2026,9:00,12:52,,3:52,
"Shehryar, Hussain",HS2,Sales Associate,Bakersfield,Robert,6/12/2026,13:55,20:03,1:03,6:08,
"Shehryar, Hussain",HS2,Sales Associate,Bakersfield,Robert,6/13/2026,9:09,13:07,,3:58,
"Shehryar, Hussain",HS2,Sales Associate,Bakersfield,Robert,6/13/2026,14:10,19:56,1:03,5:46,
"Shehryar, Hussain",HS2,Sales Associate,Bakersfield,Robert,6/14/2026,12:07,15:57,,3:50,
"Shehryar, Hussain",HS2,Sales Associate,Bakersfield,Robert,6/14/2026,16:27,18:15,0:30,1:48,
"Shehryar, Hussain",HS2,Sales Associate,Bakersfield,Robert,6/16/2026,9:07,12:35,,3:28,
"Shehryar, Hussain",HS2,Sales Associate,Bakersfield,Robert,6/16/2026,13:40,19:56,1:05,6:16,
"Shehryar, Hussain",HS2,Sales Associate,Bakersfield,Robert,6/17/2026,9:06,12:23,,3:17,
"Shehryar, Hussain",HS2,Sales Associate,Bakersfield,Robert,6/17/2026,13:25,19:56,1:02,6:31,
"Shehryar, Hussain",HS2,Sales Associate,Bakersfield,Robert,6/18/2026,9:08,11:58,,2:50,
"Shehryar, Hussain",HS2,Sales Associate,Bakersfield,Robert,6/18/2026,13:02,20:25,1:04,7:23,
"Shehryar, Hussain",HS2,Sales Associate,Bakersfield,Robert,6/19/2026,9:08,12:48,,3:40,
"Shehryar, Hussain",HS2,Sales Associate,Bakersfield,Robert,6/19/2026,13:50,20:01,1:02,6:11,
"Shehryar, Hussain",HS2,Sales Associate,Bakersfield,Robert,6/20/2026,9:08,10:26,,1:18,
"Shehryar, Hussain",HS2,Sales Associate,Bakersfield,Robert,6/20/2026,10:41,14:03,0:15,3:32,
"Shehryar, Hussain",HS2,Sales Associate,Bakersfield,Robert,6/20/2026,15:11,20:03,1:08,4:52,
"Shehryar, Hussain",HS2,Sales Associate,Bakersfield,Robert,6/21/2026,12:08,15:30,,3:22,
"Shehryar, Hussain",HS2,Sales Associate,Bakersfield,Robert,6/21/2026,16:05,18:01,0:35,1:56,
"Shehryar, Hussain",HS2,Sales Associate,Bakersfield,Robert,6/22/2026,9:08,12:08,,3:00,
"Shehryar, Hussain",HS2,Sales Associate,Bakersfield,Robert,6/22/2026,13:22,19:56,1:14,6:34,
"Shehryar, Hussain",HS2,Sales Associate,Bakersfield,Robert,6/23/2026,9:09,13:14,,4:05,
"Shehryar, Hussain",HS2,Sales Associate,Bakersfield,Robert,6/23/2026,13:49,14:00,0:35,0:11,
"Shehryar, Hussain",HS2,Sales Associate,Bakersfield,Robert,6/23/2026,14:34,20:03,0:34,5:29,
"Shehryar, Hussain",HS2,Sales Associate,Bakersfield,Robert,6/26/2026,9:07,12:40,,3:33,
"Shehryar, Hussain",HS2,Sales Associate,Bakersfield,Robert,6/26/2026,13:48,20:52,1:08,7:04,
"Shehryar, Hussain",HS2,Sales Associate,Bakersfield,Robert,6/27/2026,9:08,13:01,,3:53,
"Shehryar, Hussain",HS2,Sales Associate,Bakersfield,Robert,6/27/2026,14:03,19:55,1:02,5:52,
"Shehryar, Hussain",HS2,Sales Associate,Bakersfield,Robert,6/28/2026,12:09,16:11,,4:02,
"Shehryar, Hussain",HS2,Sales Associate,Bakersfield,Robert,6/28/2026,16:46,17:54,0:35,1:08,
"Shehryar, Hussain",HS2,Sales Associate,Bakersfield,Robert,6/29/2026,9:09,12:00,,2:51,
"Shehryar, Hussain",HS2,Sales Associate,Bakersfield,Robert,6/29/2026,13:04,20:01,1:04,6:57,
"Shehryar, Hussain",HS2,Sales Associate,Bakersfield,Robert,6/30/2026,9:09,12:30,,3:21,
"Shehryar, Hussain",HS2,Sales Associate,Bakersfield,Robert,6/30/2026,13:39,19:54,1:09,6:15,
"Shipp, John P",JS3,Jewelry Technician,Salinas,Cynthia,6/1/2026,12:43,15:25,,2:42,
"Shipp, John P",JS3,Jewelry Technician,Salinas,Cynthia,6/1/2026,15:58,19:29,0:33,3:31,
"Shipp, John P",JS3,Jewelry Technician,Salinas,Cynthia,6/3/2026,12:46,14:41,,1:55,
"Shipp, John P",JS3,Jewelry Technician,Salinas,Cynthia,6/3/2026,15:18,19:45,0:37,4:27,
"Shipp, John P",JS3,Jewelry Technician,Salinas,Cynthia,6/4/2026,12:19,15:02,,2:43,
"Shipp, John P",JS3,Jewelry Technician,Salinas,Cynthia,6/4/2026,15:38,19:24,0:36,3:46,
"Shipp, John P",JS3,Jewelry Technician,Salinas,Cynthia,6/5/2026,12:44,15:26,,2:42,
"Shipp, John P",JS3,Jewelry Technician,Salinas,Cynthia,6/5/2026,15:56,19:52,0:30,3:56,
"Shipp, John P",JS3,Jewelry Technician,Salinas,Cynthia,6/6/2026,12:33,14:52,,2:19,
"Shipp, John P",JS3,Jewelry Technician,Salinas,Cynthia,6/6/2026,15:46,20:06,0:54,4:20,
"Shipp, John P",JS3,Jewelry Technician,Salinas,Cynthia,6/7/2026,12:26,14:22,,1:56,
"Shipp, John P",JS3,Jewelry Technician,Salinas,Cynthia,6/7/2026,15:02,19:11,0:40,4:09,
"Shipp, John P",JS3,Jewelry Technician,Salinas,Cynthia,6/8/2026,13:03,15:24,,2:21,
"Shipp, John P",JS3,Jewelry Technician,Salinas,Cynthia,6/8/2026,16:02,19:20,0:38,3:18,
"Shipp, John P",JS3,Jewelry Technician,Salinas,Cynthia,6/10/2026,12:40,14:45,,2:05,
"Shipp, John P",JS3,Jewelry Technician,Salinas,Cynthia,6/10/2026,15:29,19:32,0:44,4:03,
"Shipp, John P",JS3,Jewelry Technician,Salinas,Cynthia,6/12/2026,12:22,14:43,,2:21,
"Shipp, John P",JS3,Jewelry Technician,Salinas,Cynthia,6/12/2026,15:20,19:33,0:37,4:13,
"Shipp, John P",JS3,Jewelry Technician,Salinas,Cynthia,6/13/2026,12:34,14:58,,2:24,
"Shipp, John P",JS3,Jewelry Technician,Salinas,Cynthia,6/13/2026,15:32,18:04,0:34,2:32,
"Shipp, John P",JS3,Jewelry Technician,Salinas,Cynthia,6/14/2026,13:00,15:12,,2:12,
"Shipp, John P",JS3,Jewelry Technician,Salinas,Cynthia,6/14/2026,15:48,19:25,0:36,3:37,
"Shipp, John P",JS3,Jewelry Technician,Salinas,Cynthia,6/15/2026,12:46,15:01,,2:15,
"Shipp, John P",JS3,Jewelry Technician,Salinas,Cynthia,6/15/2026,15:43,19:31,0:42,3:48,
"Shipp, John P",JS3,Jewelry Technician,Salinas,Cynthia,6/17/2026,12:26,14:59,,2:33,
"Shipp, John P",JS3,Jewelry Technician,Salinas,Cynthia,6/17/2026,15:35,19:25,0:36,3:50,
"Shipp, John P",JS3,Jewelry Technician,Salinas,Cynthia,6/18/2026,12:37,15:15,,2:38,
"Shipp, John P",JS3,Jewelry Technician,Salinas,Cynthia,6/18/2026,15:49,19:06,0:34,3:17,
"Shipp, John P",JS3,Jewelry Technician,Salinas,Cynthia,6/19/2026,12:28,15:12,,2:44,
"Shipp, John P",JS3,Jewelry Technician,Salinas,Cynthia,6/19/2026,15:44,19:46,0:32,4:02,
"Shipp, John P",JS3,Jewelry Technician,Salinas,Cynthia,6/20/2026,12:36,15:28,,2:52,
"Shipp, John P",JS3,Jewelry Technician,Salinas,Cynthia,6/20/2026,16:05,18:43,0:37,2:38,
"Shipp, John P",JS3,Jewelry Technician,Salinas,Cynthia,6/21/2026,12:27,14:13,,1:46,
"Shipp, John P",JS3,Jewelry Technician,Salinas,Cynthia,6/21/2026,14:46,18:31,0:33,3:45,
"Shipp, John P",JS3,Jewelry Technician,Salinas,Cynthia,6/22/2026,12:25,13:56,,1:31,
"Shipp, John P",JS3,Jewelry Technician,Salinas,Cynthia,6/22/2026,14:40,16:09,0:44,1:29,
"Shipp, John P",JS3,Jewelry Technician,Salinas,Cynthia,6/24/2026,12:30,14:44,,2:14,
"Shipp, John P",JS3,Jewelry Technician,Salinas,Cynthia,6/24/2026,15:26,19:21,0:42,3:55,
"Shipp, John P",JS3,Jewelry Technician,Salinas,Cynthia,6/26/2026,12:13,13:55,,1:42,
"Shipp, John P",JS3,Jewelry Technician,Salinas,Cynthia,6/26/2026,14:25,19:17,0:30,4:52,
"Shipp, John P",JS3,Jewelry Technician,Salinas,Cynthia,6/27/2026,12:24,14:37,,2:13,
"Shipp, John P",JS3,Jewelry Technician,Salinas,Cynthia,6/27/2026,15:09,19:16,0:32,4:07,
"Shipp, John P",JS3,Jewelry Technician,Salinas,Cynthia,6/28/2026,12:40,15:06,,2:26,
"Shipp, John P",JS3,Jewelry Technician,Salinas,Cynthia,6/28/2026,15:38,19:01,0:32,3:23,
"Shipp, John P",JS3,Jewelry Technician,Salinas,Cynthia,6/29/2026,12:45,14:25,,1:40,
"Shipp, John P",JS3,Jewelry Technician,Salinas,Cynthia,6/29/2026,15:00,17:59,0:35,2:59,
"Siddiq, Mohammad O",OS1,Manager,Roseville,AJ,6/1/2026,9:43,14:41,,4:58,
"Siddiq, Mohammad O",OS1,Manager,Roseville,AJ,6/1/2026,15:46,18:08,1:05,2:22,
"Siddiq, Mohammad O",OS1,Manager,Roseville,AJ,6/2/2026,9:48,14:39,,4:51,
"Siddiq, Mohammad O",OS1,Manager,Roseville,AJ,6/2/2026,15:16,16:49,0:37,1:33,
"Siddiq, Mohammad O",OS1,Manager,Roseville,AJ,6/2/2026,17:25,21:12,0:36,3:47,
"Siddiq, Mohammad O",OS1,Manager,Roseville,AJ,6/3/2026,9:37,14:04,,4:27,
"Siddiq, Mohammad O",OS1,Manager,Roseville,AJ,6/3/2026,15:04,18:25,1:00,3:21,
"Siddiq, Mohammad O",OS1,Manager,Roseville,AJ,6/5/2026,9:15,17:15,,8:00,
"Siddiq, Mohammad O",OS1,Manager,Roseville,AJ,6/6/2026,11:48,16:37,,4:49,
"Siddiq, Mohammad O",OS1,Manager,Roseville,AJ,6/6/2026,17:41,21:20,1:04,3:39,
"Siddiq, Mohammad O",OS1,Manager,Roseville,AJ,6/7/2026,11:49,16:37,,4:48,
"Siddiq, Mohammad O",OS1,Manager,Roseville,AJ,6/7/2026,17:07,19:03,0:30,1:56,
"Siddiq, Mohammad O",OS1,Manager,Roseville,AJ,6/8/2026,9:48,14:23,,4:35,
"Siddiq, Mohammad O",OS1,Manager,Roseville,AJ,6/8/2026,14:54,17:20,0:31,2:26,
"Siddiq, Mohammad O",OS1,Manager,Roseville,AJ,6/8/2026,17:58,21:12,0:38,3:14,
"Siddiq, Mohammad O",OS1,Manager,Roseville,AJ,6/9/2026,9:36,14:33,,4:57,
"Siddiq, Mohammad O",OS1,Manager,Roseville,AJ,6/9/2026,15:41,17:45,1:08,2:04,
"Siddiq, Mohammad O",OS1,Manager,Roseville,AJ,6/12/2026,9:36,14:28,,4:52,
"Siddiq, Mohammad O",OS1,Manager,Roseville,AJ,6/12/2026,15:43,21:25,1:15,5:42,
"Siddiq, Mohammad O",OS1,Manager,Roseville,AJ,6/13/2026,9:34,13:57,,4:23,
"Siddiq, Mohammad O",OS1,Manager,Roseville,AJ,6/13/2026,14:28,18:34,0:31,4:06,
"Siddiq, Mohammad O",OS1,Manager,Roseville,AJ,6/13/2026,19:12,21:23,0:38,2:11,
"Siddiq, Mohammad O",OS1,Manager,Roseville,AJ,6/14/2026,12:08,16:36,,4:28,
"Siddiq, Mohammad O",OS1,Manager,Roseville,AJ,6/14/2026,17:07,19:21,0:31,2:14,
"Siddiq, Mohammad O",OS1,Manager,Roseville,AJ,6/15/2026,9:38,14:33,,4:55,
"Siddiq, Mohammad O",OS1,Manager,Roseville,AJ,6/15/2026,15:33,18:23,1:00,2:50,
"Siddiq, Mohammad O",OS1,Manager,Roseville,AJ,6/16/2026,9:43,14:37,,4:54,
"Siddiq, Mohammad O",OS1,Manager,Roseville,AJ,6/16/2026,15:14,16:39,0:37,1:25,
"Siddiq, Mohammad O",OS1,Manager,Roseville,AJ,6/16/2026,17:17,21:17,0:38,4:00,
"Siddiq, Mohammad O",OS1,Manager,Roseville,AJ,6/17/2026,9:37,14:25,,4:48,
"Siddiq, Mohammad O",OS1,Manager,Roseville,AJ,6/17/2026,15:33,18:26,1:08,2:53,
"Siddiq, Mohammad O",OS1,Manager,Roseville,AJ,6/19/2026,9:36,14:20,,4:44,
"Siddiq, Mohammad O",OS1,Manager,Roseville,AJ,6/19/2026,15:38,21:12,1:18,5:34,
"Siddiq, Mohammad O",OS1,Manager,Roseville,AJ,6/20/2026,9:36,14:30,,4:54,
"Siddiq, Mohammad O",OS1,Manager,Roseville,AJ,6/20/2026,15:30,19:48,1:00,4:18,
"Siddiq, Mohammad O",OS1,Manager,Roseville,AJ,6/21/2026,10:35,15:18,,4:43,
"Siddiq, Mohammad O",OS1,Manager,Roseville,AJ,6/21/2026,15:49,18:08,0:31,2:19,
"Siddiq, Mohammad O",OS1,Manager,Roseville,AJ,6/22/2026,9:34,14:04,,4:30,
"Siddiq, Mohammad O",OS1,Manager,Roseville,AJ,6/22/2026,15:05,18:56,1:01,3:51,
"Siddiq, Mohammad O",OS1,Manager,Roseville,AJ,6/23/2026,9:38,14:24,,4:46,
"Siddiq, Mohammad O",OS1,Manager,Roseville,AJ,6/23/2026,14:54,21:03,0:30,6:09,
"Siddiq, Mohammad O",OS1,Manager,Roseville,AJ,6/24/2026,9:38,13:52,,4:14,
"Siddiq, Mohammad O",OS1,Manager,Roseville,AJ,6/24/2026,14:52,18:25,1:00,3:33,
"Siddiq, Mohammad O",OS1,Manager,Roseville,AJ,6/26/2026,9:42,14:11,,4:29,
"Siddiq, Mohammad O",OS1,Manager,Roseville,AJ,6/26/2026,15:26,21:26,1:15,6:00,
"Siddiq, Mohammad O",OS1,Manager,Roseville,AJ,6/27/2026,9:18,14:15,,4:57,
"Siddiq, Mohammad O",OS1,Manager,Roseville,AJ,6/27/2026,15:15,19:25,1:00,4:10,
"Siddiq, Mohammad O",OS1,Manager,Roseville,AJ,6/28/2026,11:56,16:50,,4:54,
"Siddiq, Mohammad O",OS1,Manager,Roseville,AJ,6/28/2026,17:26,18:36,0:36,1:10,
"Silva, Aurelia R",AS,Manager,Eastridge,AJ,6/1/2026,23:08,7:08,,8:00,
"Silva, Aurelia R",AS,Manager,Eastridge,AJ,6/2/2026,23:08,7:08,,8:00,
"Silva, Aurelia R",AS,Manager,Eastridge,AJ,6/3/2026,23:08,7:08,,8:00,
"Silva, Aurelia R",AS,Manager,Eastridge,AJ,6/4/2026,23:08,7:08,,8:00,
"Silva, Aurelia R",AS,Manager,Eastridge,AJ,6/5/2026,23:08,7:08,,8:00,
"Silva, Aurelia R",AS,Manager,Eastridge,AJ,6/13/2026,12:04,15:31,,3:27,
"Silva, Aurelia R",AS,Manager,Eastridge,AJ,6/13/2026,16:25,20:59,0:54,4:34,
"Silva, Aurelia R",AS,Manager,Eastridge,AJ,6/14/2026,11:08,13:51,,2:43,
"Silva, Aurelia R",AS,Manager,Eastridge,AJ,6/14/2026,13:58,15:43,0:07,1:45,
"Silva, Aurelia R",AS,Manager,Eastridge,AJ,6/14/2026,15:59,19:13,0:16,3:14,
"Silva, Aurelia R",AS,Manager,Eastridge,AJ,6/16/2026,9:00,13:59,,4:59,
"Silva, Aurelia R",AS,Manager,Eastridge,AJ,6/16/2026,15:03,16:37,1:04,1:34,
"Silva, Aurelia R",AS,Manager,Eastridge,AJ,6/16/2026,16:49,17:39,0:12,0:50,
"Silva, Aurelia R",AS,Manager,Eastridge,AJ,6/16/2026,18:03,19:58,0:24,1:55,
"Silva, Aurelia R",AS,Manager,Eastridge,AJ,6/17/2026,9:00,13:32,,4:32,
"Silva, Aurelia R",AS,Manager,Eastridge,AJ,6/17/2026,14:32,18:04,1:00,3:32,
"Silva, Aurelia R",AS,Manager,Eastridge,AJ,6/18/2026,11:40,14:04,,2:24,
"Silva, Aurelia R",AS,Manager,Eastridge,AJ,6/18/2026,14:12,15:55,0:08,1:43,
"Silva, Aurelia R",AS,Manager,Eastridge,AJ,6/18/2026,16:52,19:58,0:57,3:06,
"Silva, Aurelia R",AS,Manager,Eastridge,AJ,6/19/2026,8:58,12:53,,3:55,
"Silva, Aurelia R",AS,Manager,Eastridge,AJ,6/19/2026,14:06,16:18,1:13,2:12,
"Silva, Aurelia R",AS,Manager,Eastridge,AJ,6/19/2026,16:30,19:09,0:12,2:39,
"Silva, Aurelia R",AS,Manager,Eastridge,AJ,6/20/2026,12:10,13:51,,1:41,
"Silva, Aurelia R",AS,Manager,Eastridge,AJ,6/20/2026,14:07,16:15,0:16,2:08,
"Silva, Aurelia R",AS,Manager,Eastridge,AJ,6/20/2026,17:20,18:34,1:05,1:14,
"Silva, Aurelia R",AS,Manager,Eastridge,AJ,6/20/2026,18:44,21:01,0:10,2:17,
"Silva, Aurelia R",AS,Manager,Eastridge,AJ,6/21/2026,11:06,13:55,,2:49,
"Silva, Aurelia R",AS,Manager,Eastridge,AJ,6/21/2026,14:21,18:58,0:26,4:37,
"Silva, Aurelia R",AS,Manager,Eastridge,AJ,6/23/2026,9:07,13:40,,4:33,
"Silva, Aurelia R",AS,Manager,Eastridge,AJ,6/23/2026,14:40,17:36,1:00,2:56,
"Silva, Aurelia R",AS,Manager,Eastridge,AJ,6/23/2026,18:16,19:57,0:40,1:41,
"Silva, Aurelia R",AS,Manager,Eastridge,AJ,6/24/2026,11:25,15:25,,4:00,
"Silva, Aurelia R",AS,Manager,Eastridge,AJ,6/24/2026,16:28,18:13,1:03,1:45,
"Silva, Aurelia R",AS,Manager,Eastridge,AJ,6/24/2026,18:25,19:57,0:12,1:32,
"Silva, Aurelia R",AS,Manager,Eastridge,AJ,6/25/2026,11:10,15:37,,4:27,
"Silva, Aurelia R",AS,Manager,Eastridge,AJ,6/25/2026,16:40,19:57,1:03,3:17,
"Silva, Aurelia R",AS,Manager,Eastridge,AJ,6/26/2026,9:06,13:42,,4:36,
"Silva, Aurelia R",AS,Manager,Eastridge,AJ,6/26/2026,14:46,19:00,1:04,4:14,
"Silva, Aurelia R",AS,Manager,Eastridge,AJ,6/27/2026,12:08,16:11,,4:03,
"Silva, Aurelia R",AS,Manager,Eastridge,AJ,6/27/2026,17:02,20:06,0:51,3:04,
"Silva, Aurelia R",AS,Manager,Eastridge,AJ,6/27/2026,20:17,20:54,0:11,0:37,
"Silva, Aurelia R",AS,Manager,Eastridge,AJ,6/28/2026,11:05,13:36,,2:31,
"Silva, Aurelia R",AS,Manager,Eastridge,AJ,6/28/2026,13:55,16:01,0:19,2:06,
"Silva, Aurelia R",AS,Manager,Eastridge,AJ,6/28/2026,16:39,18:58,0:38,2:19,
"Silva, Aurelia R",AS,Manager,Eastridge,AJ,6/30/2026,11:09,15:46,,4:37,
"Silva, Aurelia R",AS,Manager,Eastridge,AJ,6/30/2026,16:42,20:04,0:56,3:22,
"Soriano, Tody C",TS,Assistant Manager,Great Mall,Estie,6/3/2026,9:00,13:52,,4:52,
"Soriano, Tody C",TS,Assistant Manager,Great Mall,Estie,6/3/2026,14:51,20:17,0:59,5:26,
"Soriano, Tody C",TS,Assistant Manager,Great Mall,Estie,6/4/2026,9:00,12:20,,3:20,
"Soriano, Tody C",TS,Assistant Manager,Great Mall,Estie,6/4/2026,13:22,20:00,1:02,6:38,
"Soriano, Tody C",TS,Assistant Manager,Great Mall,Estie,6/5/2026,9:00,12:30,,3:30,
"Soriano, Tody C",TS,Assistant Manager,Great Mall,Estie,6/5/2026,13:32,19:08,1:02,5:36,
"Soriano, Tody C",TS,Assistant Manager,Great Mall,Estie,6/6/2026,9:00,13:14,,4:14,
"Soriano, Tody C",TS,Assistant Manager,Great Mall,Estie,6/6/2026,14:17,19:12,1:03,4:55,
"Soriano, Tody C",TS,Assistant Manager,Great Mall,Estie,6/7/2026,10:00,12:34,,2:34,
"Soriano, Tody C",TS,Assistant Manager,Great Mall,Estie,6/7/2026,13:36,18:58,1:02,5:22,
"Soriano, Tody C",TS,Assistant Manager,Great Mall,Estie,6/8/2026,9:00,13:16,,4:16,
"Soriano, Tody C",TS,Assistant Manager,Great Mall,Estie,6/8/2026,14:17,20:12,1:01,5:55,
"Soriano, Tody C",TS,Assistant Manager,Great Mall,Estie,6/9/2026,9:00,13:51,,4:51,
"Soriano, Tody C",TS,Assistant Manager,Great Mall,Estie,6/9/2026,14:52,20:13,1:01,5:21,
"Soriano, Tody C",TS,Assistant Manager,Great Mall,Estie,6/10/2026,9:01,13:27,,4:26,
"Soriano, Tody C",TS,Assistant Manager,Great Mall,Estie,6/10/2026,14:28,20:05,1:01,5:37,
"Soriano, Tody C",TS,Assistant Manager,Great Mall,Estie,6/12/2026,9:00,12:37,,3:37,
"Soriano, Tody C",TS,Assistant Manager,Great Mall,Estie,6/12/2026,13:37,18:12,1:00,4:35,
"Soriano, Tody C",TS,Assistant Manager,Great Mall,Estie,6/13/2026,9:00,13:00,,4:00,
"Soriano, Tody C",TS,Assistant Manager,Great Mall,Estie,6/13/2026,14:02,18:26,1:02,4:24,
"Soriano, Tody C",TS,Assistant Manager,Great Mall,Estie,6/14/2026,10:09,13:40,,3:31,
"Soriano, Tody C",TS,Assistant Manager,Great Mall,Estie,6/14/2026,14:42,19:05,1:02,4:23,
"Soriano, Tody C",TS,Assistant Manager,Great Mall,Estie,6/15/2026,9:00,13:03,,4:03,
"Soriano, Tody C",TS,Assistant Manager,Great Mall,Estie,6/15/2026,14:03,20:04,1:00,6:01,
"Soriano, Tody C",TS,Assistant Manager,Great Mall,Estie,6/16/2026,9:00,13:30,,4:30,
"Soriano, Tody C",TS,Assistant Manager,Great Mall,Estie,6/16/2026,14:32,20:06,1:02,5:34,
"Soriano, Tody C",TS,Assistant Manager,Great Mall,Estie,6/17/2026,9:00,13:13,,4:13,
"Soriano, Tody C",TS,Assistant Manager,Great Mall,Estie,6/17/2026,14:15,20:24,1:02,6:09,
"Soriano, Tody C",TS,Assistant Manager,Great Mall,Estie,6/19/2026,9:00,12:38,,3:38,
"Soriano, Tody C",TS,Assistant Manager,Great Mall,Estie,6/19/2026,13:39,19:20,1:01,5:41,
"Soriano, Tody C",TS,Assistant Manager,Great Mall,Estie,6/20/2026,9:00,13:04,,4:04,
"Soriano, Tody C",TS,Assistant Manager,Great Mall,Estie,6/20/2026,14:05,19:05,1:01,5:00,
"Soriano, Tody C",TS,Assistant Manager,Great Mall,Estie,6/21/2026,10:00,13:07,,3:07,
"Soriano, Tody C",TS,Assistant Manager,Great Mall,Estie,6/21/2026,14:06,19:03,0:59,4:57,
"Soriano, Tody C",TS,Assistant Manager,Great Mall,Estie,6/22/2026,9:00,13:29,,4:29,
"Soriano, Tody C",TS,Assistant Manager,Great Mall,Estie,6/22/2026,14:29,20:10,1:00,5:41,
"Soriano, Tody C",TS,Assistant Manager,Great Mall,Estie,6/23/2026,9:00,13:26,,4:26,
"Soriano, Tody C",TS,Assistant Manager,Great Mall,Estie,6/23/2026,14:27,20:10,1:01,5:43,
"Soriano, Tody C",TS,Assistant Manager,Great Mall,Estie,6/24/2026,9:00,13:51,,4:51,
"Soriano, Tody C",TS,Assistant Manager,Great Mall,Estie,6/24/2026,14:53,20:22,1:02,5:29,
"Soriano, Tody C",TS,Assistant Manager,Great Mall,Estie,6/26/2026,9:00,13:53,,4:53,
"Soriano, Tody C",TS,Assistant Manager,Great Mall,Estie,6/26/2026,14:55,19:01,1:02,4:06,
"Soriano, Tody C",TS,Assistant Manager,Great Mall,Estie,6/27/2026,9:00,13:52,,4:52,
"Soriano, Tody C",TS,Assistant Manager,Great Mall,Estie,6/27/2026,14:55,18:24,1:03,3:29,
"Soriano, Tody C",TS,Assistant Manager,Great Mall,Estie,6/28/2026,10:00,12:30,,2:30,
"Soriano, Tody C",TS,Assistant Manager,Great Mall,Estie,6/28/2026,13:33,19:12,1:03,5:39,
"Soriano, Tody C",TS,Assistant Manager,Great Mall,Estie,6/29/2026,9:00,12:51,,3:51,
"Soriano, Tody C",TS,Assistant Manager,Great Mall,Estie,6/29/2026,13:54,20:09,1:03,6:15,
"Soriano, Tody C",TS,Assistant Manager,Great Mall,Estie,6/30/2026,9:02,13:55,,4:53,
"Soriano, Tody C",TS,Assistant Manager,Great Mall,Estie,6/30/2026,14:58,20:07,1:03,5:09,
"Syed, Muqeet Ur Rahman Asim",MS3,Manager,Plaza Bonita,Shaun,6/1/2026,9:28,14:24,,4:56,
"Syed, Muqeet Ur Rahman Asim",MS3,Manager,Plaza Bonita,Shaun,6/1/2026,15:09,18:50,0:45,3:41,
"Syed, Muqeet Ur Rahman Asim",MS3,Manager,Plaza Bonita,Shaun,6/2/2026,9:20,14:18,,4:58,
"Syed, Muqeet Ur Rahman Asim",MS3,Manager,Plaza Bonita,Shaun,6/2/2026,15:16,17:37,0:58,2:21,
"Syed, Muqeet Ur Rahman Asim",MS3,Manager,Plaza Bonita,Shaun,6/3/2026,9:29,14:26,,4:57,
"Syed, Muqeet Ur Rahman Asim",MS3,Manager,Plaza Bonita,Shaun,6/3/2026,15:23,17:44,0:57,2:21,
"Syed, Muqeet Ur Rahman Asim",MS3,Manager,Plaza Bonita,Shaun,6/4/2026,9:17,13:07,,3:50,
"Syed, Muqeet Ur Rahman Asim",MS3,Manager,Plaza Bonita,Shaun,6/4/2026,14:41,19:21,1:34,4:40,
"Syed, Muqeet Ur Rahman Asim",MS3,Manager,Plaza Bonita,Shaun,6/5/2026,9:16,14:11,,4:55,
"Syed, Muqeet Ur Rahman Asim",MS3,Manager,Plaza Bonita,Shaun,6/5/2026,15:10,19:18,0:59,4:08,
"Syed, Muqeet Ur Rahman Asim",MS3,Manager,Plaza Bonita,Shaun,6/8/2026,9:22,14:20,,4:58,
"Syed, Muqeet Ur Rahman Asim",MS3,Manager,Plaza Bonita,Shaun,6/8/2026,15:12,18:38,0:52,3:26,
"Syed, Muqeet Ur Rahman Asim",MS3,Manager,Plaza Bonita,Shaun,6/9/2026,9:26,14:20,,4:54,
"Syed, Muqeet Ur Rahman Asim",MS3,Manager,Plaza Bonita,Shaun,6/9/2026,15:30,18:44,1:10,3:14,
"Syed, Muqeet Ur Rahman Asim",MS3,Manager,Plaza Bonita,Shaun,6/10/2026,9:21,13:01,,3:40,
"Syed, Muqeet Ur Rahman Asim",MS3,Manager,Plaza Bonita,Shaun,6/10/2026,14:17,18:01,1:16,3:44,
"Syed, Muqeet Ur Rahman Asim",MS3,Manager,Plaza Bonita,Shaun,6/11/2026,9:28,14:20,,4:52,
"Syed, Muqeet Ur Rahman Asim",MS3,Manager,Plaza Bonita,Shaun,6/11/2026,15:19,18:34,0:59,3:15,
"Syed, Muqeet Ur Rahman Asim",MS3,Manager,Plaza Bonita,Shaun,6/12/2026,9:34,14:24,,4:50,
"Syed, Muqeet Ur Rahman Asim",MS3,Manager,Plaza Bonita,Shaun,6/12/2026,15:18,18:20,0:54,3:02,
"Tanvir, Muntasir",MT5,Sales Associate,Culver City,Steven,6/1/2026,8:58,11:48,,2:50,
"Tanvir, Muntasir",MT5,Sales Associate,Culver City,Steven,6/1/2026,11:58,13:47,0:10,1:59,
"Tanvir, Muntasir",MT5,Sales Associate,Culver City,Steven,6/1/2026,14:47,17:20,1:00,2:33,
"Tanvir, Muntasir",MT5,Sales Associate,Culver City,Steven,6/1/2026,17:29,20:07,0:09,2:47,
"Tanvir, Muntasir",MT5,Sales Associate,Culver City,Steven,6/1/2026,20:16,21:01,0:09,0:45,
"Tanvir, Muntasir",MT5,Sales Associate,Culver City,Steven,6/2/2026,9:07,13:02,,3:55,
"Tanvir, Muntasir",MT5,Sales Associate,Culver City,Steven,6/2/2026,14:04,15:21,1:02,1:17,
"Tanvir, Muntasir",MT5,Sales Associate,Culver City,Steven,6/2/2026,15:32,17:08,0:11,1:46,
"Tanvir, Muntasir",MT5,Sales Associate,Culver City,Steven,6/3/2026,9:00,12:24,,3:24,
"Tanvir, Muntasir",MT5,Sales Associate,Culver City,Steven,6/3/2026,12:34,13:53,0:10,1:29,
"Tanvir, Muntasir",MT5,Sales Associate,Culver City,Steven,6/3/2026,14:54,18:31,1:01,3:37,
"Tanvir, Muntasir",MT5,Sales Associate,Culver City,Steven,6/3/2026,18:41,21:19,0:10,2:48,
"Tanvir, Muntasir",MT5,Sales Associate,Culver City,Steven,6/5/2026,9:00,12:17,,3:17,
"Tanvir, Muntasir",MT5,Sales Associate,Culver City,Steven,6/5/2026,12:26,13:15,0:09,0:58,
"Tanvir, Muntasir",MT5,Sales Associate,Culver City,Steven,6/5/2026,14:15,17:55,1:00,3:40,
"Tanvir, Muntasir",MT5,Sales Associate,Culver City,Steven,6/5/2026,18:05,21:29,0:10,3:34,
"Tanvir, Muntasir",MT5,Sales Associate,Culver City,Steven,6/6/2026,9:00,12:01,,3:01,
"Tanvir, Muntasir",MT5,Sales Associate,Culver City,Steven,6/6/2026,12:12,13:19,0:11,1:17,
"Tanvir, Muntasir",MT5,Sales Associate,Culver City,Steven,6/6/2026,14:19,17:27,1:00,3:08,
"Tanvir, Muntasir",MT5,Sales Associate,Culver City,Steven,6/6/2026,17:37,21:01,0:10,3:34,
"Tanvir, Muntasir",MT5,Sales Associate,Culver City,Steven,6/7/2026,10:03,13:49,,3:46,
"Tanvir, Muntasir",MT5,Sales Associate,Culver City,Steven,6/7/2026,14:50,17:56,1:01,3:06,
"Tanvir, Muntasir",MT5,Sales Associate,Culver City,Steven,6/7/2026,18:06,20:09,0:10,2:13,
"Tanvir, Muntasir",MT5,Sales Associate,Culver City,Steven,6/8/2026,9:06,11:46,,2:40,
"Tanvir, Muntasir",MT5,Sales Associate,Culver City,Steven,6/8/2026,11:57,12:41,0:11,0:54,
"Tanvir, Muntasir",MT5,Sales Associate,Culver City,Steven,6/8/2026,13:41,15:21,1:00,1:40,
"Tanvir, Muntasir",MT5,Sales Associate,Culver City,Steven,6/8/2026,15:32,16:19,0:11,0:57,
"Tanvir, Muntasir",MT5,Sales Associate,Culver City,Steven,6/8/2026,16:29,21:03,0:10,4:34,
"Tanvir, Muntasir",MT5,Sales Associate,Culver City,Steven,6/9/2026,8:56,11:45,,2:49,
"Tanvir, Muntasir",MT5,Sales Associate,Culver City,Steven,6/9/2026,11:51,11:58,0:06,0:13,
"Tanvir, Muntasir",MT5,Sales Associate,Culver City,Steven,6/9/2026,12:09,13:20,0:11,1:21,
"Tanvir, Muntasir",MT5,Sales Associate,Culver City,Steven,6/9/2026,13:58,15:08,0:38,1:10,
"Tanvir, Muntasir",MT5,Sales Associate,Culver City,Steven,6/9/2026,16:03,19:13,0:55,3:10,
"Tanvir, Muntasir",MT5,Sales Associate,Culver City,Steven,6/9/2026,19:20,21:02,0:07,1:42,
"Tanvir, Muntasir",MT5,Sales Associate,Culver City,Steven,6/10/2026,9:03,12:00,,2:57,
"Tanvir, Muntasir",MT5,Sales Associate,Culver City,Steven,6/10/2026,12:08,12:15,0:08,0:15,
"Tanvir, Muntasir",MT5,Sales Associate,Culver City,Steven,6/10/2026,13:16,17:00,1:01,3:44,
"Tanvir, Muntasir",MT5,Sales Associate,Culver City,Steven,6/11/2026,9:03,12:09,,3:06,
"Tanvir, Muntasir",MT5,Sales Associate,Culver City,Steven,6/11/2026,12:19,13:53,0:10,1:44,
"Tanvir, Muntasir",MT5,Sales Associate,Culver City,Steven,6/11/2026,14:54,16:46,1:01,1:52,
"Tanvir, Muntasir",MT5,Sales Associate,Culver City,Steven,6/11/2026,16:56,21:24,0:10,4:38,
"Tanvir, Muntasir",MT5,Sales Associate,Culver City,Steven,6/13/2026,9:04,12:39,,3:35,
"Tanvir, Muntasir",MT5,Sales Associate,Culver City,Steven,6/13/2026,12:48,13:53,0:09,1:14,
"Tanvir, Muntasir",MT5,Sales Associate,Culver City,Steven,6/13/2026,14:50,16:52,0:57,2:02,
"Tanvir, Muntasir",MT5,Sales Associate,Culver City,Steven,6/13/2026,17:02,21:02,0:10,4:10,
"Tanvir, Muntasir",MT5,Sales Associate,Culver City,Steven,6/14/2026,10:00,13:00,,3:00,
"Tanvir, Muntasir",MT5,Sales Associate,Culver City,Steven,6/14/2026,13:10,14:30,0:10,1:30,
"Tanvir, Muntasir",MT5,Sales Associate,Culver City,Steven,6/14/2026,15:32,18:32,1:02,3:00,
"Tanvir, Muntasir",MT5,Sales Associate,Culver City,Steven,6/14/2026,18:41,20:11,0:09,1:39,
"Tanvir, Muntasir",MT5,Sales Associate,Culver City,Steven,6/15/2026,9:03,11:15,,2:12,
"Tanvir, Muntasir",MT5,Sales Associate,Culver City,Steven,6/15/2026,11:25,13:47,0:10,2:32,
"Tanvir, Muntasir",MT5,Sales Associate,Culver City,Steven,6/15/2026,14:48,17:12,1:01,2:24,
"Tanvir, Muntasir",MT5,Sales Associate,Culver City,Steven,6/15/2026,17:22,19:36,0:10,2:24,
"Tanvir, Muntasir",MT5,Sales Associate,Culver City,Steven,6/15/2026,19:45,21:15,0:09,1:30,
"Tanvir, Muntasir",MT5,Sales Associate,Culver City,Steven,6/16/2026,9:03,11:15,,2:12,
"Tanvir, Muntasir",MT5,Sales Associate,Culver City,Steven,6/16/2026,11:25,13:30,0:10,2:15,
"Tanvir, Muntasir",MT5,Sales Associate,Culver City,Steven,6/16/2026,14:31,18:49,1:01,4:18,
"Tanvir, Muntasir",MT5,Sales Associate,Culver City,Steven,6/16/2026,18:56,21:13,0:07,2:24,
"Tanvir, Muntasir",MT5,Sales Associate,Culver City,Steven,6/17/2026,9:04,11:29,,2:25,
"Tanvir, Muntasir",MT5,Sales Associate,Culver City,Steven,6/17/2026,11:40,12:44,0:11,1:14,
"Tanvir, Muntasir",MT5,Sales Associate,Culver City,Steven,6/17/2026,13:44,18:07,1:00,4:23,
"Tanvir, Muntasir",MT5,Sales Associate,Culver City,Steven,6/17/2026,18:17,21:01,0:10,2:54,
"Tanvir, Muntasir",MT5,Sales Associate,Culver City,Steven,6/19/2026,9:02,11:36,,2:34,
"Tanvir, Muntasir",MT5,Sales Associate,Culver City,Steven,6/19/2026,11:47,13:57,0:11,2:20,
"Tanvir, Muntasir",MT5,Sales Associate,Culver City,Steven,6/19/2026,14:46,16:53,0:49,2:07,
"Tanvir, Muntasir",MT5,Sales Associate,Culver City,Steven,6/19/2026,17:03,19:41,0:10,2:48,
"Tanvir, Muntasir",MT5,Sales Associate,Culver City,Steven,6/19/2026,19:50,21:01,0:09,1:11,
"Tanvir, Muntasir",MT5,Sales Associate,Culver City,Steven,6/20/2026,9:04,12:39,,3:35,
"Tanvir, Muntasir",MT5,Sales Associate,Culver City,Steven,6/20/2026,12:49,12:59,0:10,0:20,
"Tanvir, Muntasir",MT5,Sales Associate,Culver City,Steven,6/20/2026,13:56,17:52,0:57,3:56,
"Tanvir, Muntasir",MT5,Sales Associate,Culver City,Steven,6/20/2026,18:02,21:01,0:10,3:09,
"Tanvir, Muntasir",MT5,Sales Associate,Culver City,Steven,6/21/2026,10:10,14:00,,3:50,
"Tanvir, Muntasir",MT5,Sales Associate,Culver City,Steven,6/21/2026,14:47,17:43,0:47,2:56,
"Tanvir, Muntasir",MT5,Sales Associate,Culver City,Steven,6/21/2026,17:54,20:00,0:11,2:16,
"Tanvir, Muntasir",MT5,Sales Associate,Culver City,Steven,6/22/2026,9:09,11:33,,2:24,
"Tanvir, Muntasir",MT5,Sales Associate,Culver City,Steven,6/22/2026,11:44,12:47,0:11,1:13,
"Tanvir, Muntasir",MT5,Sales Associate,Culver City,Steven,6/22/2026,13:47,16:51,1:00,3:04,
"Tanvir, Muntasir",MT5,Sales Associate,Culver City,Steven,6/22/2026,17:21,21:15,0:30,3:54,
"Tanvir, Muntasir",MT5,Sales Associate,Culver City,Steven,6/23/2026,9:05,11:32,,2:27,
"Tanvir, Muntasir",MT5,Sales Associate,Culver City,Steven,6/23/2026,11:44,13:35,0:12,2:01,
"Tanvir, Muntasir",MT5,Sales Associate,Culver City,Steven,6/23/2026,14:33,17:28,0:58,2:55,
"Tanvir, Muntasir",MT5,Sales Associate,Culver City,Steven,6/23/2026,17:38,21:09,0:10,3:41,
"Tanvir, Muntasir",MT5,Sales Associate,Culver City,Steven,6/24/2026,9:04,11:23,,2:19,
"Tanvir, Muntasir",MT5,Sales Associate,Culver City,Steven,6/24/2026,11:33,12:38,0:10,1:15,
"Tanvir, Muntasir",MT5,Sales Associate,Culver City,Steven,6/24/2026,13:38,16:54,1:00,3:16,
"Tanvir, Muntasir",MT5,Sales Associate,Culver City,Steven,6/24/2026,17:04,21:12,0:10,4:18,
"Tanvir, Muntasir",MT5,Sales Associate,Culver City,Steven,6/25/2026,9:07,12:37,,3:30,
"Tanvir, Muntasir",MT5,Sales Associate,Culver City,Steven,6/25/2026,12:49,14:06,0:12,1:27,
"Tanvir, Muntasir",MT5,Sales Associate,Culver City,Steven,6/25/2026,15:36,21:05,1:30,5:29,
"Tanvir, Muntasir",MT5,Sales Associate,Culver City,Steven,6/27/2026,8:59,11:32,,2:33,
"Tanvir, Muntasir",MT5,Sales Associate,Culver City,Steven,6/27/2026,11:42,13:08,0:10,1:36,
"Tanvir, Muntasir",MT5,Sales Associate,Culver City,Steven,6/27/2026,14:07,16:23,0:59,2:16,
"Tanvir, Muntasir",MT5,Sales Associate,Culver City,Steven,6/27/2026,16:34,18:05,0:11,1:41,
"Tanvir, Muntasir",MT5,Sales Associate,Culver City,Steven,6/27/2026,18:36,21:01,0:31,2:25,
"Tanvir, Muntasir",MT5,Sales Associate,Culver City,Steven,6/28/2026,10:05,12:02,,1:57,
"Tanvir, Muntasir",MT5,Sales Associate,Culver City,Steven,6/28/2026,13:11,15:27,1:09,2:16,
"Tanvir, Muntasir",MT5,Sales Associate,Culver City,Steven,6/28/2026,15:53,18:53,0:26,3:10,
"Tanvir, Muntasir",MT5,Sales Associate,Culver City,Steven,6/28/2026,19:02,20:01,0:09,1:08,
"Tanvir, Muntasir",MT5,Sales Associate,Culver City,Steven,6/29/2026,9:02,11:12,,2:10,
"Tanvir, Muntasir",MT5,Sales Associate,Culver City,Steven,6/29/2026,11:23,13:35,0:11,2:22,
"Tanvir, Muntasir",MT5,Sales Associate,Culver City,Steven,6/29/2026,14:35,17:20,1:00,2:45,
"Tanvir, Muntasir",MT5,Sales Associate,Culver City,Steven,6/29/2026,17:30,21:09,0:10,3:49,
"Tanvir, Muntasir",MT5,Sales Associate,Culver City,Steven,6/30/2026,9:08,11:54,,2:46,
"Tanvir, Muntasir",MT5,Sales Associate,Culver City,Steven,6/30/2026,12:05,13:54,0:11,1:59,
"Tanvir, Muntasir",MT5,Sales Associate,Culver City,Steven,6/30/2026,14:56,16:16,1:02,1:20,
"Tanvir, Muntasir",MT5,Sales Associate,Culver City,Steven,6/30/2026,16:28,19:00,0:12,2:42,
"Tanvir, Muntasir",MT5,Sales Associate,Culver City,Steven,6/30/2026,19:11,21:02,0:11,1:51,
"Thammavong, Deena A",DT2,Sales Associate,Roseville,Omar,6/1/2026,9:28,13:56,,4:28,
"Thammavong, Deena A",DT2,Sales Associate,Roseville,Omar,6/1/2026,14:27,17:18,0:31,2:51,
"Thammavong, Deena A",DT2,Sales Associate,Roseville,Omar,6/1/2026,17:50,21:12,0:32,3:22,
"Thammavong, Deena A",DT2,Sales Associate,Roseville,Omar,6/4/2026,9:24,13:31,,4:07,
"Thammavong, Deena A",DT2,Sales Associate,Roseville,Omar,6/4/2026,14:03,17:20,0:32,3:17,
"Thammavong, Deena A",DT2,Sales Associate,Roseville,Omar,6/4/2026,17:51,21:16,0:31,3:25,
"Thammavong, Deena A",DT2,Sales Associate,Roseville,Omar,6/5/2026,9:31,13:12,,3:41,
"Thammavong, Deena A",DT2,Sales Associate,Roseville,Omar,6/5/2026,13:23,14:21,0:11,1:08,
"Thammavong, Deena A",DT2,Sales Associate,Roseville,Omar,6/5/2026,15:21,18:46,1:00,3:25,
"Thammavong, Deena A",DT2,Sales Associate,Roseville,Omar,6/6/2026,9:28,11:58,,2:30,
"Thammavong, Deena A",DT2,Sales Associate,Roseville,Omar,6/6/2026,12:09,14:13,0:11,2:14,
"Thammavong, Deena A",DT2,Sales Associate,Roseville,Omar,6/6/2026,15:14,18:46,1:01,3:32,
"Thammavong, Deena A",DT2,Sales Associate,Roseville,Omar,6/7/2026,10:39,11:59,,1:20,
"Thammavong, Deena A",DT2,Sales Associate,Roseville,Omar,6/7/2026,12:10,15:27,0:11,3:27,
"Thammavong, Deena A",DT2,Sales Associate,Roseville,Omar,6/7/2026,15:58,19:21,0:31,3:23,
"Thammavong, Deena A",DT2,Sales Associate,Roseville,Omar,6/8/2026,9:24,13:55,,4:31,
"Thammavong, Deena A",DT2,Sales Associate,Roseville,Omar,6/8/2026,14:55,18:04,1:00,3:09,
"Thammavong, Deena A",DT2,Sales Associate,Roseville,Omar,6/9/2026,9:24,13:54,,4:30,
"Thammavong, Deena A",DT2,Sales Associate,Roseville,Omar,6/9/2026,14:27,16:34,0:33,2:07,
"Thammavong, Deena A",DT2,Sales Associate,Roseville,Omar,6/9/2026,17:05,21:10,0:31,4:05,
"Thammavong, Deena A",DT2,Sales Associate,Roseville,Omar,6/11/2026,9:25,12:39,,3:14,
"Thammavong, Deena A",DT2,Sales Associate,Roseville,Omar,6/11/2026,12:50,14:17,0:11,1:37,
"Thammavong, Deena A",DT2,Sales Associate,Roseville,Omar,6/11/2026,14:47,18:06,0:30,3:19,
"Thammavong, Deena A",DT2,Sales Associate,Roseville,Omar,6/11/2026,18:37,21:29,0:31,2:52,
"Thammavong, Deena A",DT2,Sales Associate,Roseville,Omar,6/12/2026,9:25,13:05,,3:40,
"Thammavong, Deena A",DT2,Sales Associate,Roseville,Omar,6/12/2026,13:17,14:06,0:12,0:59,
"Thammavong, Deena A",DT2,Sales Associate,Roseville,Omar,6/12/2026,15:06,18:34,1:00,3:28,
"Thammavong, Deena A",DT2,Sales Associate,Roseville,Omar,6/14/2026,10:40,12:24,,1:44,
"Thammavong, Deena A",DT2,Sales Associate,Roseville,Omar,6/14/2026,12:35,15:10,0:11,2:45,
"Thammavong, Deena A",DT2,Sales Associate,Roseville,Omar,6/14/2026,15:41,17:38,0:31,1:57,
"Thammavong, Deena A",DT2,Sales Associate,Roseville,Omar,6/14/2026,17:48,18:00,0:10,0:22,
"Thammavong, Deena A",DT2,Sales Associate,Roseville,Omar,6/15/2026,9:25,13:13,,3:48,
"Thammavong, Deena A",DT2,Sales Associate,Roseville,Omar,6/15/2026,13:23,13:45,0:10,0:32,
"Thammavong, Deena A",DT2,Sales Associate,Roseville,Omar,6/15/2026,14:16,17:31,0:31,3:15,
"Thammavong, Deena A",DT2,Sales Associate,Roseville,Omar,6/15/2026,18:02,21:13,0:31,3:11,
"Thammavong, Deena A",DT2,Sales Associate,Roseville,Omar,6/18/2026,9:22,13:00,,3:38,
"Thammavong, Deena A",DT2,Sales Associate,Roseville,Omar,6/18/2026,13:12,14:10,0:12,1:08,
"Thammavong, Deena A",DT2,Sales Associate,Roseville,Omar,6/18/2026,14:41,17:17,0:31,2:36,
"Thammavong, Deena A",DT2,Sales Associate,Roseville,Omar,6/18/2026,17:49,21:30,0:32,3:41,
"Thammavong, Deena A",DT2,Sales Associate,Roseville,Omar,6/19/2026,9:24,14:12,,4:48,
"Thammavong, Deena A",DT2,Sales Associate,Roseville,Omar,6/19/2026,15:13,18:20,1:01,3:07,
"Thammavong, Deena A",DT2,Sales Associate,Roseville,Omar,6/20/2026,12:38,14:54,,2:16,
"Thammavong, Deena A",DT2,Sales Associate,Roseville,Omar,6/20/2026,15:05,17:35,0:11,2:40,
"Thammavong, Deena A",DT2,Sales Associate,Roseville,Omar,6/20/2026,18:35,21:42,1:00,3:07,
"Thammavong, Deena A",DT2,Sales Associate,Roseville,Omar,6/21/2026,10:39,13:25,,2:46,
"Thammavong, Deena A",DT2,Sales Associate,Roseville,Omar,6/21/2026,13:36,14:01,0:11,0:35,
"Thammavong, Deena A",DT2,Sales Associate,Roseville,Omar,6/21/2026,14:34,19:11,0:33,4:37,
"Thammavong, Deena A",DT2,Sales Associate,Roseville,Omar,6/22/2026,9:25,13:48,,4:23,
"Thammavong, Deena A",DT2,Sales Associate,Roseville,Omar,6/22/2026,14:22,18:10,0:34,3:48,
"Thammavong, Deena A",DT2,Sales Associate,Roseville,Omar,6/22/2026,18:43,21:23,0:33,2:40,
"Thammavong, Deena A",DT2,Sales Associate,Roseville,Omar,6/25/2026,9:27,13:01,,3:34,
"Thammavong, Deena A",DT2,Sales Associate,Roseville,Omar,6/25/2026,13:02,17:28,,4:26,
"Thammavong, Deena A",DT2,Sales Associate,Roseville,Omar,6/26/2026,9:31,12:44,,3:13,
"Thammavong, Deena A",DT2,Sales Associate,Roseville,Omar,6/26/2026,12:45,17:32,,4:47,
"Thammavong, Deena A",DT2,Sales Associate,Roseville,Omar,6/27/2026,13:13,14:43,,1:30,
"Thammavong, Deena A",DT2,Sales Associate,Roseville,Omar,6/27/2026,14:55,16:59,0:12,2:14,
"Thammavong, Deena A",DT2,Sales Associate,Roseville,Omar,6/27/2026,17:37,18:28,0:38,0:51,
"Thammavong, Deena A",DT2,Sales Associate,Roseville,Omar,6/27/2026,18:40,21:09,0:12,2:39,
"Thammavong, Deena A",DT2,Sales Associate,Roseville,Omar,6/28/2026,10:40,12:47,,2:07,
"Thammavong, Deena A",DT2,Sales Associate,Roseville,Omar,6/28/2026,12:59,14:05,0:12,1:16,
"Thammavong, Deena A",DT2,Sales Associate,Roseville,Omar,6/28/2026,14:38,18:00,0:33,3:22,
"Thammavong, Deena A",DT2,Sales Associate,Roseville,Omar,6/28/2026,18:11,19:08,0:11,1:07,
"Thammavong, Deena A",DT2,Sales Associate,Roseville,Omar,6/29/2026,9:35,13:08,,3:33,
"Thammavong, Deena A",DT2,Sales Associate,Roseville,Omar,6/29/2026,13:19,14:04,0:11,0:55,
"Thammavong, Deena A",DT2,Sales Associate,Roseville,Omar,6/29/2026,14:46,17:47,0:42,3:01,
"Thammavong, Deena A",DT2,Sales Associate,Roseville,Omar,6/29/2026,18:18,21:23,0:31,3:05,
"Thammavong, Deena A",DT2,Sales Associate,Roseville,Omar,6/30/2026,9:33,13:01,,3:28,
"Thammavong, Deena A",DT2,Sales Associate,Roseville,Omar,6/30/2026,13:12,14:28,0:11,1:26,
"Thammavong, Deena A",DT2,Sales Associate,Roseville,Omar,6/30/2026,14:58,17:36,0:30,2:38,
"Thammavong, Deena A",DT2,Sales Associate,Roseville,Omar,6/30/2026,18:10,21:15,0:34,3:05,
"Thind, Simran",ST5,Sales Associate,Bakersfield,Robert,6/1/2026,11:55,14:59,,3:04,
"Thind, Simran",ST5,Sales Associate,Bakersfield,Robert,6/1/2026,15:59,20:02,1:00,4:03,
"Thind, Simran",ST5,Sales Associate,Bakersfield,Robert,6/2/2026,9:00,13:04,,4:04,
"Thind, Simran",ST5,Sales Associate,Bakersfield,Robert,6/2/2026,13:55,17:00,0:51,3:05,
"Thind, Simran",ST5,Sales Associate,Bakersfield,Robert,6/3/2026,12:08,15:59,,3:51,
"Thind, Simran",ST5,Sales Associate,Bakersfield,Robert,6/3/2026,17:00,20:19,1:01,3:19,
"Thind, Simran",ST5,Sales Associate,Bakersfield,Robert,6/4/2026,9:00,12:06,,3:06,
"Thind, Simran",ST5,Sales Associate,Bakersfield,Robert,6/4/2026,13:08,17:04,1:02,3:56,
"Thind, Simran",ST5,Sales Associate,Bakersfield,Robert,6/6/2026,12:56,17:01,,4:05,
"Thind, Simran",ST5,Sales Associate,Bakersfield,Robert,6/6/2026,18:01,20:55,1:00,2:54,
"Thind, Simran",ST5,Sales Associate,Bakersfield,Robert,6/7/2026,11:09,14:28,,3:19,
"Thind, Simran",ST5,Sales Associate,Bakersfield,Robert,6/7/2026,15:05,18:00,0:37,2:55,
"Thind, Simran",ST5,Sales Associate,Bakersfield,Robert,6/8/2026,12:02,16:01,,3:59,
"Thind, Simran",ST5,Sales Associate,Bakersfield,Robert,6/8/2026,17:00,20:25,0:59,3:25,
"Thind, Simran",ST5,Sales Associate,Bakersfield,Robert,6/9/2026,9:07,13:31,,4:24,
"Thind, Simran",ST5,Sales Associate,Bakersfield,Robert,6/9/2026,14:32,17:01,1:01,2:29,
"Thind, Simran",ST5,Sales Associate,Bakersfield,Robert,6/10/2026,9:00,13:52,,4:52,
"Thind, Simran",ST5,Sales Associate,Bakersfield,Robert,6/10/2026,14:52,17:01,1:00,2:09,
"Thind, Simran",ST5,Sales Associate,Bakersfield,Robert,6/12/2026,12:58,16:50,,3:52,
"Thind, Simran",ST5,Sales Associate,Bakersfield,Robert,6/12/2026,17:51,20:54,1:01,3:03,
"Thind, Simran",ST5,Sales Associate,Bakersfield,Robert,6/13/2026,12:58,16:05,,3:07,
"Thind, Simran",ST5,Sales Associate,Bakersfield,Robert,6/13/2026,17:06,18:18,1:01,1:12,
"Thind, Simran",ST5,Sales Associate,Bakersfield,Robert,6/13/2026,18:28,21:08,0:10,2:50,
"Thind, Simran",ST5,Sales Associate,Bakersfield,Robert,6/14/2026,11:07,14:31,,3:24,
"Thind, Simran",ST5,Sales Associate,Bakersfield,Robert,6/14/2026,15:04,18:15,0:33,3:11,
"Thind, Simran",ST5,Sales Associate,Bakersfield,Robert,6/15/2026,9:04,12:30,,3:26,
"Thind, Simran",ST5,Sales Associate,Bakersfield,Robert,6/15/2026,13:31,17:01,1:01,3:30,
"Thind, Simran",ST5,Sales Associate,Bakersfield,Robert,6/16/2026,12:04,16:40,,4:36,
"Thind, Simran",ST5,Sales Associate,Bakersfield,Robert,6/16/2026,17:45,19:57,1:05,2:12,
"Thind, Simran",ST5,Sales Associate,Bakersfield,Robert,6/17/2026,9:13,13:30,,4:17,
"Thind, Simran",ST5,Sales Associate,Bakersfield,Robert,6/17/2026,14:30,17:00,1:00,2:30,
"Thind, Simran",ST5,Sales Associate,Bakersfield,Robert,6/20/2026,12:02,15:01,,2:59,
"Thind, Simran",ST5,Sales Associate,Bakersfield,Robert,6/20/2026,16:02,18:47,1:01,2:45,
"Thind, Simran",ST5,Sales Associate,Bakersfield,Robert,6/20/2026,18:58,20:58,0:11,2:10,
"Thind, Simran",ST5,Sales Associate,Bakersfield,Robert,6/23/2026,9:02,12:16,,3:14,
"Thind, Simran",ST5,Sales Associate,Bakersfield,Robert,6/23/2026,13:15,15:55,0:59,2:40,
"Thind, Simran",ST5,Sales Associate,Bakersfield,Robert,6/23/2026,16:04,17:01,0:09,1:06,
"Thind, Simran",ST5,Sales Associate,Bakersfield,Robert,6/24/2026,12:00,15:00,,3:00,
"Thind, Simran",ST5,Sales Associate,Bakersfield,Robert,6/24/2026,16:02,20:09,1:02,4:07,
"Thind, Simran",ST5,Sales Associate,Bakersfield,Robert,6/25/2026,9:01,12:42,,3:41,
"Thind, Simran",ST5,Sales Associate,Bakersfield,Robert,6/25/2026,13:45,17:00,1:03,3:15,
"Thind, Simran",ST5,Sales Associate,Bakersfield,Robert,6/26/2026,9:08,13:50,,4:42,
"Thind, Simran",ST5,Sales Associate,Bakersfield,Robert,6/26/2026,14:51,17:14,1:01,2:23,
"Thind, Simran",ST5,Sales Associate,Bakersfield,Robert,6/27/2026,13:00,16:00,,3:00,
"Thind, Simran",ST5,Sales Associate,Bakersfield,Robert,6/27/2026,17:01,19:25,1:01,2:24,
"Thind, Simran",ST5,Sales Associate,Bakersfield,Robert,6/27/2026,19:37,20:52,0:12,1:25,
"Thind, Simran",ST5,Sales Associate,Bakersfield,Robert,6/28/2026,11:00,14:15,,3:15,
"Thind, Simran",ST5,Sales Associate,Bakersfield,Robert,6/28/2026,14:46,17:53,0:31,3:07,
"Thind, Simran",ST5,Sales Associate,Bakersfield,Robert,6/30/2026,12:01,15:01,,3:00,
"Thind, Simran",ST5,Sales Associate,Bakersfield,Robert,6/30/2026,16:01,17:43,1:00,1:42,
"Thind, Simran",ST5,Sales Associate,Bakersfield,Robert,6/30/2026,17:53,19:53,0:10,2:10,
"Thomas, Jessica N",JT1,Sales Associate,Fresno,Lourdes,6/1/2026,8:55,13:19,,4:24,
"Thomas, Jessica N",JT1,Sales Associate,Fresno,Lourdes,6/1/2026,14:27,17:19,1:08,2:52,
"Thomas, Jessica N",JT1,Sales Associate,Fresno,Lourdes,6/1/2026,17:31,18:01,0:12,0:40,
"Thomas, Jessica N",JT1,Sales Associate,Fresno,Lourdes,6/2/2026,9:09,13:59,,4:50,
"Thomas, Jessica N",JT1,Sales Associate,Fresno,Lourdes,6/2/2026,15:25,18:00,1:26,2:35,
"Thomas, Jessica N",JT1,Sales Associate,Fresno,Lourdes,6/3/2026,9:08,14:00,,4:52,
"Thomas, Jessica N",JT1,Sales Associate,Fresno,Lourdes,6/3/2026,14:01,17:09,,3:08,
"Thomas, Jessica N",JT1,Sales Associate,Fresno,Lourdes,6/4/2026,9:11,13:49,,4:38,
"Thomas, Jessica N",JT1,Sales Associate,Fresno,Lourdes,6/4/2026,14:55,16:51,1:06,1:56,
"Thomas, Jessica N",JT1,Sales Associate,Fresno,Lourdes,6/4/2026,17:00,18:01,0:09,1:10,
"Thomas, Jessica N",JT1,Sales Associate,Fresno,Lourdes,6/5/2026,9:04,12:02,,2:58,
"Thomas, Jessica N",JT1,Sales Associate,Fresno,Lourdes,6/5/2026,12:13,13:51,0:11,1:48,
"Thomas, Jessica N",JT1,Sales Associate,Fresno,Lourdes,6/5/2026,14:58,18:01,1:07,3:03,
"Thomas, Jessica N",JT1,Sales Associate,Fresno,Lourdes,6/8/2026,9:10,14:00,,4:50,
"Thomas, Jessica N",JT1,Sales Associate,Fresno,Lourdes,6/8/2026,15:05,17:18,1:05,2:13,
"Thomas, Jessica N",JT1,Sales Associate,Fresno,Lourdes,6/8/2026,17:31,18:27,0:13,1:06,
"Thomas, Jessica N",JT1,Sales Associate,Fresno,Lourdes,6/9/2026,9:12,14:01,,4:49,
"Thomas, Jessica N",JT1,Sales Associate,Fresno,Lourdes,6/9/2026,15:06,18:04,1:05,2:58,
"Thomas, Jessica N",JT1,Sales Associate,Fresno,Lourdes,6/10/2026,9:09,13:24,,4:15,
"Thomas, Jessica N",JT1,Sales Associate,Fresno,Lourdes,6/10/2026,13:36,13:59,0:12,0:33,
"Thomas, Jessica N",JT1,Sales Associate,Fresno,Lourdes,6/10/2026,15:02,18:03,1:03,3:01,
"Thomas, Jessica N",JT1,Sales Associate,Fresno,Lourdes,6/11/2026,9:24,12:33,,3:09,
"Thomas, Jessica N",JT1,Sales Associate,Fresno,Lourdes,6/11/2026,12:47,13:58,0:14,1:21,
"Thomas, Jessica N",JT1,Sales Associate,Fresno,Lourdes,6/11/2026,15:00,17:27,1:02,2:27,
"Thomas, Jessica N",JT1,Sales Associate,Fresno,Lourdes,6/11/2026,17:39,17:50,0:12,0:21,
"Thomas, Jessica N",JT1,Sales Associate,Fresno,Lourdes,6/12/2026,9:08,14:01,,4:53,
"Thomas, Jessica N",JT1,Sales Associate,Fresno,Lourdes,6/12/2026,15:10,17:45,1:09,2:35,
"Thomas, Jessica N",JT1,Sales Associate,Fresno,Lourdes,6/19/2026,9:07,13:54,,4:47,
"Thomas, Jessica N",JT1,Sales Associate,Fresno,Lourdes,6/19/2026,14:59,17:08,1:05,2:09,
"Thomas, Jessica N",JT1,Sales Associate,Fresno,Lourdes,6/19/2026,17:20,18:10,0:12,1:00,
"Thomas, Jessica N",JT1,Sales Associate,Fresno,Lourdes,6/20/2026,9:00,17:00,,8:00,
"Thomas, Jessica N",JT1,Sales Associate,Fresno,Lourdes,6/21/2026,10:18,13:41,,3:23,
"Thomas, Jessica N",JT1,Sales Associate,Fresno,Lourdes,6/21/2026,14:47,17:06,1:06,2:19,
"Thomas, Jessica N",JT1,Sales Associate,Fresno,Lourdes,6/22/2026,9:09,13:41,,4:32,
"Thomas, Jessica N",JT1,Sales Associate,Fresno,Lourdes,6/22/2026,14:45,18:12,1:04,3:27,
"Thomas, Jessica N",JT1,Sales Associate,Fresno,Lourdes,6/23/2026,11:38,16:13,,4:35,
"Thomas, Jessica N",JT1,Sales Associate,Fresno,Lourdes,6/23/2026,17:17,20:06,1:04,2:49,
"Thomas, Jessica N",JT1,Sales Associate,Fresno,Lourdes,6/25/2026,9:07,12:36,,3:29,
"Thomas, Jessica N",JT1,Sales Associate,Fresno,Lourdes,6/25/2026,12:50,13:57,0:14,1:17,
"Thomas, Jessica N",JT1,Sales Associate,Fresno,Lourdes,6/25/2026,15:01,17:17,1:04,2:16,
"Thomas, Jessica N",JT1,Sales Associate,Fresno,Lourdes,6/25/2026,17:28,18:02,0:11,0:44,
"Thomas, Jessica N",JT1,Sales Associate,Fresno,Lourdes,6/26/2026,9:08,12:50,,3:42,
"Thomas, Jessica N",JT1,Sales Associate,Fresno,Lourdes,6/26/2026,13:02,13:24,0:12,0:32,
"Thomas, Jessica N",JT1,Sales Associate,Fresno,Lourdes,6/26/2026,14:28,16:00,1:04,1:32,
"Thomas, Jessica N",JT1,Sales Associate,Fresno,Lourdes,6/26/2026,16:15,18:20,0:15,2:15,
"Thomas, Jessica N",JT1,Sales Associate,Fresno,Lourdes,6/27/2026,9:03,11:29,,2:26,
"Thomas, Jessica N",JT1,Sales Associate,Fresno,Lourdes,6/27/2026,11:43,13:31,0:14,1:58,
"Thomas, Jessica N",JT1,Sales Associate,Fresno,Lourdes,6/27/2026,14:37,16:37,1:06,2:00,
"Thomas, Jessica N",JT1,Sales Associate,Fresno,Lourdes,6/27/2026,16:51,17:56,0:14,1:15,
"Thomas, Jessica N",JT1,Sales Associate,Fresno,Lourdes,6/29/2026,9:01,13:43,,4:42,
"Thomas, Jessica N",JT1,Sales Associate,Fresno,Lourdes,6/29/2026,14:52,18:06,1:09,3:14,
"Thomas, Jessica N",JT1,Sales Associate,Fresno,Lourdes,6/30/2026,9:08,14:04,,4:56,
"Thomas, Jessica N",JT1,Sales Associate,Fresno,Lourdes,6/30/2026,15:10,18:23,1:06,3:13,
"Torres Lopez, Vivian",VG1,Sales Associate,Plaza Bonita,Syed,6/1/2026,9:06,13:22,,4:16,
"Torres Lopez, Vivian",VG1,Sales Associate,Plaza Bonita,Syed,6/1/2026,14:24,17:51,1:02,3:27,
"Torres Lopez, Vivian",VG1,Sales Associate,Plaza Bonita,Syed,6/4/2026,9:13,13:14,,4:01,
"Torres Lopez, Vivian",VG1,Sales Associate,Plaza Bonita,Syed,6/4/2026,14:16,18:11,1:02,3:55,
"Torres Lopez, Vivian",VG1,Sales Associate,Plaza Bonita,Syed,6/5/2026,12:32,15:46,,3:14,
"Torres Lopez, Vivian",VG1,Sales Associate,Plaza Bonita,Syed,6/5/2026,16:48,21:20,1:02,4:32,
"Torres Lopez, Vivian",VG1,Sales Associate,Plaza Bonita,Syed,6/6/2026,12:30,15:28,,2:58,
"Torres Lopez, Vivian",VG1,Sales Associate,Plaza Bonita,Syed,6/6/2026,16:32,21:17,1:04,4:45,
"Torres Lopez, Vivian",VG1,Sales Associate,Plaza Bonita,Syed,6/7/2026,10:32,15:03,,4:31,
"Torres Lopez, Vivian",VG1,Sales Associate,Plaza Bonita,Syed,6/7/2026,16:07,19:21,1:04,3:14,
"Torres Lopez, Vivian",VG1,Sales Associate,Plaza Bonita,Syed,6/8/2026,11:44,15:19,,3:35,
"Torres Lopez, Vivian",VG1,Sales Associate,Plaza Bonita,Syed,6/8/2026,15:32,16:02,0:13,0:40,
"Torres Lopez, Vivian",VG1,Sales Associate,Plaza Bonita,Syed,6/8/2026,17:01,19:24,0:59,2:23,
"Torres Lopez, Vivian",VG1,Sales Associate,Plaza Bonita,Syed,6/8/2026,19:36,20:38,0:12,1:12,
"Torres Lopez, Vivian",VG1,Sales Associate,Plaza Bonita,Syed,6/10/2026,11:43,16:25,,4:42,
"Torres Lopez, Vivian",VG1,Sales Associate,Plaza Bonita,Syed,6/10/2026,17:28,20:42,1:03,3:14,
"Torres Lopez, Vivian",VG1,Sales Associate,Plaza Bonita,Syed,6/12/2026,9:21,13:33,,4:12,
"Torres Lopez, Vivian",VG1,Sales Associate,Plaza Bonita,Syed,6/12/2026,14:37,17:45,1:04,3:08,
"Torres Lopez, Vivian",VG1,Sales Associate,Plaza Bonita,Syed,6/13/2026,12:29,15:18,,2:49,
"Torres Lopez, Vivian",VG1,Sales Associate,Plaza Bonita,Syed,6/13/2026,15:31,16:18,0:13,0:57,
"Torres Lopez, Vivian",VG1,Sales Associate,Plaza Bonita,Syed,6/13/2026,17:24,19:44,1:06,2:20,
"Torres Lopez, Vivian",VG1,Sales Associate,Plaza Bonita,Syed,6/13/2026,19:55,21:32,0:11,1:47,
"Torres Lopez, Vivian",VG1,Sales Associate,Plaza Bonita,Syed,6/14/2026,10:28,13:30,,3:02,
"Torres Lopez, Vivian",VG1,Sales Associate,Plaza Bonita,Syed,6/14/2026,14:34,19:08,1:04,4:34,
"Torres Lopez, Vivian",VG1,Sales Associate,Plaza Bonita,Syed,6/15/2026,9:00,13:43,,4:43,
"Torres Lopez, Vivian",VG1,Sales Associate,Plaza Bonita,Syed,6/15/2026,14:47,17:45,1:04,2:58,
"Torres Lopez, Vivian",VG1,Sales Associate,Plaza Bonita,Syed,6/16/2026,11:45,15:21,,3:36,
"Torres Lopez, Vivian",VG1,Sales Associate,Plaza Bonita,Syed,6/16/2026,15:32,16:01,0:11,0:39,
"Torres Lopez, Vivian",VG1,Sales Associate,Plaza Bonita,Syed,6/16/2026,17:05,21:16,1:04,4:11,
"Torres Lopez, Vivian",VG1,Sales Associate,Plaza Bonita,Syed,6/17/2026,9:23,13:17,,3:54,
"Torres Lopez, Vivian",VG1,Sales Associate,Plaza Bonita,Syed,6/17/2026,14:21,17:14,1:04,2:53,
"Torres Lopez, Vivian",VG1,Sales Associate,Plaza Bonita,Syed,6/17/2026,17:27,18:13,0:13,0:56,
"Torres Lopez, Vivian",VG1,Sales Associate,Plaza Bonita,Syed,6/20/2026,12:47,16:16,,3:29,
"Torres Lopez, Vivian",VG1,Sales Associate,Plaza Bonita,Syed,6/20/2026,17:23,21:25,1:07,4:02,
"Torres Lopez, Vivian",VG1,Sales Associate,Plaza Bonita,Syed,6/21/2026,10:27,14:18,,3:51,
"Torres Lopez, Vivian",VG1,Sales Associate,Plaza Bonita,Syed,6/21/2026,15:22,19:16,1:04,3:54,
"Torres Lopez, Vivian",VG1,Sales Associate,Plaza Bonita,Syed,6/22/2026,9:21,14:01,,4:40,
"Torres Lopez, Vivian",VG1,Sales Associate,Plaza Bonita,Syed,6/22/2026,15:06,18:05,1:05,2:59,
"Torres Lopez, Vivian",VG1,Sales Associate,Plaza Bonita,Syed,6/25/2026,9:11,13:13,,4:02,
"Torres Lopez, Vivian",VG1,Sales Associate,Plaza Bonita,Syed,6/25/2026,14:16,18:03,1:03,3:47,
"Torres Lopez, Vivian",VG1,Sales Associate,Plaza Bonita,Syed,6/26/2026,12:48,15:04,,2:16,
"Torres Lopez, Vivian",VG1,Sales Associate,Plaza Bonita,Syed,6/26/2026,15:14,16:00,0:10,0:56,
"Torres Lopez, Vivian",VG1,Sales Associate,Plaza Bonita,Syed,6/26/2026,17:04,21:21,1:04,4:17,
"Torres Lopez, Vivian",VG1,Sales Associate,Plaza Bonita,Syed,6/27/2026,9:26,12:40,,3:14,
"Torres Lopez, Vivian",VG1,Sales Associate,Plaza Bonita,Syed,6/27/2026,12:50,13:00,0:10,0:20,
"Torres Lopez, Vivian",VG1,Sales Associate,Plaza Bonita,Syed,6/27/2026,14:02,17:59,1:02,3:57,
"Torres Lopez, Vivian",VG1,Sales Associate,Plaza Bonita,Syed,6/28/2026,10:28,13:47,,3:19,
"Torres Lopez, Vivian",VG1,Sales Associate,Plaza Bonita,Syed,6/28/2026,14:50,19:30,1:03,4:40,
"Torres Lopez, Vivian",VG1,Sales Associate,Plaza Bonita,Syed,6/29/2026,11:49,14:51,,3:02,
"Torres Lopez, Vivian",VG1,Sales Associate,Plaza Bonita,Syed,6/29/2026,15:01,15:43,0:10,0:52,
"Torres Lopez, Vivian",VG1,Sales Associate,Plaza Bonita,Syed,6/29/2026,16:45,20:23,1:02,3:38,
"Torres Lopez, Vivian",VG1,Sales Associate,Plaza Bonita,Syed,6/30/2026,11:46,16:16,,4:30,
"Torres Lopez, Vivian",VG1,Sales Associate,Plaza Bonita,Syed,6/30/2026,17:17,20:12,1:01,2:55,
"Torres Lozano, Andrea B",AT3,Sales Associate,Valley Fair,Lynette,6/1/2026,9:01,11:08,,2:07,
"Torres Lozano, Andrea B",AT3,Sales Associate,Valley Fair,Lynette,6/1/2026,11:18,13:17,0:10,2:09,
"Torres Lozano, Andrea B",AT3,Sales Associate,Valley Fair,Lynette,6/1/2026,14:20,17:32,1:03,3:12,
"Torres Lozano, Andrea B",AT3,Sales Associate,Valley Fair,Lynette,6/1/2026,17:42,18:12,0:10,0:40,
"Torres Lozano, Andrea B",AT3,Sales Associate,Valley Fair,Lynette,6/5/2026,9:02,12:23,,3:21,
"Torres Lozano, Andrea B",AT3,Sales Associate,Valley Fair,Lynette,6/5/2026,12:34,13:36,0:11,1:12,
"Torres Lozano, Andrea B",AT3,Sales Associate,Valley Fair,Lynette,6/5/2026,14:34,18:10,0:58,3:36,
"Torres Lozano, Andrea B",AT3,Sales Associate,Valley Fair,Lynette,6/6/2026,9:05,13:33,,4:28,
"Torres Lozano, Andrea B",AT3,Sales Associate,Valley Fair,Lynette,6/6/2026,14:30,18:04,0:57,3:34,
"Torres Lozano, Andrea B",AT3,Sales Associate,Valley Fair,Lynette,6/7/2026,8:58,12:33,,3:35,
"Torres Lozano, Andrea B",AT3,Sales Associate,Valley Fair,Lynette,6/7/2026,12:43,13:46,0:10,1:13,
"Torres Lozano, Andrea B",AT3,Sales Associate,Valley Fair,Lynette,6/7/2026,14:44,16:56,0:58,2:12,
"Torres Lozano, Andrea B",AT3,Sales Associate,Valley Fair,Lynette,6/7/2026,17:06,18:00,0:10,1:04,
"Torres Lozano, Andrea B",AT3,Sales Associate,Valley Fair,Lynette,6/8/2026,9:00,13:54,,4:54,
"Torres Lozano, Andrea B",AT3,Sales Associate,Valley Fair,Lynette,6/8/2026,14:54,18:01,1:00,3:07,
"Torres Lozano, Andrea B",AT3,Sales Associate,Valley Fair,Lynette,6/12/2026,8:55,12:07,,3:12,
"Torres Lozano, Andrea B",AT3,Sales Associate,Valley Fair,Lynette,6/12/2026,12:17,13:36,0:10,1:29,
"Torres Lozano, Andrea B",AT3,Sales Associate,Valley Fair,Lynette,6/12/2026,14:36,17:35,1:00,2:59,
"Torres Lozano, Andrea B",AT3,Sales Associate,Valley Fair,Lynette,6/12/2026,17:46,18:16,0:11,0:40,
"Torres Lozano, Andrea B",AT3,Sales Associate,Valley Fair,Lynette,6/13/2026,8:57,12:05,,3:08,
"Torres Lozano, Andrea B",AT3,Sales Associate,Valley Fair,Lynette,6/13/2026,12:15,13:35,0:10,1:30,
"Torres Lozano, Andrea B",AT3,Sales Associate,Valley Fair,Lynette,6/13/2026,14:37,17:30,1:02,2:53,
"Torres Lozano, Andrea B",AT3,Sales Associate,Valley Fair,Lynette,6/13/2026,17:41,18:00,0:11,0:29,
"Torres Lozano, Andrea B",AT3,Sales Associate,Valley Fair,Lynette,6/14/2026,8:58,11:58,,3:00,
"Torres Lozano, Andrea B",AT3,Sales Associate,Valley Fair,Lynette,6/14/2026,12:11,13:25,0:13,1:24,
"Torres Lozano, Andrea B",AT3,Sales Associate,Valley Fair,Lynette,6/14/2026,14:25,16:38,1:00,2:13,
"Torres Lozano, Andrea B",AT3,Sales Associate,Valley Fair,Lynette,6/14/2026,16:49,18:04,0:11,1:25,
"Torres Lozano, Andrea B",AT3,Sales Associate,Valley Fair,Lynette,6/19/2026,9:14,12:32,,3:18,
"Torres Lozano, Andrea B",AT3,Sales Associate,Valley Fair,Lynette,6/19/2026,12:42,13:34,0:10,1:02,
"Torres Lozano, Andrea B",AT3,Sales Associate,Valley Fair,Lynette,6/19/2026,14:36,17:30,1:02,2:54,
"Torres Lozano, Andrea B",AT3,Sales Associate,Valley Fair,Lynette,6/19/2026,17:41,18:18,0:11,0:47,
"Torres Lozano, Andrea B",AT3,Sales Associate,Valley Fair,Lynette,6/20/2026,9:14,12:16,,3:02,
"Torres Lozano, Andrea B",AT3,Sales Associate,Valley Fair,Lynette,6/20/2026,12:30,13:19,0:14,0:59,
"Torres Lozano, Andrea B",AT3,Sales Associate,Valley Fair,Lynette,6/20/2026,14:20,18:16,1:01,3:56,
"Torres Lozano, Andrea B",AT3,Sales Associate,Valley Fair,Lynette,6/21/2026,9:16,12:05,,2:49,
"Torres Lozano, Andrea B",AT3,Sales Associate,Valley Fair,Lynette,6/21/2026,12:17,13:27,0:12,1:20,
"Torres Lozano, Andrea B",AT3,Sales Associate,Valley Fair,Lynette,6/21/2026,14:27,18:14,1:00,3:47,
"Torres Lozano, Andrea B",AT3,Sales Associate,Valley Fair,Lynette,6/26/2026,9:13,13:13,,4:00,
"Torres Lozano, Andrea B",AT3,Sales Associate,Valley Fair,Lynette,6/26/2026,14:16,18:23,1:03,4:07,
"Torres Lozano, Andrea B",AT3,Sales Associate,Valley Fair,Lynette,6/27/2026,9:13,12:09,,2:56,
"Torres Lozano, Andrea B",AT3,Sales Associate,Valley Fair,Lynette,6/27/2026,12:19,13:38,0:10,1:29,
"Torres Lozano, Andrea B",AT3,Sales Associate,Valley Fair,Lynette,6/27/2026,14:36,17:59,0:58,3:23,
"Torres Lozano, Andrea B",AT3,Sales Associate,Valley Fair,Lynette,6/27/2026,18:11,18:15,0:12,0:14,
"Torres Lozano, Andrea B",AT3,Sales Associate,Valley Fair,Lynette,6/28/2026,9:09,13:20,,4:11,
"Torres Lozano, Andrea B",AT3,Sales Associate,Valley Fair,Lynette,6/28/2026,14:22,17:48,1:02,3:26,
"Torres Lozano, Andrea B",AT3,Sales Associate,Valley Fair,Lynette,6/28/2026,17:58,20:11,0:10,2:23,
"Torres Lozano, Andrea B",AT3,Sales Associate,Valley Fair,Lynette,6/29/2026,9:09,13:39,,4:30,
"Torres Lozano, Andrea B",AT3,Sales Associate,Valley Fair,Lynette,6/29/2026,14:36,17:00,0:57,2:24,
"Torres Lozano, Andrea B",AT3,Sales Associate,Valley Fair,Lynette,6/29/2026,17:10,18:17,0:10,1:17,
"Torres, Desteny",,,,,6/5/2026,9:00,13:57,,4:57,
"Torres, Desteny",,,,,6/5/2026,14:57,17:10,1:00,2:13,
"Torres, Desteny",,,,,6/6/2026,9:00,13:27,,4:27,
"Torres, Desteny",,,,,6/6/2026,14:27,17:13,1:00,2:46,
"Torres, Desteny",,,,,6/7/2026,10:15,13:01,,2:46,
"Torres, Desteny",,,,,6/7/2026,13:12,13:43,0:11,0:41,
"Torres, Desteny",,,,,6/7/2026,14:43,18:16,1:00,3:33,
"Torres, Desteny",,,,,6/8/2026,11:33,15:27,,3:54,
"Torres, Desteny",,,,,6/8/2026,16:29,18:57,1:02,2:28,
"Torres, Desteny",,,,,6/8/2026,19:07,20:39,0:10,1:42,
"Torres, Desteny",,,,,6/11/2026,9:07,12:55,,3:48,
"Torres, Desteny",,,,,6/11/2026,13:06,13:41,0:11,0:45,
"Torres, Desteny",,,,,6/11/2026,14:42,17:00,1:01,2:18,
"Torres, Desteny",,,,,6/12/2026,11:32,14:14,,2:42,
"Torres, Desteny",,,,,6/12/2026,14:25,15:31,0:11,1:16,
"Torres, Desteny",,,,,6/12/2026,16:31,20:03,1:00,3:32,
"Torres, Desteny",,,,,6/13/2026,12:31,15:14,,2:43,
"Torres, Desteny",,,,,6/13/2026,15:25,16:04,0:11,0:49,
"Torres, Desteny",,,,,6/13/2026,17:05,20:24,1:01,3:19,
"Torres, Desteny",,,,,6/14/2026,10:16,14:24,,4:08,
"Torres, Desteny",,,,,6/14/2026,15:23,18:20,0:59,2:57,
"Torres, Desteny",,,,,6/15/2026,9:07,13:05,,3:58,
"Torres, Desteny",,,,,6/15/2026,14:08,17:17,1:03,3:09,
"Torres, Desteny",,,,,6/17/2026,12:30,16:44,,4:14,
"Torres, Desteny",,,,,6/17/2026,17:43,20:01,0:59,2:18,
"Torres, Desteny",,,,,6/18/2026,12:27,16:16,,3:49,
"Torres, Desteny",,,,,6/18/2026,17:17,20:09,1:01,2:52,
"Torres, Desteny",,,,,6/19/2026,9:07,13:48,,4:41,
"Torres, Desteny",,,,,6/19/2026,14:49,17:01,1:01,2:12,
"Torres, Desteny",,,,,6/21/2026,11:16,13:10,,1:54,
"Torres, Desteny",,,,,6/21/2026,13:20,14:59,0:10,1:49,
"Torres, Desteny",,,,,6/21/2026,15:58,18:12,0:59,2:14,
"Torres, Desteny",,,,,6/21/2026,18:23,19:12,0:11,0:59,
"Torres, Desteny",,,,,6/22/2026,12:31,16:11,,3:40,
"Torres, Desteny",,,,,6/22/2026,17:14,20:19,1:03,3:05,
"Torres, Desteny",,,,,6/23/2026,12:33,15:55,,3:22,
"Torres, Desteny",,,,,6/23/2026,16:56,20:07,1:01,3:11,
"Torres, Desteny",,,,,6/27/2026,9:03,12:56,,3:53,
"Torres, Desteny",,,,,6/27/2026,13:56,17:39,1:00,3:43,
"Torres, Desteny",,,,,6/28/2026,11:17,12:59,,1:42,
"Torres, Desteny",,,,,6/28/2026,14:01,17:04,1:02,3:03,
"Torres, Desteny",,,,,6/28/2026,17:14,19:23,0:10,2:19,
"Torres, Desteny",,,,,6/29/2026,12:31,14:54,,2:23,
"Torres, Desteny",,,,,6/29/2026,15:04,16:21,0:10,1:27,
"Torres, Desteny",,,,,6/29/2026,17:23,20:15,1:02,2:52,
"Torres, Desteny",,,,,6/30/2026,12:29,15:49,,3:20,
"Torres, Desteny",,,,,6/30/2026,16:48,20:12,0:59,3:24,
"Trinidad, Maria U",BT,Manager,Serramonte,AJ,6/2/2026,10:29,15:16,,4:47,
"Trinidad, Maria U",BT,Manager,Serramonte,AJ,6/2/2026,15:46,16:59,0:30,1:13,
"Trinidad, Maria U",BT,Manager,Serramonte,AJ,6/2/2026,17:29,19:45,0:30,2:16,
"Trinidad, Maria U",BT,Manager,Serramonte,AJ,6/2/2026,19:58,21:46,0:13,1:58,
"Trinidad, Maria U",BT,Manager,Serramonte,AJ,6/3/2026,9:30,12:32,,3:02,
"Trinidad, Maria U",BT,Manager,Serramonte,AJ,6/3/2026,13:38,17:38,1:06,4:00,
"Trinidad, Maria U",BT,Manager,Serramonte,AJ,6/3/2026,17:50,21:15,0:12,3:35,
"Trinidad, Maria U",BT,Manager,Serramonte,AJ,6/4/2026,9:30,13:16,,3:46,
"Trinidad, Maria U",BT,Manager,Serramonte,AJ,6/4/2026,14:06,18:30,0:50,4:24,
"Trinidad, Maria U",BT,Manager,Serramonte,AJ,6/5/2026,10:28,14:23,,3:55,
"Trinidad, Maria U",BT,Manager,Serramonte,AJ,6/5/2026,15:22,20:27,0:59,5:05,
"Trinidad, Maria U",BT,Manager,Serramonte,AJ,6/5/2026,20:37,21:43,0:10,1:16,
"Trinidad, Maria U",BT,Manager,Serramonte,AJ,6/6/2026,9:29,13:17,,3:48,
"Trinidad, Maria U",BT,Manager,Serramonte,AJ,6/6/2026,14:02,17:34,0:45,3:32,
"Trinidad, Maria U",BT,Manager,Serramonte,AJ,6/7/2026,12:28,16:52,,4:24,
"Trinidad, Maria U",BT,Manager,Serramonte,AJ,6/7/2026,17:23,19:03,0:31,1:40,
"Trinidad, Maria U",BT,Manager,Serramonte,AJ,6/9/2026,11:24,15:32,,4:08,
"Trinidad, Maria U",BT,Manager,Serramonte,AJ,6/9/2026,16:27,21:32,0:55,5:05,
"Trinidad, Maria U",BT,Manager,Serramonte,AJ,6/10/2026,9:30,13:04,,3:34,
"Trinidad, Maria U",BT,Manager,Serramonte,AJ,6/10/2026,13:34,21:28,0:30,7:54,
"Trinidad, Maria U",BT,Manager,Serramonte,AJ,6/11/2026,9:31,14:25,,4:54,
"Trinidad, Maria U",BT,Manager,Serramonte,AJ,6/11/2026,14:55,19:39,0:30,4:44,
"Trinidad, Maria U",BT,Manager,Serramonte,AJ,6/12/2026,10:28,15:23,,4:55,
"Trinidad, Maria U",BT,Manager,Serramonte,AJ,6/12/2026,15:53,21:58,0:30,6:05,
"Trinidad, Maria U",BT,Manager,Serramonte,AJ,6/13/2026,9:28,14:21,,4:53,
"Trinidad, Maria U",BT,Manager,Serramonte,AJ,6/13/2026,14:52,20:56,0:31,6:04,
"Trinidad, Maria U",BT,Manager,Serramonte,AJ,6/14/2026,12:09,16:55,,4:46,
"Trinidad, Maria U",BT,Manager,Serramonte,AJ,6/14/2026,17:25,19:30,0:30,2:05,
"Trinidad, Maria U",BT,Manager,Serramonte,AJ,6/16/2026,10:06,14:53,,4:47,
"Trinidad, Maria U",BT,Manager,Serramonte,AJ,6/16/2026,15:24,21:42,0:31,6:18,
"Trinidad, Maria U",BT,Manager,Serramonte,AJ,6/17/2026,9:28,13:17,,3:49,
"Trinidad, Maria U",BT,Manager,Serramonte,AJ,6/17/2026,13:27,14:26,0:10,1:09,
"Trinidad, Maria U",BT,Manager,Serramonte,AJ,6/17/2026,14:56,19:41,0:30,4:45,
"Trinidad, Maria U",BT,Manager,Serramonte,AJ,6/18/2026,9:29,13:15,,3:46,
"Trinidad, Maria U",BT,Manager,Serramonte,AJ,6/18/2026,13:50,20:26,0:35,6:36,
"Trinidad, Maria U",BT,Manager,Serramonte,AJ,6/19/2026,10:23,15:16,,4:53,
"Trinidad, Maria U",BT,Manager,Serramonte,AJ,6/19/2026,15:46,20:59,0:30,5:13,
"Trinidad, Maria U",BT,Manager,Serramonte,AJ,6/20/2026,10:29,15:28,,4:59,
"Trinidad, Maria U",BT,Manager,Serramonte,AJ,6/20/2026,15:58,20:57,0:30,4:59,
"Trinidad, Maria U",BT,Manager,Serramonte,AJ,6/21/2026,12:27,17:18,,4:51,
"Trinidad, Maria U",BT,Manager,Serramonte,AJ,6/21/2026,17:51,19:56,0:33,2:05,
"Trinidad, Maria U",BT,Manager,Serramonte,AJ,6/22/2026,10:27,15:21,,4:54,
"Trinidad, Maria U",BT,Manager,Serramonte,AJ,6/22/2026,15:51,20:03,0:30,4:12,
"Trinidad, Maria U",BT,Manager,Serramonte,AJ,6/23/2026,11:21,16:15,,4:54,
"Trinidad, Maria U",BT,Manager,Serramonte,AJ,6/23/2026,16:45,20:56,0:30,4:11,
"Trinidad, Maria U",BT,Manager,Serramonte,AJ,6/24/2026,9:35,14:26,,4:51,
"Trinidad, Maria U",BT,Manager,Serramonte,AJ,6/24/2026,14:56,17:46,0:30,2:50,
"Trinidad, Maria U",BT,Manager,Serramonte,AJ,6/24/2026,18:16,21:16,0:30,3:00,
"Trinidad, Maria U",BT,Manager,Serramonte,AJ,6/25/2026,9:32,14:19,,4:47,
"Trinidad, Maria U",BT,Manager,Serramonte,AJ,6/25/2026,14:49,19:14,0:30,4:25,
"Trinidad, Maria U",BT,Manager,Serramonte,AJ,6/25/2026,19:46,21:29,0:32,1:43,
"Trinidad, Maria U",BT,Manager,Serramonte,AJ,6/26/2026,10:26,12:54,,2:28,
"Trinidad, Maria U",BT,Manager,Serramonte,AJ,6/26/2026,13:06,15:22,0:12,2:26,
"Trinidad, Maria U",BT,Manager,Serramonte,AJ,6/26/2026,15:54,19:15,0:32,3:21,
"Trinidad, Maria U",BT,Manager,Serramonte,AJ,6/26/2026,19:45,21:15,0:30,1:30,
"Trinidad, Maria U",BT,Manager,Serramonte,AJ,6/27/2026,10:31,15:23,,4:52,
"Trinidad, Maria U",BT,Manager,Serramonte,AJ,6/27/2026,15:53,19:48,0:30,3:55,
"Trinidad, Maria U",BT,Manager,Serramonte,AJ,6/27/2026,20:00,20:43,0:12,0:53,
"Trinidad, Maria U",BT,Manager,Serramonte,AJ,6/30/2026,11:11,15:57,,4:46,
"Trinidad, Maria U",BT,Manager,Serramonte,AJ,6/30/2026,16:27,21:40,0:30,5:13,
"Valichetty, Ruchitha",RV2,Sales Associate,Palmdale,Cecilia,6/2/2026,12:00,14:00,,2:00,
"Valichetty, Ruchitha",RV2,Sales Associate,Palmdale,Cecilia,6/2/2026,14:10,15:40,0:10,1:40,
"Valichetty, Ruchitha",RV2,Sales Associate,Palmdale,Cecilia,6/2/2026,16:40,20:48,1:00,4:08,
"Valichetty, Ruchitha",RV2,Sales Associate,Palmdale,Cecilia,6/3/2026,12:43,15:42,,2:59,
"Valichetty, Ruchitha",RV2,Sales Associate,Palmdale,Cecilia,6/3/2026,16:40,20:52,0:58,4:12,
"Valichetty, Ruchitha",RV2,Sales Associate,Palmdale,Cecilia,6/4/2026,12:00,16:15,,4:15,
"Valichetty, Ruchitha",RV2,Sales Associate,Palmdale,Cecilia,6/4/2026,17:16,19:12,1:01,1:56,
"Valichetty, Ruchitha",RV2,Sales Associate,Palmdale,Cecilia,6/4/2026,19:22,20:55,0:10,1:43,
"Valichetty, Ruchitha",RV2,Sales Associate,Palmdale,Cecilia,6/5/2026,8:55,12:02,,3:07,
"Valichetty, Ruchitha",RV2,Sales Associate,Palmdale,Cecilia,6/5/2026,13:02,15:32,1:00,2:30,
"Valichetty, Ruchitha",RV2,Sales Associate,Palmdale,Cecilia,6/5/2026,15:42,17:06,0:10,1:34,
"Valichetty, Ruchitha",RV2,Sales Associate,Palmdale,Cecilia,6/5/2026,17:36,21:08,0:30,3:32,
"Valichetty, Ruchitha",RV2,Sales Associate,Palmdale,Cecilia,6/6/2026,9:04,10:51,,1:47,
"Valichetty, Ruchitha",RV2,Sales Associate,Palmdale,Cecilia,6/6/2026,11:02,12:55,0:11,2:03,
"Valichetty, Ruchitha",RV2,Sales Associate,Palmdale,Cecilia,6/6/2026,13:56,17:50,1:01,3:54,
"Valichetty, Ruchitha",RV2,Sales Associate,Palmdale,Cecilia,6/6/2026,18:21,20:56,0:31,2:35,
"Valichetty, Ruchitha",RV2,Sales Associate,Palmdale,Cecilia,6/7/2026,10:01,12:16,,2:15,
"Valichetty, Ruchitha",RV2,Sales Associate,Palmdale,Cecilia,6/7/2026,13:17,17:32,1:01,4:15,
"Valichetty, Ruchitha",RV2,Sales Associate,Palmdale,Cecilia,6/7/2026,17:43,19:04,0:11,1:31,
"Valichetty, Ruchitha",RV2,Sales Associate,Palmdale,Cecilia,6/9/2026,12:31,14:51,,2:20,
"Valichetty, Ruchitha",RV2,Sales Associate,Palmdale,Cecilia,6/9/2026,15:02,17:00,0:11,2:08,
"Valichetty, Ruchitha",RV2,Sales Associate,Palmdale,Cecilia,6/9/2026,18:00,20:34,1:00,2:34,
"Valichetty, Ruchitha",RV2,Sales Associate,Palmdale,Cecilia,6/10/2026,10:00,14:31,,4:31,
"Valichetty, Ruchitha",RV2,Sales Associate,Palmdale,Cecilia,6/10/2026,15:32,18:20,1:01,2:48,
"Valichetty, Ruchitha",RV2,Sales Associate,Palmdale,Cecilia,6/10/2026,18:51,21:18,0:31,2:27,
"Valichetty, Ruchitha",RV2,Sales Associate,Palmdale,Cecilia,6/11/2026,12:29,15:16,,2:47,
"Valichetty, Ruchitha",RV2,Sales Associate,Palmdale,Cecilia,6/11/2026,15:27,16:01,0:11,0:44,
"Valichetty, Ruchitha",RV2,Sales Associate,Palmdale,Cecilia,6/11/2026,17:02,19:11,1:01,2:09,
"Valichetty, Ruchitha",RV2,Sales Associate,Palmdale,Cecilia,6/11/2026,19:23,20:18,0:12,1:05,
"Valichetty, Ruchitha",RV2,Sales Associate,Palmdale,Cecilia,6/12/2026,8:55,12:41,,3:46,
"Valichetty, Ruchitha",RV2,Sales Associate,Palmdale,Cecilia,6/12/2026,13:42,16:05,1:01,2:23,
"Valichetty, Ruchitha",RV2,Sales Associate,Palmdale,Cecilia,6/12/2026,16:16,18:29,0:11,2:23,
"Valichetty, Ruchitha",RV2,Sales Associate,Palmdale,Cecilia,6/12/2026,18:59,21:21,0:30,2:22,
"Valichetty, Ruchitha",RV2,Sales Associate,Palmdale,Cecilia,6/13/2026,9:01,12:30,,3:29,
"Valichetty, Ruchitha",RV2,Sales Associate,Palmdale,Cecilia,6/13/2026,13:31,15:22,1:01,1:51,
"Valichetty, Ruchitha",RV2,Sales Associate,Palmdale,Cecilia,6/13/2026,15:32,17:15,0:10,1:53,
"Valichetty, Ruchitha",RV2,Sales Associate,Palmdale,Cecilia,6/13/2026,17:46,21:11,0:31,3:25,
"Valichetty, Ruchitha",RV2,Sales Associate,Palmdale,Cecilia,6/14/2026,10:17,14:12,,3:55,
"Valichetty, Ruchitha",RV2,Sales Associate,Palmdale,Cecilia,6/14/2026,15:13,18:27,1:01,3:14,
"Valichetty, Ruchitha",RV2,Sales Associate,Palmdale,Cecilia,6/14/2026,18:37,19:25,0:10,0:58,
"Valichetty, Ruchitha",RV2,Sales Associate,Palmdale,Cecilia,6/15/2026,12:29,15:18,,2:49,
"Valichetty, Ruchitha",RV2,Sales Associate,Palmdale,Cecilia,6/15/2026,15:28,17:05,0:10,1:47,
"Valichetty, Ruchitha",RV2,Sales Associate,Palmdale,Cecilia,6/15/2026,18:05,20:25,1:00,2:20,
"Valichetty, Ruchitha",RV2,Sales Associate,Palmdale,Cecilia,6/16/2026,9:59,12:24,,2:25,
"Valichetty, Ruchitha",RV2,Sales Associate,Palmdale,Cecilia,6/16/2026,12:34,13:38,0:10,1:14,
"Valichetty, Ruchitha",RV2,Sales Associate,Palmdale,Cecilia,6/16/2026,14:38,19:08,1:00,4:30,
"Valichetty, Ruchitha",RV2,Sales Associate,Palmdale,Cecilia,6/16/2026,19:39,20:50,0:31,1:11,
"Valichetty, Ruchitha",RV2,Sales Associate,Palmdale,Cecilia,6/17/2026,10:00,12:13,,2:13,
"Valichetty, Ruchitha",RV2,Sales Associate,Palmdale,Cecilia,6/17/2026,12:23,14:00,0:10,1:47,
"Valichetty, Ruchitha",RV2,Sales Associate,Palmdale,Cecilia,6/17/2026,15:01,18:57,1:01,3:56,
"Valichetty, Ruchitha",RV2,Sales Associate,Palmdale,Cecilia,6/17/2026,19:27,20:47,0:30,1:20,
"Valichetty, Ruchitha",RV2,Sales Associate,Palmdale,Cecilia,6/19/2026,8:59,11:22,,2:23,
"Valichetty, Ruchitha",RV2,Sales Associate,Palmdale,Cecilia,6/19/2026,11:32,13:32,0:10,2:10,
"Valichetty, Ruchitha",RV2,Sales Associate,Palmdale,Cecilia,6/19/2026,14:32,16:42,1:00,2:10,
"Valichetty, Ruchitha",RV2,Sales Associate,Palmdale,Cecilia,6/19/2026,16:53,18:00,0:11,1:17,
"Valichetty, Ruchitha",RV2,Sales Associate,Palmdale,Cecilia,6/19/2026,18:31,20:05,0:31,1:34,
"Valichetty, Ruchitha",RV2,Sales Associate,Palmdale,Cecilia,6/20/2026,11:01,14:15,,3:14,
"Valichetty, Ruchitha",RV2,Sales Associate,Palmdale,Cecilia,6/20/2026,14:25,15:08,0:10,0:53,
"Valichetty, Ruchitha",RV2,Sales Associate,Palmdale,Cecilia,6/20/2026,16:08,17:33,1:00,1:25,
"Valichetty, Ruchitha",RV2,Sales Associate,Palmdale,Cecilia,6/20/2026,17:44,18:20,0:11,0:46,
"Valichetty, Ruchitha",RV2,Sales Associate,Palmdale,Cecilia,6/20/2026,18:51,21:16,0:31,2:25,
"Valichetty, Ruchitha",RV2,Sales Associate,Palmdale,Cecilia,6/21/2026,10:06,12:03,,1:57,
"Valichetty, Ruchitha",RV2,Sales Associate,Palmdale,Cecilia,6/21/2026,12:15,14:25,0:12,2:20,
"Valichetty, Ruchitha",RV2,Sales Associate,Palmdale,Cecilia,6/21/2026,15:26,18:32,1:01,3:06,
"Valichetty, Ruchitha",RV2,Sales Associate,Palmdale,Cecilia,6/21/2026,18:43,19:13,0:11,0:40,
"Valichetty, Ruchitha",RV2,Sales Associate,Palmdale,Cecilia,6/22/2026,10:00,12:55,,2:55,
"Valichetty, Ruchitha",RV2,Sales Associate,Palmdale,Cecilia,6/22/2026,13:07,14:34,0:12,1:37,
"Valichetty, Ruchitha",RV2,Sales Associate,Palmdale,Cecilia,6/22/2026,15:34,17:38,1:00,2:04,
"Valichetty, Ruchitha",RV2,Sales Associate,Palmdale,Cecilia,6/22/2026,17:49,19:02,0:11,1:23,
"Valichetty, Ruchitha",RV2,Sales Associate,Palmdale,Cecilia,6/23/2026,10:03,12:12,,2:09,
"Valichetty, Ruchitha",RV2,Sales Associate,Palmdale,Cecilia,6/23/2026,12:23,14:04,0:11,1:51,
"Valichetty, Ruchitha",RV2,Sales Associate,Palmdale,Cecilia,6/23/2026,15:03,17:17,0:59,2:14,
"Valichetty, Ruchitha",RV2,Sales Associate,Palmdale,Cecilia,6/23/2026,17:47,20:52,0:30,3:05,
"Valichetty, Ruchitha",RV2,Sales Associate,Palmdale,Cecilia,6/24/2026,10:01,11:35,,1:34,
"Valichetty, Ruchitha",RV2,Sales Associate,Palmdale,Cecilia,6/24/2026,11:46,13:59,0:11,2:23,
"Valichetty, Ruchitha",RV2,Sales Associate,Palmdale,Cecilia,6/24/2026,14:59,17:26,1:00,2:27,
"Valichetty, Ruchitha",RV2,Sales Associate,Palmdale,Cecilia,6/24/2026,17:57,20:06,0:31,2:09,
"Valichetty, Ruchitha",RV2,Sales Associate,Palmdale,Cecilia,6/25/2026,9:58,11:54,,1:56,
"Valichetty, Ruchitha",RV2,Sales Associate,Palmdale,Cecilia,6/25/2026,12:06,13:45,0:12,1:49,
"Valichetty, Ruchitha",RV2,Sales Associate,Palmdale,Cecilia,6/25/2026,14:45,16:57,1:00,2:12,
"Valichetty, Ruchitha",RV2,Sales Associate,Palmdale,Cecilia,6/25/2026,17:09,19:02,0:12,2:03,
"Valichetty, Ruchitha",RV2,Sales Associate,Palmdale,Cecilia,6/27/2026,9:08,10:49,,1:41,
"Valichetty, Ruchitha",RV2,Sales Associate,Palmdale,Cecilia,6/27/2026,10:59,13:00,0:10,2:11,
"Valichetty, Ruchitha",RV2,Sales Associate,Palmdale,Cecilia,6/27/2026,14:00,17:53,1:00,3:53,
"Valichetty, Ruchitha",RV2,Sales Associate,Palmdale,Cecilia,6/27/2026,18:22,20:05,0:29,1:43,
"Valichetty, Ruchitha",RV2,Sales Associate,Palmdale,Cecilia,6/28/2026,10:12,13:27,,3:15,
"Valichetty, Ruchitha",RV2,Sales Associate,Palmdale,Cecilia,6/28/2026,13:37,13:47,0:10,0:20,
"Valichetty, Ruchitha",RV2,Sales Associate,Palmdale,Cecilia,6/28/2026,14:47,17:08,1:00,2:21,
"Valichetty, Ruchitha",RV2,Sales Associate,Palmdale,Cecilia,6/28/2026,17:19,19:11,0:11,2:02,
"Valichetty, Ruchitha",RV2,Sales Associate,Palmdale,Cecilia,6/29/2026,10:01,12:36,,2:35,
"Valichetty, Ruchitha",RV2,Sales Associate,Palmdale,Cecilia,6/29/2026,12:47,14:31,0:11,1:54,
"Valichetty, Ruchitha",RV2,Sales Associate,Palmdale,Cecilia,6/29/2026,15:31,17:34,1:00,2:03,
"Valichetty, Ruchitha",RV2,Sales Associate,Palmdale,Cecilia,6/29/2026,18:05,19:08,0:31,1:03,
"Valichetty, Ruchitha",RV2,Sales Associate,Palmdale,Cecilia,6/29/2026,19:18,20:32,0:10,1:24,
"Valichetty, Ruchitha",RV2,Sales Associate,Palmdale,Cecilia,6/30/2026,10:55,12:42,,1:47,
"Valichetty, Ruchitha",RV2,Sales Associate,Palmdale,Cecilia,6/30/2026,12:52,15:47,0:10,3:05,
"Valichetty, Ruchitha",RV2,Sales Associate,Palmdale,Cecilia,6/30/2026,16:48,19:13,1:01,2:25,
"Valichetty, Ruchitha",RV2,Sales Associate,Palmdale,Cecilia,6/30/2026,19:23,20:33,0:10,1:20,
"Vargas, Angelica",ANG,Sales Associate,Eastridge,Aurelia,6/3/2026,9:08,13:12,,4:04,
"Vargas, Angelica",ANG,Sales Associate,Eastridge,Aurelia,6/3/2026,14:16,17:02,1:04,2:46,
"Vargas, Angelica",ANG,Sales Associate,Eastridge,Aurelia,6/4/2026,13:00,15:52,,2:52,
"Vargas, Angelica",ANG,Sales Associate,Eastridge,Aurelia,6/4/2026,16:39,20:04,0:47,3:25,
"Vargas, Angelica",ANG,Sales Associate,Eastridge,Aurelia,6/5/2026,12:59,16:00,,3:01,
"Vargas, Angelica",ANG,Sales Associate,Eastridge,Aurelia,6/5/2026,17:05,21:10,1:05,4:05,
"Vargas, Angelica",ANG,Sales Associate,Eastridge,Aurelia,6/6/2026,13:13,17:40,,4:27,
"Vargas, Angelica",ANG,Sales Associate,Eastridge,Aurelia,6/6/2026,18:29,20:06,0:49,1:37,
"Vargas, Angelica",ANG,Sales Associate,Eastridge,Aurelia,6/7/2026,11:05,15:45,,4:40,
"Vargas, Angelica",ANG,Sales Associate,Eastridge,Aurelia,6/7/2026,16:23,19:03,0:38,2:40,
"Vargas, Angelica",ANG,Sales Associate,Eastridge,Aurelia,6/8/2026,12:59,16:55,,3:56,
"Vargas, Angelica",ANG,Sales Associate,Eastridge,Aurelia,6/8/2026,17:36,20:02,0:41,2:26,
"Vargas, Angelica",ANG,Sales Associate,Eastridge,Aurelia,6/9/2026,13:06,16:36,,3:30,
"Vargas, Angelica",ANG,Sales Associate,Eastridge,Aurelia,6/9/2026,17:37,20:01,1:01,2:24,
"Vargas, Angelica",ANG,Sales Associate,Eastridge,Aurelia,6/10/2026,8:57,13:30,,4:33,
"Vargas, Angelica",ANG,Sales Associate,Eastridge,Aurelia,6/10/2026,14:32,17:04,1:02,2:32,
"Vargas, Angelica",ANG,Sales Associate,Eastridge,Aurelia,6/11/2026,12:00,15:56,,3:56,
"Vargas, Angelica",ANG,Sales Associate,Eastridge,Aurelia,6/11/2026,17:02,20:02,1:06,3:00,
"Vargas, Angelica",ANG,Sales Associate,Eastridge,Aurelia,6/12/2026,9:09,13:57,,4:48,
"Vargas, Angelica",ANG,Sales Associate,Eastridge,Aurelia,6/12/2026,15:07,17:09,1:10,2:02,
"Vargas, Angelica",ANG,Sales Associate,Eastridge,Aurelia,6/16/2026,8:00,16:00,,8:00,
"Vargas, Angelica",ANG,Sales Associate,Eastridge,Aurelia,6/17/2026,8:00,16:00,,8:00,
"Vargas, Angelica",ANG,Sales Associate,Eastridge,Aurelia,6/18/2026,8:00,16:00,,8:00,
"Vargas, Angelica",ANG,Sales Associate,Eastridge,Aurelia,6/19/2026,8:00,16:00,,8:00,
"Vargas, Angelica",ANG,Sales Associate,Eastridge,Aurelia,6/20/2026,8:00,16:00,,8:00,
"Vilchis, Maria De Lourdes",LV,Manager,Fresno,AJ,6/1/2026,11:50,16:20,,4:30,
"Vilchis, Maria De Lourdes",LV,Manager,Fresno,AJ,6/1/2026,17:08,20:11,0:48,3:03,
"Vilchis, Maria De Lourdes",LV,Manager,Fresno,AJ,6/2/2026,11:47,16:21,,4:34,
"Vilchis, Maria De Lourdes",LV,Manager,Fresno,AJ,6/2/2026,17:18,20:15,0:57,2:57,
"Vilchis, Maria De Lourdes",LV,Manager,Fresno,AJ,6/5/2026,11:52,16:46,,4:54,
"Vilchis, Maria De Lourdes",LV,Manager,Fresno,AJ,6/5/2026,17:34,20:09,0:48,2:35,
"Vilchis, Maria De Lourdes",LV,Manager,Fresno,AJ,6/6/2026,11:52,16:46,,4:54,
"Vilchis, Maria De Lourdes",LV,Manager,Fresno,AJ,6/6/2026,17:33,20:13,0:47,2:40,
"Vilchis, Maria De Lourdes",LV,Manager,Fresno,AJ,6/7/2026,11:44,14:57,,3:13,
"Vilchis, Maria De Lourdes",LV,Manager,Fresno,AJ,6/7/2026,15:07,16:38,0:10,1:41,
"Vilchis, Maria De Lourdes",LV,Manager,Fresno,AJ,6/7/2026,17:17,19:36,0:39,2:19,
"Vilchis, Maria De Lourdes",LV,Manager,Fresno,AJ,6/8/2026,11:41,16:10,,4:29,
"Vilchis, Maria De Lourdes",LV,Manager,Fresno,AJ,6/8/2026,17:01,20:40,0:51,3:39,
"Vilchis, Maria De Lourdes",LV,Manager,Fresno,AJ,6/9/2026,11:38,16:31,,4:53,
"Vilchis, Maria De Lourdes",LV,Manager,Fresno,AJ,6/9/2026,17:15,20:18,0:44,3:03,
"Vilchis, Maria De Lourdes",LV,Manager,Fresno,AJ,6/12/2026,11:50,16:17,,4:27,
"Vilchis, Maria De Lourdes",LV,Manager,Fresno,AJ,6/12/2026,17:13,20:06,0:56,2:53,
"Vilchis, Maria De Lourdes",LV,Manager,Fresno,AJ,6/13/2026,11:37,16:18,,4:41,
"Vilchis, Maria De Lourdes",LV,Manager,Fresno,AJ,6/13/2026,17:03,20:25,0:45,3:22,
"Vilchis, Maria De Lourdes",LV,Manager,Fresno,AJ,6/14/2026,11:48,16:41,,4:53,
"Vilchis, Maria De Lourdes",LV,Manager,Fresno,AJ,6/14/2026,17:16,18:22,0:35,1:06,
"Vilchis, Maria De Lourdes",LV,Manager,Fresno,AJ,6/15/2026,9:38,14:31,,4:53,
"Vilchis, Maria De Lourdes",LV,Manager,Fresno,AJ,6/15/2026,15:05,20:40,0:34,5:35,
"Vilchis, Maria De Lourdes",LV,Manager,Fresno,AJ,6/16/2026,9:28,14:22,,4:54,
"Vilchis, Maria De Lourdes",LV,Manager,Fresno,AJ,6/16/2026,15:01,20:44,0:39,5:43,
"Vilchis, Maria De Lourdes",LV,Manager,Fresno,AJ,6/19/2026,11:46,16:44,,4:58,
"Vilchis, Maria De Lourdes",LV,Manager,Fresno,AJ,6/19/2026,17:41,20:05,0:57,2:24,
"Vilchis, Maria De Lourdes",LV,Manager,Fresno,AJ,6/20/2026,11:39,15:51,,4:12,
"Vilchis, Maria De Lourdes",LV,Manager,Fresno,AJ,6/20/2026,16:24,20:47,0:33,4:23,
"Vilchis, Maria De Lourdes",LV,Manager,Fresno,AJ,6/21/2026,11:42,14:45,,3:03,
"Vilchis, Maria De Lourdes",LV,Manager,Fresno,AJ,6/21/2026,15:22,19:13,0:37,3:51,
"Vilchis, Maria De Lourdes",LV,Manager,Fresno,AJ,6/22/2026,11:45,16:40,,4:55,
"Vilchis, Maria De Lourdes",LV,Manager,Fresno,AJ,6/22/2026,17:34,20:20,0:54,2:46,
"Vilchis, Maria De Lourdes",LV,Manager,Fresno,AJ,6/23/2026,9:18,14:10,,4:52,
"Vilchis, Maria De Lourdes",LV,Manager,Fresno,AJ,6/23/2026,14:54,18:03,0:44,3:09,
"Vilchis, Maria De Lourdes",LV,Manager,Fresno,AJ,6/24/2026,9:42,14:32,,4:50,
"Vilchis, Maria De Lourdes",LV,Manager,Fresno,AJ,6/24/2026,15:10,18:36,0:38,3:26,
"Vilchis, Maria De Lourdes",LV,Manager,Fresno,AJ,6/26/2026,9:38,14:16,,4:38,
"Vilchis, Maria De Lourdes",LV,Manager,Fresno,AJ,6/26/2026,14:57,19:08,0:41,4:11,
"Vilchis, Maria De Lourdes",LV,Manager,Fresno,AJ,6/28/2026,11:50,16:16,,4:26,
"Vilchis, Maria De Lourdes",LV,Manager,Fresno,AJ,6/28/2026,16:54,19:24,0:38,2:30,
"Vilchis, Maria De Lourdes",LV,Manager,Fresno,AJ,6/29/2026,11:46,16:38,,4:52,
"Vilchis, Maria De Lourdes",LV,Manager,Fresno,AJ,6/29/2026,17:43,20:15,1:05,2:32,
"Vilchis, Maria De Lourdes",LV,Manager,Fresno,AJ,6/30/2026,11:46,15:15,,3:29,
"Vilchis, Maria De Lourdes",LV,Manager,Fresno,AJ,6/30/2026,15:28,16:00,0:13,0:42,
"Vilchis, Maria De Lourdes",LV,Manager,Fresno,AJ,6/30/2026,16:53,20:12,0:53,3:19,
"Zarate, Omar Na",OZ2,Sales Associate,Inland,Issa,6/1/2026,11:41,16:06,,4:25,
"Zarate, Omar Na",OZ2,Sales Associate,Inland,Issa,6/1/2026,16:45,20:18,0:39,3:33,
"Zarate, Omar Na",OZ2,Sales Associate,Inland,Issa,6/2/2026,9:07,13:28,,4:21,
"Zarate, Omar Na",OZ2,Sales Associate,Inland,Issa,6/2/2026,14:01,17:45,0:33,3:44,
"Zarate, Omar Na",OZ2,Sales Associate,Inland,Issa,6/3/2026,11:47,14:25,,2:38,
"Zarate, Omar Na",OZ2,Sales Associate,Inland,Issa,6/3/2026,15:31,20:00,1:06,4:29,
"Zarate, Omar Na",OZ2,Sales Associate,Inland,Issa,6/5/2026,9:34,11:33,,1:59,
"Zarate, Omar Na",OZ2,Sales Associate,Inland,Issa,6/6/2026,11:44,15:54,,4:10,
"Zarate, Omar Na",OZ2,Sales Associate,Inland,Issa,6/6/2026,16:42,20:27,0:48,3:45,
"Zarate, Omar Na",OZ2,Sales Associate,Inland,Issa,6/10/2026,11:41,14:23,,2:42,
"Zarate, Omar Na",OZ2,Sales Associate,Inland,Issa,6/10/2026,15:31,20:06,1:08,4:35,
"Zarate, Omar Na",OZ2,Sales Associate,Inland,Issa,6/12/2026,9:04,13:45,,4:41,
"Zarate, Omar Na",OZ2,Sales Associate,Inland,Issa,6/12/2026,15:38,17:59,1:53,2:21,
"Zarate, Omar Na",OZ2,Sales Associate,Inland,Issa,6/13/2026,9:01,13:39,,4:38,
"Zarate, Omar Na",OZ2,Sales Associate,Inland,Issa,6/13/2026,14:09,15:30,0:30,1:21,
"Zarate, Omar Na",OZ2,Sales Associate,Inland,Issa,6/13/2026,15:40,17:36,0:10,2:06,
"Zarate, Omar Na",OZ2,Sales Associate,Inland,Issa,6/14/2026,10:16,14:30,,4:14,
"Zarate, Omar Na",OZ2,Sales Associate,Inland,Issa,6/14/2026,15:03,19:29,0:33,4:26,
"Zarate, Omar Na",OZ2,Sales Associate,Inland,Issa,6/17/2026,11:47,16:15,,4:28,
"Zarate, Omar Na",OZ2,Sales Associate,Inland,Issa,6/17/2026,16:47,20:34,0:32,3:47,
"Zarate, Omar Na",OZ2,Sales Associate,Inland,Issa,6/18/2026,9:07,14:00,,4:53,
"Zarate, Omar Na",OZ2,Sales Associate,Inland,Issa,6/18/2026,14:30,18:19,0:30,3:49,
"Zarate, Omar Na",OZ2,Sales Associate,Inland,Issa,6/19/2026,9:00,13:26,,4:26,
"Zarate, Omar Na",OZ2,Sales Associate,Inland,Issa,6/19/2026,14:07,18:00,0:41,3:53,
"Zarate, Omar Na",OZ2,Sales Associate,Inland,Issa,6/20/2026,11:45,14:53,,3:08,
"Zarate, Omar Na",OZ2,Sales Associate,Inland,Issa,6/20/2026,15:04,16:28,0:11,1:34,
"Zarate, Omar Na",OZ2,Sales Associate,Inland,Issa,6/20/2026,17:10,20:07,0:42,2:57,
"Zarate, Omar Na",OZ2,Sales Associate,Inland,Issa,6/21/2026,10:18,14:21,,4:03,
"Zarate, Omar Na",OZ2,Sales Associate,Inland,Issa,6/21/2026,14:57,19:16,0:36,4:19,
"Zarate, Omar Na",OZ2,Sales Associate,Inland,Issa,6/23/2026,9:03,12:54,,3:51,
"Zarate, Omar Na",OZ2,Sales Associate,Inland,Issa,6/23/2026,13:03,13:29,0:09,0:35,
"Zarate, Omar Na",OZ2,Sales Associate,Inland,Issa,6/23/2026,14:14,17:44,0:45,3:30,
"Zarate, Omar Na",OZ2,Sales Associate,Inland,Issa,6/24/2026,11:46,15:25,,3:39,
"Zarate, Omar Na",OZ2,Sales Associate,Inland,Issa,6/24/2026,15:34,16:13,0:09,0:48,
"Zarate, Omar Na",OZ2,Sales Associate,Inland,Issa,6/24/2026,16:48,20:02,0:35,3:14,
"Zarate, Omar Na",OZ2,Sales Associate,Inland,Issa,6/25/2026,9:05,10:44,,1:39,
"Zarate, Omar Na",OZ2,Sales Associate,Inland,Issa,6/26/2026,9:06,13:51,,4:45,
"Zarate, Omar Na",OZ2,Sales Associate,Inland,Issa,6/26/2026,14:46,17:45,0:55,2:59,
"Zarate, Omar Na",OZ2,Sales Associate,Inland,Issa,6/27/2026,11:08,15:56,,4:48,
"Zarate, Omar Na",OZ2,Sales Associate,Inland,Issa,6/27/2026,16:29,20:01,0:33,3:32,
"Zarate, Omar Na",OZ2,Sales Associate,Inland,Issa,6/28/2026,10:22,14:59,,4:37,
"Zarate, Omar Na",OZ2,Sales Associate,Inland,Issa,6/28/2026,15:44,19:08,0:45,3:24,
